/*******************************************************************************
 * Size: 8 px
 * Bpp: 4
 * Opts: --bpp 4 --size 8 --font ../tools/fonts/Inter-Medium.otf -r 0x20-0x7F,0xA0-0x24F --font ../managed_components/lvgl__lvgl/scripts/built_in_font/FontAwesome5-Solid+Brands+Regular.woff -r 61441,61448,61451,61452,61453,61457,61459,61461,61465,61468,61473,61478,61479,61480,61502,61507,61512,61515,61516,61517,61521,61522,61523,61524,61543,61544,61550,61552,61553,61556,61559,61560,61561,61563,61587,61589,61636,61637,61639,61641,61664,61671,61674,61683,61724,61732,61787,61931,62016,62017,62018,62019,62020,62087,62099,62212,62189,62810,63426,63650,0xf185,0xf6c4,0xf0c2,0xf75f,0xf73d,0xf740,0xf2dc,0xf72e --format lvgl --no-compress -o font_pl_8.c
 ******************************************************************************/

#ifdef LV_LVGL_H_INCLUDE_SIMPLE
#include "lvgl.h"
#else
#include "lvgl/lvgl.h"
#endif

#ifndef FONT_PL_8
#define FONT_PL_8 1
#endif

#if FONT_PL_8

/*-----------------
 *    BITMAPS
 *----------------*/

/*Store the image of the glyphs*/
static LV_ATTRIBUTE_LARGE_CONST const uint8_t glyph_bitmap[] = {
    /* U+0020 " " */

    /* U+0021 "!" */
    0x4a, 0x3a, 0x3a, 0x3a, 0x14, 0x2, 0x3a,

    /* U+0022 "\"" */
    0x2a, 0xb1, 0x2a, 0xa1, 0x5, 0x60,

    /* U+0023 "#" */
    0x6, 0x45, 0x50, 0x82, 0x73, 0x6e, 0xce, 0xb0,
    0xa0, 0xa0, 0x9e, 0xbe, 0x71, 0x91, 0xa0, 0x37,
    0x38, 0x0,

    /* U+0024 "$" */
    0x0, 0x30, 0x0, 0x9e, 0xd2, 0x5a, 0x74, 0x63,
    0xc8, 0x0, 0x6, 0xeb, 0x10, 0x7, 0x7a, 0x57,
    0x75, 0x91, 0xcf, 0xd2, 0x0, 0x70, 0x0,

    /* U+0025 "%" */
    0xa, 0xa0, 0xa, 0x10, 0x18, 0x72, 0x47, 0x0,
    0x8, 0x90, 0xa0, 0x0, 0x0, 0x6, 0x40, 0x0,
    0x0, 0xa, 0x9, 0x80, 0x0, 0x82, 0x37, 0x91,
    0x2, 0x90, 0xb, 0xa0,

    /* U+0026 "&" */
    0x8, 0xc4, 0x0, 0x1c, 0x1b, 0x0, 0xe, 0xb7,
    0x0, 0xb, 0xd0, 0x10, 0x69, 0xa7, 0xb0, 0x86,
    0x1e, 0x70, 0x2c, 0xe9, 0xc0,

    /* U+0027 "'" */
    0x2a, 0x2a, 0x5,

    /* U+0028 "(" */
    0x0, 0x20, 0x76, 0xc, 0x10, 0xd0, 0x2b, 0x2,
    0xb0, 0xd, 0x0, 0xc1, 0x6, 0x70,

    /* U+0029 ")" */
    0x20, 0x6, 0x60, 0x1c, 0x0, 0xd0, 0xc, 0x10,
    0xc1, 0xd, 0x2, 0xb0, 0x75, 0x0,

    /* U+002A "*" */
    0x14, 0x62, 0x2c, 0xd4, 0x4b, 0xb6, 0x2, 0x40,

    /* U+002B "+" */
    0x0, 0xb0, 0x0, 0xb, 0x0, 0x3c, 0xfd, 0x70,
    0xb, 0x0, 0x0, 0x30, 0x0,

    /* U+002C "," */
    0x16, 0x57, 0x73,

    /* U+002D "-" */
    0x5d, 0xd1,

    /* U+002E "." */
    0x2, 0x3a,

    /* U+002F "/" */
    0x1, 0xa0, 0x57, 0x8, 0x30, 0xb0, 0xb, 0x4,
    0x80, 0x74, 0xb, 0x0,

    /* U+0030 "0" */
    0x8, 0xda, 0x3, 0xb0, 0x95, 0x76, 0x4, 0x98,
    0x50, 0x2b, 0x76, 0x3, 0x93, 0xb0, 0x96, 0x8,
    0xda, 0x0,

    /* U+0031 "1" */
    0x1d, 0xa8, 0x6a, 0x3, 0xa0, 0x3a, 0x3, 0xa0,
    0x3a, 0x3, 0xa0,

    /* U+0032 "2" */
    0xb, 0xe9, 0x5, 0x90, 0xb3, 0x0, 0xa, 0x20,
    0x3, 0xc0, 0x1, 0xd2, 0x0, 0xc4, 0x0, 0x6f,
    0xdd, 0x50,

    /* U+0033 "3" */
    0xa, 0xea, 0x4, 0x90, 0xa3, 0x0, 0xb, 0x30,
    0x1e, 0xb0, 0x0, 0x9, 0x65, 0x70, 0x87, 0x1b,
    0xeb, 0x10,

    /* U+0034 "4" */
    0x0, 0x4f, 0x0, 0xc, 0xe0, 0x4, 0x9c, 0x0,
    0xb2, 0xc0, 0x3a, 0xc, 0x8, 0xdd, 0xfb, 0x0,
    0xc, 0x0,

    /* U+0035 "5" */
    0x2f, 0xdd, 0x14, 0x80, 0x0, 0x5c, 0xc7, 0x1,
    0x31, 0xd3, 0x0, 0x8, 0x55, 0x70, 0xc3, 0x1c,
    0xe8, 0x0,

    /* U+0036 "6" */
    0x7, 0xeb, 0x2, 0xb0, 0x53, 0x7a, 0xca, 0x8,
    0xc1, 0xa6, 0x77, 0x5, 0x94, 0xb0, 0x96, 0x9,
    0xea, 0x0,

    /* U+0037 "7" */
    0x8d, 0xdf, 0x30, 0x0, 0xd0, 0x0, 0x68, 0x0,
    0xc, 0x20, 0x3, 0xb0, 0x0, 0xa4, 0x0, 0x1d,
    0x0, 0x0,

    /* U+0038 "8" */
    0xa, 0xea, 0x4, 0xb0, 0xa4, 0x2b, 0xb, 0x30,
    0xbf, 0xb0, 0x59, 0x9, 0x67, 0x80, 0x88, 0x1b,
    0xec, 0x10,

    /* U+0039 "9" */
    0xa, 0xea, 0x5, 0xa0, 0xb4, 0x86, 0x6, 0x85,
    0xa1, 0xb9, 0x9, 0xca, 0x73, 0x60, 0xa3, 0xa,
    0xe8, 0x0,

    /* U+003A ":" */
    0x0, 0x4a, 0x1, 0x0, 0x2, 0x3a,

    /* U+003B ";" */
    0x0, 0x2c, 0x1, 0x0, 0x16, 0x57, 0x73,

    /* U+003C "<" */
    0x0, 0x0, 0x0, 0x0, 0x86, 0x6, 0xd7, 0x4,
    0xf3, 0x0, 0x3, 0xca, 0x10, 0x0, 0x55,

    /* U+003D "=" */
    0x2d, 0xdd, 0x60, 0x0, 0x0, 0x2d, 0xdd, 0x60,

    /* U+003E ">" */
    0x0, 0x0, 0x1, 0xb2, 0x0, 0x4, 0xc9, 0x10,
    0x0, 0xca, 0x7, 0xd6, 0x1, 0x80, 0x0,

    /* U+003F "?" */
    0x2c, 0xd4, 0x64, 0x2b, 0x0, 0x5a, 0x3, 0xd1,
    0x6, 0x50, 0x1, 0x0, 0x8, 0x50,

    /* U+0040 "@" */
    0x0, 0x9c, 0xb9, 0x0, 0xb, 0x40, 0x4, 0xa0,
    0x39, 0x0, 0x0, 0x92, 0x65, 0x2b, 0xa7, 0x65,
    0x83, 0x91, 0x48, 0x55, 0x65, 0xa0, 0x48, 0x63,
    0x39, 0x4c, 0x9b, 0xa0, 0xb, 0x50, 0x0, 0x0,
    0x0, 0x9c, 0xc9, 0x0,

    /* U+0041 "A" */
    0x0, 0xd8, 0x0, 0x2, 0xac, 0x0, 0x7, 0x6c,
    0x10, 0xc, 0x17, 0x60, 0x1f, 0xdd, 0xb0, 0x58,
    0x0, 0xd0, 0xa4, 0x0, 0x95,

    /* U+0042 "B" */
    0x5e, 0xdd, 0x25, 0x80, 0x67, 0x58, 0x7, 0x75,
    0xec, 0xe1, 0x58, 0x4, 0xa5, 0x80, 0x3b, 0x5e,
    0xde, 0x40,

    /* U+0043 "C" */
    0x5, 0xde, 0x70, 0x1d, 0x11, 0xd3, 0x67, 0x0,
    0x21, 0x85, 0x0, 0x0, 0x67, 0x0, 0x22, 0x2d,
    0x11, 0xd3, 0x5, 0xde, 0x60,

    /* U+0044 "D" */
    0x5f, 0xec, 0x30, 0x58, 0x3, 0xd0, 0x58, 0x0,
    0xa3, 0x58, 0x0, 0x84, 0x58, 0x0, 0xa3, 0x58,
    0x3, 0xd0, 0x5f, 0xec, 0x30,

    /* U+0045 "E" */
    0x5e, 0xdd, 0x45, 0x80, 0x0, 0x58, 0x0, 0x5,
    0xed, 0xd1, 0x58, 0x0, 0x5, 0x80, 0x0, 0x5e,
    0xdd, 0x40,

    /* U+0046 "F" */
    0x5e, 0xdd, 0x35, 0x80, 0x0, 0x58, 0x0, 0x5,
    0xed, 0xd0, 0x58, 0x0, 0x5, 0x80, 0x0, 0x58,
    0x0, 0x0,

    /* U+0047 "G" */
    0x5, 0xde, 0x70, 0x1d, 0x11, 0xc4, 0x67, 0x0,
    0x0, 0x85, 0xa, 0xd7, 0x67, 0x0, 0x86, 0x2d,
    0x11, 0xd2, 0x5, 0xde, 0x60,

    /* U+0048 "H" */
    0x58, 0x0, 0x94, 0x58, 0x0, 0x94, 0x58, 0x0,
    0x94, 0x5e, 0xdd, 0xe4, 0x58, 0x0, 0x94, 0x58,
    0x0, 0x94, 0x58, 0x0, 0x94,

    /* U+0049 "I" */
    0x58, 0x58, 0x58, 0x58, 0x58, 0x58, 0x58,

    /* U+004A "J" */
    0x0, 0xd, 0x0, 0xd, 0x0, 0xd, 0x0, 0xd,
    0x41, 0xd, 0x76, 0x1c, 0x1d, 0xe5,

    /* U+004B "K" */
    0x58, 0x4, 0xd0, 0x58, 0x1d, 0x20, 0x58, 0xb5,
    0x0, 0x5d, 0xf3, 0x0, 0x5c, 0x3c, 0x0, 0x58,
    0xa, 0x60, 0x58, 0x1, 0xd1,

    /* U+004C "L" */
    0x58, 0x0, 0x5, 0x80, 0x0, 0x58, 0x0, 0x5,
    0x80, 0x0, 0x58, 0x0, 0x5, 0x80, 0x0, 0x5e,
    0xdd, 0x20,

    /* U+004D "M" */
    0x5f, 0x10, 0xd, 0xa5, 0xe6, 0x2, 0xea, 0x5a,
    0xb0, 0x6a, 0xa5, 0x8d, 0x1b, 0x5a, 0x58, 0x86,
    0xc3, 0xa5, 0x83, 0xd7, 0x3a, 0x58, 0xe, 0x23,
    0xa0,

    /* U+004E "N" */
    0x5e, 0x0, 0x76, 0x5e, 0x70, 0x76, 0x59, 0xd0,
    0x76, 0x58, 0x78, 0x76, 0x58, 0xd, 0x96, 0x58,
    0x6, 0xe6, 0x58, 0x0, 0xd6,

    /* U+004F "O" */
    0x5, 0xde, 0x60, 0x1d, 0x11, 0xc3, 0x67, 0x0,
    0x58, 0x85, 0x0, 0x3a, 0x67, 0x0, 0x58, 0x1d,
    0x11, 0xc3, 0x5, 0xde, 0x60,

    /* U+0050 "P" */
    0x5e, 0xec, 0x15, 0x80, 0x79, 0x58, 0x3, 0xb5,
    0x80, 0x88, 0x5e, 0xdb, 0x15, 0x80, 0x0, 0x58,
    0x0, 0x0,

    /* U+0051 "Q" */
    0x5, 0xde, 0x60, 0x1d, 0x11, 0xc3, 0x67, 0x0,
    0x58, 0x85, 0x0, 0x3a, 0x67, 0x3, 0x58, 0x1d,
    0x1b, 0xd3, 0x5, 0xde, 0xd0, 0x0, 0x0, 0x42,

    /* U+0052 "R" */
    0x5e, 0xec, 0x15, 0x80, 0x79, 0x58, 0x3, 0xb5,
    0x80, 0x88, 0x5e, 0xee, 0x15, 0x80, 0xd2, 0x58,
    0x5, 0xa0,

    /* U+0053 "S" */
    0xa, 0xec, 0x15, 0xa0, 0x68, 0x3c, 0x10, 0x0,
    0x6e, 0xb1, 0x0, 0x7, 0xa7, 0x90, 0x6a, 0xb,
    0xec, 0x20,

    /* U+0054 "T" */
    0x8d, 0xfd, 0xc0, 0xd, 0x0, 0x0, 0xd0, 0x0,
    0xd, 0x0, 0x0, 0xd0, 0x0, 0xd, 0x0, 0x0,
    0xd0, 0x0,

    /* U+0055 "U" */
    0x58, 0x0, 0x94, 0x58, 0x0, 0x94, 0x58, 0x0,
    0x94, 0x58, 0x0, 0x94, 0x59, 0x0, 0xa4, 0x2e,
    0x22, 0xe1, 0x6, 0xee, 0x50,

    /* U+0056 "V" */
    0xa4, 0x0, 0xa5, 0x59, 0x0, 0xe0, 0x1d, 0x3,
    0xb0, 0xb, 0x27, 0x60, 0x7, 0x7c, 0x20, 0x2,
    0xbc, 0x0, 0x0, 0xd8, 0x0,

    /* U+0057 "W" */
    0xa3, 0x9, 0x90, 0x3b, 0x77, 0xc, 0xc0, 0x77,
    0x3a, 0xc, 0xc0, 0xa4, 0xd, 0x39, 0x93, 0xd0,
    0xc, 0x85, 0x57, 0xc0, 0x8, 0xd2, 0x1d, 0x90,
    0x5, 0xe0, 0xe, 0x50,

    /* U+0058 "X" */
    0x5a, 0x1, 0xd0, 0xc, 0x39, 0x60, 0x3, 0xcc,
    0x0, 0x0, 0xd7, 0x0, 0x5, 0xad, 0x0, 0xd,
    0x27, 0x80, 0x78, 0x0, 0xd2,

    /* U+0059 "Y" */
    0x87, 0x0, 0xd2, 0x1e, 0x6, 0x90, 0x8, 0x7d,
    0x20, 0x1, 0xe9, 0x0, 0x0, 0xa3, 0x0, 0x0,
    0xa3, 0x0, 0x0, 0xa3, 0x0,

    /* U+005A "Z" */
    0x7d, 0xde, 0x90, 0x0, 0xc2, 0x0, 0x59, 0x0,
    0xd, 0x10, 0x7, 0x70, 0x1, 0xd0, 0x0, 0x7f,
    0xdd, 0x90,

    /* U+005B "[" */
    0x2d, 0x62, 0xa0, 0x2a, 0x2, 0xa0, 0x2a, 0x2,
    0xa0, 0x2a, 0x2, 0xd6,

    /* U+005C "\\" */
    0xb0, 0x7, 0x40, 0x48, 0x0, 0xb0, 0xb, 0x0,
    0x83, 0x5, 0x70, 0x1a,

    /* U+005D "]" */
    0x6d, 0x10, 0xb1, 0xb, 0x10, 0xb1, 0xb, 0x10,
    0xb1, 0xb, 0x16, 0xd1,

    /* U+005E "^" */
    0xb, 0x80, 0x19, 0xb0, 0x74, 0x65,

    /* U+005F "_" */
    0xdd, 0xd9,

    /* U+0060 "`" */
    0x0, 0x1, 0xa0, 0x2, 0x0,

    /* U+0061 "a" */
    0x1c, 0xc7, 0x22, 0xe, 0x3b, 0xae, 0x94, 0x1f,
    0x3c, 0xad,

    /* U+0062 "b" */
    0x66, 0x0, 0x6, 0x60, 0x0, 0x6b, 0xdb, 0x6,
    0xb0, 0x96, 0x67, 0x5, 0x86, 0xb0, 0x96, 0x6a,
    0xdb, 0x0,

    /* U+0063 "c" */
    0xb, 0xd8, 0x7, 0x90, 0x70, 0x94, 0x0, 0x7,
    0x90, 0x70, 0xb, 0xd8, 0x0,

    /* U+0064 "d" */
    0x0, 0x7, 0x50, 0x0, 0x75, 0x1c, 0xdb, 0x57,
    0x80, 0xc5, 0x94, 0x8, 0x57, 0x90, 0xc5, 0x1c,
    0xda, 0x50,

    /* U+0065 "e" */
    0xb, 0xd8, 0x7, 0x80, 0xb2, 0x9c, 0xbc, 0x47,
    0x70, 0x40, 0xb, 0xd9, 0x0,

    /* U+0066 "f" */
    0x9, 0xb1, 0xc0, 0xcf, 0x91, 0xc0, 0x1c, 0x1,
    0xc0, 0x1c, 0x0,

    /* U+0067 "g" */
    0xb, 0xcb, 0x57, 0x80, 0xb5, 0x94, 0x8, 0x57,
    0x80, 0xb5, 0x1c, 0xdb, 0x51, 0x20, 0x94, 0x1b,
    0xc9, 0x0,

    /* U+0068 "h" */
    0x66, 0x0, 0x6, 0x60, 0x0, 0x6a, 0xd9, 0x6,
    0xa0, 0xc2, 0x67, 0x9, 0x36, 0x60, 0x93, 0x66,
    0x9, 0x30,

    /* U+0069 "i" */
    0x66, 0x0, 0x66, 0x66, 0x66, 0x66, 0x66,

    /* U+006A "j" */
    0x6, 0x60, 0x0, 0x6, 0x60, 0x66, 0x6, 0x60,
    0x66, 0x6, 0x60, 0x76, 0x1c, 0x10,

    /* U+006B "k" */
    0x66, 0x0, 0x6, 0x60, 0x0, 0x66, 0x3c, 0x6,
    0x8d, 0x20, 0x6f, 0xc0, 0x6, 0x7a, 0x60, 0x66,
    0x1d, 0x10,

    /* U+006C "l" */
    0x66, 0x66, 0x66, 0x66, 0x66, 0x66, 0x66,

    /* U+006D "m" */
    0x6a, 0xd7, 0xbd, 0x26, 0x90, 0xf1, 0x77, 0x66,
    0xd, 0x5, 0x86, 0x60, 0xd0, 0x58, 0x66, 0xd,
    0x5, 0x80,

    /* U+006E "n" */
    0x6a, 0xd9, 0x6, 0xa0, 0xc2, 0x67, 0x9, 0x36,
    0x60, 0x93, 0x66, 0x9, 0x30,

    /* U+006F "o" */
    0xb, 0xe9, 0x7, 0x90, 0xb4, 0x94, 0x7, 0x67,
    0x90, 0xb4, 0xb, 0xe9, 0x0,

    /* U+0070 "p" */
    0x6a, 0xdb, 0x6, 0xb0, 0x96, 0x67, 0x5, 0x86,
    0xb0, 0x96, 0x6b, 0xdb, 0x6, 0x60, 0x0, 0x66,
    0x0, 0x0,

    /* U+0071 "q" */
    0x1c, 0xcb, 0x57, 0x80, 0xb5, 0x94, 0x8, 0x57,
    0x90, 0xc5, 0x1c, 0xdb, 0x50, 0x0, 0x75, 0x0,
    0x7, 0x50,

    /* U+0072 "r" */
    0x6b, 0xd6, 0xa0, 0x67, 0x6, 0x60, 0x66, 0x0,

    /* U+0073 "s" */
    0x1b, 0xc5, 0x68, 0x4, 0x1a, 0xc5, 0x32, 0x1d,
    0x2c, 0xc6,

    /* U+0074 "t" */
    0x49, 0xc, 0xe5, 0x49, 0x4, 0x90, 0x49, 0x0,
    0xc6,

    /* U+0075 "u" */
    0x66, 0x9, 0x36, 0x60, 0x93, 0x66, 0xa, 0x35,
    0x90, 0xd3, 0xc, 0xcb, 0x30,

    /* U+0076 "v" */
    0xa4, 0xa, 0x45, 0x80, 0xd0, 0xd, 0x49, 0x0,
    0xaa, 0x40, 0x5, 0xe0, 0x0,

    /* U+0077 "w" */
    0xa3, 0x3d, 0x9, 0x46, 0x77, 0xd1, 0xd0, 0x2b,
    0xa6, 0x6b, 0x0, 0xca, 0x2c, 0x70, 0x9, 0x80,
    0xe3, 0x0,

    /* U+0078 "x" */
    0x68, 0x1d, 0x0, 0xca, 0x40, 0x6, 0xe0, 0x0,
    0xc9, 0x50, 0x77, 0x1d, 0x0,

    /* U+0079 "y" */
    0xa4, 0xa, 0x45, 0x80, 0xd0, 0xd, 0x49, 0x0,
    0xaa, 0x40, 0x5, 0xe0, 0x0, 0x49, 0x0, 0x5d,
    0x20, 0x0,

    /* U+007A "z" */
    0x5d, 0xde, 0x0, 0x96, 0x4, 0xb0, 0xd, 0x10,
    0x7f, 0xdd,

    /* U+007B "{" */
    0x3, 0xc0, 0x8, 0x40, 0x9, 0x30, 0xb, 0x20,
    0x6b, 0x0, 0xb, 0x30, 0x8, 0x40, 0x2, 0xb0,

    /* U+007C "|" */
    0xcc, 0xcc, 0xcc, 0xcc, 0xcc, 0xc0,

    /* U+007D "}" */
    0x69, 0x0, 0xc0, 0xa, 0x10, 0x94, 0x3, 0xe0,
    0xa3, 0xc, 0x16, 0x80,

    /* U+007E "~" */
    0xc, 0x92, 0x62, 0x55, 0xd4,

    /* U+00A0 " " */

    /* U+00A1 "¡" */
    0x3a, 0x2, 0x3a, 0x3a, 0x3a, 0x3a, 0x15,

    /* U+00A2 "¢" */
    0x0, 0x80, 0x1, 0xde, 0xb0, 0x57, 0x75, 0x8,
    0x47, 0x0, 0x57, 0x76, 0x11, 0xde, 0xb0, 0x0,
    0x80, 0x0,

    /* U+00A3 "£" */
    0x6, 0xeb, 0x0, 0xe0, 0x64, 0xc, 0x0, 0x6,
    0xfb, 0x60, 0xd, 0x0, 0x0, 0xc0, 0x23, 0x9e,
    0xdd, 0x40,

    /* U+00A4 "¤" */
    0x49, 0xbb, 0x93, 0xc, 0x1, 0xd0, 0x46, 0x0,
    0x92, 0x46, 0x0, 0x82, 0x1c, 0x0, 0xd0, 0x4a,
    0xcc, 0xa3,

    /* U+00A5 "¥" */
    0xb3, 0xc, 0x26, 0x81, 0xd0, 0x1d, 0x58, 0x0,
    0xbd, 0x20, 0x5c, 0xf9, 0x5, 0xbe, 0x90, 0x3,
    0xa0, 0x0,

    /* U+00A6 "¦" */
    0x38, 0x38, 0x38, 0x0, 0x0, 0x38, 0x38, 0x38,

    /* U+00A7 "§" */
    0xa, 0xc5, 0x2, 0xa0, 0x60, 0xe, 0x80, 0x7,
    0x8b, 0xc0, 0x37, 0xb, 0x0, 0x28, 0x60, 0x25,
    0x1b, 0x0, 0xab, 0x40,

    /* U+00A8 "¨" */
    0xb2, 0x90, 0x0,

    /* U+00A9 "©" */
    0x0, 0x9d, 0xb2, 0x0, 0xb5, 0x2, 0xc1, 0x2a,
    0x4c, 0x85, 0x74, 0x7b, 0x6, 0x39, 0x2a, 0xb0,
    0x66, 0x70, 0xba, 0xca, 0xd1, 0x0, 0x9d, 0xb2,
    0x0,

    /* U+00AA "ª" */
    0x4a, 0xa0, 0x47, 0xb3, 0x79, 0xc3,

    /* U+00AB "«" */
    0x7, 0x8b, 0x33, 0xc8, 0x70, 0x5a, 0xa5, 0x0,
    0x97, 0xc2, 0x0, 0x21, 0x10,

    /* U+00AC "¬" */
    0x1d, 0xde, 0x30, 0x0, 0x83, 0x0, 0x0, 0x0,

    /* U+00AE "®" */
    0x5, 0xa8, 0x3, 0x80, 0x38, 0x83, 0x84, 0x88,
    0x4a, 0x59, 0x39, 0x26, 0x80, 0x5a, 0x80,

    /* U+00AF "¯" */
    0x2a, 0xa0,

    /* U+00B0 "°" */
    0x1a, 0x80, 0x64, 0x91, 0x1a, 0x80,

    /* U+00B1 "±" */
    0x0, 0xb0, 0x2, 0xdf, 0xd7, 0x0, 0xb0, 0x0,
    0x3, 0x0, 0x2d, 0xdd, 0x70,

    /* U+00B2 "²" */
    0x4a, 0xa0, 0x4, 0x90, 0x6e, 0x91,

    /* U+00B3 "³" */
    0x3a, 0xa0, 0x4, 0xb0, 0x4a, 0xb1,

    /* U+00B4 "´" */
    0x1, 0x1, 0xb0, 0x11, 0x0,

    /* U+00B5 "µ" */
    0x66, 0x9, 0x36, 0x60, 0x93, 0x67, 0xa, 0x36,
    0x90, 0xc4, 0x6c, 0xd9, 0xb6, 0x60, 0x0, 0x66,
    0x0, 0x0,

    /* U+00B6 "¶" */
    0x1c, 0xef, 0x26, 0xfa, 0xa2, 0x8f, 0xaa, 0x22,
    0xfa, 0xa2, 0x2, 0x3a, 0x20, 0x0, 0xa2, 0x0,
    0xa, 0x20,

    /* U+00B7 "·" */
    0x0, 0x4a, 0x1,

    /* U+00B8 "¸" */
    0x1c, 0x2, 0x80,

    /* U+00B9 "¹" */
    0x5e, 0x0, 0xb0, 0xb, 0x0,

    /* U+00BA "º" */
    0x3a, 0xa2, 0x92, 0x47, 0x3a, 0xa2,

    /* U+00BB "»" */
    0x5a, 0xa4, 0x0, 0x97, 0xc1, 0x7, 0x8c, 0x33,
    0xb8, 0x60, 0x10, 0x20, 0x0,

    /* U+00BC "¼" */
    0x7b, 0x0, 0x82, 0x0, 0xa0, 0x38, 0x0, 0xa,
    0xa, 0x0, 0x0, 0x67, 0x45, 0xd0, 0x1, 0x90,
    0xaa, 0x0, 0xa1, 0x3b, 0xd2, 0x3, 0x0, 0x3,
    0x0,

    /* U+00BD "½" */
    0x59, 0x0, 0x53, 0x2, 0xa0, 0x1a, 0x0, 0xa,
    0x9, 0x20, 0x0, 0x83, 0x74, 0xa2, 0x0, 0xa0,
    0x26, 0x50, 0x64, 0x1, 0xa0, 0x8, 0x0, 0x8b,
    0x50,

    /* U+00BE "¾" */
    0x39, 0x40, 0x8, 0x0, 0x96, 0x7, 0x40, 0x0,
    0xb2, 0x90, 0x4, 0xa4, 0xa1, 0x86, 0x0, 0x64,
    0x39, 0x70, 0x19, 0x8, 0xbb, 0x2, 0x10, 0x1,
    0x20,

    /* U+00BF "¿" */
    0x2, 0xb0, 0x0, 0x20, 0x2, 0x90, 0xb, 0x60,
    0x79, 0x0, 0x76, 0x19, 0x1d, 0xc4,

    /* U+00C0 "À" */
    0x0, 0x0, 0x0, 0x0, 0xb0, 0x0, 0x0, 0xd8,
    0x0, 0x2, 0xac, 0x0, 0x7, 0x6c, 0x10, 0xc,
    0x17, 0x60, 0x1f, 0xdd, 0xb0, 0x58, 0x0, 0xd0,
    0xa4, 0x0, 0x95,

    /* U+00C1 "Á" */
    0x0, 0x0, 0x0, 0x0, 0x48, 0x0, 0x0, 0xd8,
    0x0, 0x2, 0xac, 0x0, 0x7, 0x6c, 0x10, 0xc,
    0x17, 0x60, 0x1f, 0xdd, 0xb0, 0x58, 0x0, 0xd0,
    0xa4, 0x0, 0x95,

    /* U+00C2 "Â" */
    0x0, 0x63, 0x0, 0x2, 0x46, 0x0, 0x0, 0xd8,
    0x0, 0x2, 0xac, 0x0, 0x7, 0x6c, 0x10, 0xc,
    0x17, 0x60, 0x1f, 0xdd, 0xb0, 0x58, 0x0, 0xd0,
    0xa4, 0x0, 0x95,

    /* U+00C3 "Ã" */
    0x1, 0x86, 0x0, 0x4, 0x48, 0x0, 0x0, 0xd8,
    0x0, 0x2, 0xac, 0x0, 0x7, 0x6c, 0x10, 0xc,
    0x17, 0x60, 0x1f, 0xdd, 0xb0, 0x58, 0x0, 0xd0,
    0xa4, 0x0, 0x95,

    /* U+00C4 "Ä" */
    0x5, 0x5a, 0x10, 0x0, 0x0, 0x0, 0x0, 0xd8,
    0x0, 0x2, 0xac, 0x0, 0x7, 0x6c, 0x10, 0xc,
    0x17, 0x60, 0x1f, 0xdd, 0xb0, 0x58, 0x0, 0xd0,
    0xa4, 0x0, 0x95,

    /* U+00C5 "Å" */
    0x0, 0x96, 0x0, 0x0, 0x96, 0x0, 0x0, 0xd8,
    0x0, 0x2, 0xac, 0x0, 0x7, 0x6c, 0x10, 0xc,
    0x17, 0x60, 0x1f, 0xdd, 0xb0, 0x58, 0x0, 0xd0,
    0xa4, 0x0, 0x95,

    /* U+00C6 "Æ" */
    0x0, 0x4d, 0xfd, 0xd6, 0x0, 0xa5, 0xb0, 0x0,
    0x1, 0xc1, 0xb0, 0x0, 0x7, 0x61, 0xfd, 0xd4,
    0xd, 0xcc, 0xb0, 0x0, 0x3a, 0x1, 0xb0, 0x0,
    0x95, 0x1, 0xfd, 0xd7,

    /* U+00C7 "Ç" */
    0x5, 0xde, 0x70, 0x1d, 0x11, 0xd3, 0x67, 0x0,
    0x22, 0x85, 0x0, 0x0, 0x77, 0x0, 0x21, 0x2d,
    0x10, 0xc2, 0x6, 0xee, 0x70, 0x0, 0x37, 0x0,
    0x0, 0x3a, 0x0,

    /* U+00C8 "È" */
    0x0, 0x0, 0x0, 0x38, 0x0, 0x5e, 0xdd, 0x45,
    0x80, 0x0, 0x58, 0x0, 0x5, 0xed, 0xd1, 0x58,
    0x0, 0x5, 0x80, 0x0, 0x5e, 0xdd, 0x40,

    /* U+00C9 "É" */
    0x0, 0x0, 0x0, 0x9, 0x30, 0x5e, 0xdd, 0x45,
    0x80, 0x0, 0x58, 0x0, 0x5, 0xed, 0xd1, 0x58,
    0x0, 0x5, 0x80, 0x0, 0x5e, 0xdd, 0x40,

    /* U+00CA "Ê" */
    0x1, 0x71, 0x0, 0x42, 0x50, 0x5e, 0xdd, 0x45,
    0x80, 0x0, 0x58, 0x0, 0x5, 0xed, 0xd1, 0x58,
    0x0, 0x5, 0x80, 0x0, 0x5e, 0xdd, 0x40,

    /* U+00CB "Ë" */
    0xa, 0x2a, 0x0, 0x0, 0x0, 0x5e, 0xdd, 0x45,
    0x80, 0x0, 0x58, 0x0, 0x5, 0xed, 0xd1, 0x58,
    0x0, 0x5, 0x80, 0x0, 0x5e, 0xdd, 0x40,

    /* U+00CC "Ì" */
    0x0, 0x92, 0x58, 0x58, 0x58, 0x58, 0x58, 0x58,
    0x58,

    /* U+00CD "Í" */
    0x0, 0x0, 0xb0, 0x58, 0x5, 0x80, 0x58, 0x5,
    0x80, 0x58, 0x5, 0x80, 0x58, 0x0,

    /* U+00CE "Î" */
    0x4, 0x50, 0x5, 0x41, 0x5, 0x80, 0x5, 0x80,
    0x5, 0x80, 0x5, 0x80, 0x5, 0x80, 0x5, 0x80,
    0x5, 0x80,

    /* U+00CF "Ï" */
    0x29, 0x74, 0x0, 0x0, 0x5, 0x80, 0x5, 0x80,
    0x5, 0x80, 0x5, 0x80, 0x5, 0x80, 0x5, 0x80,
    0x5, 0x80,

    /* U+00D0 "Ð" */
    0x2f, 0xed, 0x40, 0x2b, 0x1, 0xd1, 0x2b, 0x0,
    0x75, 0xbe, 0xb1, 0x67, 0x2b, 0x0, 0x75, 0x2b,
    0x2, 0xd1, 0x2f, 0xed, 0x40,

    /* U+00D1 "Ñ" */
    0x0, 0x85, 0x20, 0x1, 0x59, 0x0, 0x5e, 0x0,
    0x76, 0x5e, 0x70, 0x76, 0x59, 0xd0, 0x76, 0x58,
    0x78, 0x76, 0x58, 0xd, 0x96, 0x58, 0x6, 0xe6,
    0x58, 0x0, 0xd6,

    /* U+00D2 "Ò" */
    0x0, 0x0, 0x0, 0x0, 0xa1, 0x0, 0x0, 0x11,
    0x0, 0x5, 0xde, 0x60, 0x1d, 0x11, 0xc3, 0x67,
    0x0, 0x58, 0x85, 0x0, 0x3a, 0x67, 0x0, 0x58,
    0x1d, 0x11, 0xc3, 0x5, 0xde, 0x60,

    /* U+00D3 "Ó" */
    0x0, 0x0, 0x0, 0x0, 0xb, 0x0, 0x0, 0x1,
    0x0, 0x5, 0xde, 0x60, 0x1d, 0x11, 0xc3, 0x67,
    0x0, 0x58, 0x85, 0x0, 0x3a, 0x67, 0x0, 0x58,
    0x1d, 0x11, 0xc3, 0x5, 0xde, 0x60,

    /* U+00D4 "Ô" */
    0x0, 0x45, 0x0, 0x0, 0x54, 0x10, 0x5, 0xde,
    0x60, 0x1d, 0x11, 0xc3, 0x67, 0x0, 0x58, 0x85,
    0x0, 0x3a, 0x67, 0x0, 0x58, 0x1d, 0x11, 0xc3,
    0x5, 0xde, 0x60,

    /* U+00D5 "Õ" */
    0x0, 0x84, 0x20, 0x1, 0x69, 0x0, 0x5, 0xde,
    0x60, 0x1d, 0x11, 0xc3, 0x67, 0x0, 0x58, 0x85,
    0x0, 0x3a, 0x67, 0x0, 0x58, 0x1d, 0x11, 0xc3,
    0x5, 0xde, 0x60,

    /* U+00D6 "Ö" */
    0x2, 0x97, 0x40, 0x0, 0x0, 0x0, 0x5, 0xde,
    0x60, 0x1d, 0x11, 0xc3, 0x67, 0x0, 0x58, 0x85,
    0x0, 0x3a, 0x67, 0x0, 0x58, 0x1d, 0x11, 0xc3,
    0x5, 0xde, 0x60,

    /* U+00D7 "×" */
    0x6, 0x3, 0x40, 0xa8, 0xd2, 0x1, 0xf7, 0x0,
    0xc5, 0xc3, 0x4, 0x1, 0x20,

    /* U+00D8 "Ø" */
    0x0, 0x0, 0x0, 0x5, 0xdd, 0xc2, 0x1d, 0x14,
    0xf3, 0x67, 0xb, 0x88, 0x86, 0x67, 0x3a, 0x6a,
    0xc0, 0x58, 0x2f, 0x61, 0xc3, 0x1c, 0xde, 0x60,
    0x0, 0x0, 0x0,

    /* U+00D9 "Ù" */
    0x0, 0x0, 0x0, 0x0, 0xb0, 0x0, 0x0, 0x11,
    0x0, 0x58, 0x0, 0x94, 0x58, 0x0, 0x94, 0x58,
    0x0, 0x94, 0x58, 0x0, 0x94, 0x59, 0x0, 0xa4,
    0x2e, 0x22, 0xe1, 0x6, 0xee, 0x50,

    /* U+00DA "Ú" */
    0x0, 0x0, 0x0, 0x0, 0x1b, 0x0, 0x0, 0x11,
    0x0, 0x58, 0x0, 0x94, 0x58, 0x0, 0x94, 0x58,
    0x0, 0x94, 0x58, 0x0, 0x94, 0x59, 0x0, 0xa4,
    0x2e, 0x22, 0xe1, 0x6, 0xee, 0x50,

    /* U+00DB "Û" */
    0x0, 0x54, 0x0, 0x1, 0x55, 0x0, 0x58, 0x0,
    0x94, 0x58, 0x0, 0x94, 0x58, 0x0, 0x94, 0x58,
    0x0, 0x94, 0x59, 0x0, 0xa4, 0x2e, 0x22, 0xe1,
    0x6, 0xee, 0x50,

    /* U+00DC "Ü" */
    0x4, 0x78, 0x30, 0x0, 0x0, 0x0, 0x58, 0x0,
    0x94, 0x58, 0x0, 0x94, 0x58, 0x0, 0x94, 0x58,
    0x0, 0x94, 0x59, 0x0, 0xa4, 0x2e, 0x22, 0xe1,
    0x6, 0xee, 0x50,

    /* U+00DD "Ý" */
    0x0, 0x0, 0x0, 0x0, 0x47, 0x0, 0x87, 0x0,
    0xd2, 0x1e, 0x6, 0x90, 0x8, 0x7d, 0x20, 0x1,
    0xe9, 0x0, 0x0, 0xa3, 0x0, 0x0, 0xa3, 0x0,
    0x0, 0xa3, 0x0,

    /* U+00DE "Þ" */
    0x68, 0x0, 0x6, 0x80, 0x0, 0x6e, 0xda, 0x6,
    0x80, 0x87, 0x68, 0x8, 0x76, 0xed, 0xa0, 0x68,
    0x0, 0x0,

    /* U+00DF "ß" */
    0xb, 0xe9, 0x3, 0xb0, 0xc3, 0x58, 0xc, 0x15,
    0x8b, 0xb0, 0x58, 0x7, 0x75, 0x80, 0x67, 0x58,
    0xbd, 0x10,

    /* U+00E0 "à" */
    0x0, 0x0, 0x8, 0x30, 0x0, 0x20, 0x1c, 0xc7,
    0x22, 0xe, 0x3b, 0xae, 0x94, 0x1f, 0x3c, 0xad,

    /* U+00E1 "á" */
    0x0, 0x0, 0x0, 0xb1, 0x0, 0x20, 0x1c, 0xc7,
    0x22, 0xe, 0x3b, 0xae, 0x94, 0x1f, 0x3c, 0xad,

    /* U+00E2 "â" */
    0x9, 0xa2, 0x0, 0x0, 0x1c, 0xc7, 0x22, 0xe,
    0x3b, 0xae, 0x94, 0x1f, 0x3c, 0xad,

    /* U+00E3 "ã" */
    0x7, 0x92, 0x0, 0x0, 0x1c, 0xc7, 0x22, 0xe,
    0x3b, 0xae, 0x94, 0x1f, 0x3c, 0xad,

    /* U+00E4 "ä" */
    0xb, 0x57, 0x0, 0x0, 0x1c, 0xc7, 0x22, 0xe,
    0x3b, 0xae, 0x94, 0x1f, 0x3c, 0xad,

    /* U+00E5 "å" */
    0x4, 0x80, 0x8, 0x52, 0x4, 0x80, 0x1c, 0xc7,
    0x22, 0xe, 0x3b, 0xae, 0x94, 0x1f, 0x3c, 0xad,

    /* U+00E6 "æ" */
    0x1c, 0xd8, 0xdd, 0x42, 0x30, 0xe2, 0x2c, 0x2a,
    0xbe, 0xbb, 0xc9, 0x51, 0xf2, 0x4, 0x3d, 0xc5,
    0xdc, 0x50,

    /* U+00E7 "ç" */
    0xa, 0xd8, 0x6, 0x80, 0x80, 0x94, 0x0, 0x6,
    0x70, 0x40, 0x1d, 0xac, 0x0, 0xb, 0x10, 0x0,
    0xa3, 0x0,

    /* U+00E8 "è" */
    0x0, 0x0, 0x0, 0x66, 0x0, 0x0, 0x20, 0x0,
    0xbd, 0x80, 0x78, 0xb, 0x29, 0xcb, 0xc4, 0x77,
    0x4, 0x0, 0xbd, 0x90,

    /* U+00E9 "é" */
    0x0, 0x0, 0x0, 0xa, 0x20, 0x0, 0x20, 0x0,
    0xbd, 0x80, 0x78, 0xb, 0x29, 0xcb, 0xc4, 0x77,
    0x4, 0x0, 0xbd, 0x90,

    /* U+00EA "ê" */
    0x7, 0xa4, 0x0, 0x0, 0x0, 0xb, 0xd8, 0x7,
    0x80, 0xb2, 0x9c, 0xbc, 0x47, 0x70, 0x40, 0xb,
    0xd9, 0x0,

    /* U+00EB "ë" */
    0xc, 0x39, 0x0, 0x0, 0x0, 0xb, 0xd8, 0x7,
    0x80, 0xb2, 0x9c, 0xbc, 0x47, 0x70, 0x40, 0xb,
    0xd9, 0x0,

    /* U+00EC "ì" */
    0x0, 0x0, 0xb1, 0x1, 0x10, 0x66, 0x6, 0x60,
    0x66, 0x6, 0x60, 0x66,

    /* U+00ED "í" */
    0x0, 0x1, 0xb0, 0x11, 0x6, 0x60, 0x66, 0x6,
    0x60, 0x66, 0x6, 0x60,

    /* U+00EE "î" */
    0xa, 0xa0, 0x14, 0x41, 0x6, 0x60, 0x6, 0x60,
    0x6, 0x60, 0x6, 0x60, 0x6, 0x60,

    /* U+00EF "ï" */
    0x38, 0x83, 0x0, 0x0, 0x6, 0x60, 0x6, 0x60,
    0x6, 0x60, 0x6, 0x60, 0x6, 0x60,

    /* U+00F0 "ð" */
    0x0, 0x0, 0x0, 0x79, 0x60, 0x7, 0x95, 0x0,
    0xab, 0xd0, 0x68, 0xc, 0x29, 0x40, 0x84, 0x78,
    0xc, 0x20, 0xbe, 0x80,

    /* U+00F1 "ñ" */
    0x6, 0x94, 0x0, 0x0, 0x0, 0x6a, 0xd9, 0x6,
    0xa0, 0xc2, 0x67, 0x9, 0x36, 0x60, 0x93, 0x66,
    0x9, 0x30,

    /* U+00F2 "ò" */
    0x0, 0x0, 0x0, 0x56, 0x0, 0x0, 0x20, 0x0,
    0xbe, 0x90, 0x79, 0xb, 0x49, 0x40, 0x76, 0x79,
    0xb, 0x40, 0xbe, 0x90,

    /* U+00F3 "ó" */
    0x0, 0x0, 0x0, 0x9, 0x20, 0x0, 0x20, 0x0,
    0xbe, 0x90, 0x79, 0xb, 0x49, 0x40, 0x76, 0x79,
    0xb, 0x40, 0xbe, 0x90,

    /* U+00F4 "ô" */
    0x7, 0xa5, 0x0, 0x0, 0x0, 0xb, 0xe9, 0x7,
    0x90, 0xb4, 0x94, 0x7, 0x67, 0x90, 0xb4, 0xb,
    0xe9, 0x0,

    /* U+00F5 "õ" */
    0x6, 0x94, 0x0, 0x0, 0x0, 0xb, 0xe9, 0x7,
    0x90, 0xb4, 0x94, 0x7, 0x67, 0x90, 0xb4, 0xb,
    0xe9, 0x0,

    /* U+00F6 "ö" */
    0xb, 0x29, 0x0, 0x0, 0x0, 0xb, 0xe9, 0x7,
    0x90, 0xb4, 0x94, 0x7, 0x67, 0x90, 0xb4, 0xb,
    0xe9, 0x0,

    /* U+00F7 "÷" */
    0x0, 0xb2, 0x0, 0x2, 0x0, 0x2d, 0xdd, 0x70,
    0xc, 0x20, 0x0, 0x10, 0x0,

    /* U+00F8 "ø" */
    0x0, 0x0, 0x0, 0xbd, 0xb4, 0x78, 0x3e, 0x29,
    0x59, 0x76, 0x5d, 0x1b, 0x46, 0xad, 0x90, 0x0,
    0x0, 0x0,

    /* U+00F9 "ù" */
    0x0, 0x0, 0x0, 0x56, 0x0, 0x0, 0x20, 0x6,
    0x60, 0x93, 0x66, 0x9, 0x36, 0x60, 0xa3, 0x59,
    0xd, 0x30, 0xcc, 0xb3,

    /* U+00FA "ú" */
    0x0, 0x0, 0x0, 0x9, 0x20, 0x0, 0x20, 0x6,
    0x60, 0x93, 0x66, 0x9, 0x36, 0x60, 0xa3, 0x59,
    0xd, 0x30, 0xcc, 0xb3,

    /* U+00FB "û" */
    0x4, 0xd2, 0x0, 0x61, 0x50, 0x66, 0x9, 0x36,
    0x60, 0x93, 0x66, 0xa, 0x35, 0x90, 0xd3, 0xc,
    0xcb, 0x30,

    /* U+00FC "ü" */
    0xc, 0x29, 0x0, 0x0, 0x0, 0x66, 0x9, 0x36,
    0x60, 0x93, 0x66, 0xa, 0x35, 0x90, 0xd3, 0xc,
    0xcb, 0x30,

    /* U+00FD "ý" */
    0x0, 0x0, 0x0, 0xb, 0x10, 0x0, 0x20, 0xa,
    0x40, 0xa4, 0x58, 0xd, 0x0, 0xd4, 0x90, 0xa,
    0xa4, 0x0, 0x5e, 0x0, 0x4, 0x90, 0x5, 0xd2,
    0x0,

    /* U+00FE "þ" */
    0x66, 0x0, 0x6, 0x60, 0x0, 0x6b, 0xdb, 0x6,
    0xb0, 0x96, 0x67, 0x5, 0x86, 0xb0, 0x96, 0x6b,
    0xdb, 0x6, 0x60, 0x0, 0x66, 0x0, 0x0,

    /* U+00FF "ÿ" */
    0xc, 0x38, 0x0, 0x0, 0x0, 0xa4, 0xa, 0x45,
    0x80, 0xd0, 0xd, 0x49, 0x0, 0xaa, 0x40, 0x5,
    0xe0, 0x0, 0x49, 0x0, 0x5d, 0x20, 0x0,

    /* U+0100 "Ā" */
    0x2, 0xaa, 0x0, 0x0, 0xd8, 0x0, 0x2, 0xac,
    0x0, 0x7, 0x6c, 0x10, 0xc, 0x17, 0x60, 0x1f,
    0xdd, 0xb0, 0x58, 0x0, 0xd0, 0xa4, 0x0, 0x95,

    /* U+0101 "ā" */
    0x9, 0xa3, 0x0, 0x0, 0x1c, 0xc7, 0x22, 0xe,
    0x3b, 0xae, 0x94, 0x1f, 0x3c, 0xad,

    /* U+0102 "Ă" */
    0x2, 0x24, 0x0, 0x0, 0x96, 0x0, 0x0, 0xd8,
    0x0, 0x2, 0xac, 0x0, 0x7, 0x6c, 0x10, 0xc,
    0x17, 0x60, 0x1f, 0xdd, 0xb0, 0x58, 0x0, 0xd0,
    0xa4, 0x0, 0x95,

    /* U+0103 "ă" */
    0x4, 0x12, 0x6, 0x91, 0x0, 0x0, 0x1c, 0xc7,
    0x22, 0xe, 0x3b, 0xae, 0x94, 0x1f, 0x3c, 0xad,

    /* U+0104 "Ą" */
    0x0, 0xd8, 0x0, 0x2, 0xac, 0x0, 0x7, 0x6c,
    0x10, 0xc, 0x17, 0x60, 0x1f, 0xdd, 0xb0, 0x58,
    0x0, 0xd0, 0xa4, 0x0, 0x95, 0x0, 0x0, 0xc1,
    0x0, 0x0, 0xc6,

    /* U+0105 "ą" */
    0x1c, 0xc7, 0x2, 0x20, 0xe0, 0x3b, 0xae, 0x9,
    0x41, 0xf0, 0x3c, 0xad, 0x0, 0x4, 0x70, 0x0,
    0x4c, 0x0,

    /* U+0106 "Ć" */
    0x0, 0x0, 0x0, 0x0, 0xb, 0x0, 0x0, 0x1,
    0x0, 0x5, 0xde, 0x70, 0x1d, 0x11, 0xd3, 0x67,
    0x0, 0x21, 0x85, 0x0, 0x0, 0x67, 0x0, 0x22,
    0x2d, 0x11, 0xd3, 0x5, 0xde, 0x60,

    /* U+0107 "ć" */
    0x0, 0x0, 0x0, 0x9, 0x20, 0x0, 0x20, 0x0,
    0xbd, 0x80, 0x79, 0x7, 0x9, 0x40, 0x0, 0x79,
    0x7, 0x0, 0xbd, 0x80,

    /* U+0108 "Ĉ" */
    0x0, 0x45, 0x0, 0x0, 0x54, 0x10, 0x5, 0xde,
    0x70, 0x1d, 0x11, 0xd3, 0x67, 0x0, 0x21, 0x85,
    0x0, 0x0, 0x67, 0x0, 0x22, 0x2d, 0x11, 0xd3,
    0x5, 0xde, 0x60,

    /* U+0109 "ĉ" */
    0x7, 0xa5, 0x0, 0x0, 0x0, 0xb, 0xd8, 0x7,
    0x90, 0x70, 0x94, 0x0, 0x7, 0x90, 0x70, 0xb,
    0xd8, 0x0,

    /* U+010A "Ċ" */
    0x0, 0x57, 0x0, 0x0, 0x0, 0x0, 0x5, 0xde,
    0x70, 0x1d, 0x11, 0xd3, 0x67, 0x0, 0x21, 0x85,
    0x0, 0x0, 0x67, 0x0, 0x22, 0x2d, 0x11, 0xd3,
    0x5, 0xde, 0x60,

    /* U+010B "ċ" */
    0x0, 0xc0, 0x0, 0x0, 0x0, 0xb, 0xd8, 0x7,
    0x90, 0x70, 0x94, 0x0, 0x7, 0x90, 0x70, 0xb,
    0xd8, 0x0,

    /* U+010C "Č" */
    0x0, 0x54, 0x10, 0x0, 0x45, 0x0, 0x5, 0xde,
    0x70, 0x1d, 0x11, 0xd3, 0x67, 0x0, 0x21, 0x85,
    0x0, 0x0, 0x67, 0x0, 0x22, 0x2d, 0x11, 0xd3,
    0x5, 0xde, 0x60,

    /* U+010D "č" */
    0x7, 0xa4, 0x0, 0x0, 0x0, 0xb, 0xd8, 0x7,
    0x90, 0x70, 0x94, 0x0, 0x7, 0x90, 0x70, 0xb,
    0xd8, 0x0,

    /* U+010E "Ď" */
    0x5, 0x24, 0x0, 0x1, 0x70, 0x0, 0x5f, 0xec,
    0x30, 0x58, 0x3, 0xd0, 0x58, 0x0, 0xa3, 0x58,
    0x0, 0x84, 0x58, 0x0, 0xa3, 0x58, 0x3, 0xd0,
    0x5f, 0xec, 0x30,

    /* U+010F "ď" */
    0x0, 0x7, 0x79, 0x0, 0x7, 0x75, 0x1c, 0xdb,
    0x50, 0x78, 0xc, 0x50, 0x94, 0x8, 0x50, 0x79,
    0xc, 0x50, 0x1c, 0xda, 0x50,

    /* U+0110 "Đ" */
    0x2f, 0xed, 0x40, 0x2b, 0x1, 0xd1, 0x2b, 0x0,
    0x75, 0xbe, 0xb1, 0x67, 0x2b, 0x0, 0x75, 0x2b,
    0x2, 0xd1, 0x2f, 0xed, 0x40,

    /* U+0111 "đ" */
    0x0, 0x7, 0x50, 0x7, 0xdb, 0x1c, 0xdb, 0x57,
    0x80, 0xc5, 0x94, 0x8, 0x57, 0x90, 0xc5, 0x1c,
    0xda, 0x50,

    /* U+0112 "Ē" */
    0x6, 0xa6, 0x5, 0xed, 0xd4, 0x58, 0x0, 0x5,
    0x80, 0x0, 0x5e, 0xdd, 0x15, 0x80, 0x0, 0x58,
    0x0, 0x5, 0xed, 0xd4,

    /* U+0113 "ē" */
    0x8, 0xa5, 0x0, 0x0, 0x0, 0xb, 0xd8, 0x7,
    0x80, 0xb2, 0x9c, 0xbc, 0x47, 0x70, 0x40, 0xb,
    0xd9, 0x0,

    /* U+0114 "Ĕ" */
    0x4, 0x4, 0x0, 0x39, 0x30, 0x5e, 0xdd, 0x45,
    0x80, 0x0, 0x58, 0x0, 0x5, 0xed, 0xd1, 0x58,
    0x0, 0x5, 0x80, 0x0, 0x5e, 0xdd, 0x40,

    /* U+0115 "ĕ" */
    0x4, 0x3, 0x0, 0x49, 0x20, 0x0, 0x0, 0x0,
    0xbd, 0x80, 0x78, 0xb, 0x29, 0xcb, 0xc4, 0x77,
    0x4, 0x0, 0xbd, 0x90,

    /* U+0116 "Ė" */
    0x0, 0xc0, 0x0, 0x0, 0x0, 0x5e, 0xdd, 0x45,
    0x80, 0x0, 0x58, 0x0, 0x5, 0xed, 0xd1, 0x58,
    0x0, 0x5, 0x80, 0x0, 0x5e, 0xdd, 0x40,

    /* U+0117 "ė" */
    0x1, 0xc0, 0x0, 0x0, 0x0, 0xb, 0xd8, 0x7,
    0x80, 0xb2, 0x9c, 0xbc, 0x47, 0x70, 0x40, 0xb,
    0xd9, 0x0,

    /* U+0118 "Ę" */
    0x5e, 0xdd, 0x45, 0x80, 0x0, 0x58, 0x0, 0x5,
    0xed, 0xd1, 0x58, 0x0, 0x5, 0x80, 0x0, 0x5e,
    0xdd, 0x40, 0x0, 0xc0, 0x0, 0xd, 0x50,

    /* U+0119 "ę" */
    0xb, 0xd8, 0x7, 0x80, 0xb2, 0x9c, 0xbc, 0x47,
    0x70, 0x40, 0xb, 0xde, 0x0, 0x4, 0x80, 0x0,
    0x3c, 0x10,

    /* U+011A "Ě" */
    0x5, 0x24, 0x0, 0x17, 0x10, 0x5e, 0xdd, 0x45,
    0x80, 0x0, 0x58, 0x0, 0x5, 0xed, 0xd1, 0x58,
    0x0, 0x5, 0x80, 0x0, 0x5e, 0xdd, 0x40,

    /* U+011B "ě" */
    0x7, 0xa4, 0x0, 0x0, 0x0, 0xb, 0xd8, 0x7,
    0x80, 0xb2, 0x9c, 0xbc, 0x47, 0x70, 0x40, 0xb,
    0xd9, 0x0,

    /* U+011C "Ĝ" */
    0x0, 0x45, 0x0, 0x0, 0x55, 0x10, 0x5, 0xde,
    0x70, 0x1d, 0x11, 0xc4, 0x67, 0x0, 0x0, 0x85,
    0xa, 0xd7, 0x67, 0x0, 0x86, 0x2d, 0x11, 0xd2,
    0x5, 0xde, 0x60,

    /* U+011D "ĝ" */
    0x4, 0xd2, 0x0, 0x61, 0x50, 0xb, 0xcb, 0x57,
    0x80, 0xb5, 0x94, 0x8, 0x57, 0x80, 0xb5, 0x1c,
    0xdb, 0x51, 0x20, 0x94, 0x1b, 0xc9, 0x0,

    /* U+011E "Ğ" */
    0x0, 0x33, 0x10, 0x0, 0x78, 0x0, 0x5, 0xde,
    0x70, 0x1d, 0x11, 0xc4, 0x67, 0x0, 0x0, 0x85,
    0xa, 0xd7, 0x67, 0x0, 0x86, 0x2d, 0x11, 0xd2,
    0x5, 0xde, 0x60,

    /* U+011F "ğ" */
    0x4, 0x3, 0x0, 0x49, 0x20, 0xb, 0xcb, 0x57,
    0x80, 0xb5, 0x94, 0x8, 0x57, 0x80, 0xb5, 0x1c,
    0xdb, 0x51, 0x20, 0x94, 0x1b, 0xc9, 0x0,

    /* U+0120 "Ġ" */
    0x0, 0x57, 0x0, 0x0, 0x0, 0x0, 0x5, 0xde,
    0x70, 0x1d, 0x11, 0xc4, 0x67, 0x0, 0x0, 0x85,
    0xa, 0xd7, 0x67, 0x0, 0x86, 0x2d, 0x11, 0xd2,
    0x5, 0xde, 0x60,

    /* U+0121 "ġ" */
    0x0, 0xc0, 0x0, 0x0, 0x0, 0xb, 0xcb, 0x57,
    0x80, 0xb5, 0x94, 0x8, 0x57, 0x80, 0xb5, 0x1c,
    0xdb, 0x51, 0x20, 0x94, 0x1b, 0xc9, 0x0,

    /* U+0122 "Ģ" */
    0x5, 0xde, 0x70, 0x1d, 0x11, 0xc4, 0x67, 0x0,
    0x0, 0x85, 0xa, 0xd7, 0x67, 0x0, 0x86, 0x2d,
    0x11, 0xd2, 0x5, 0xde, 0x60, 0x0, 0x43, 0x0,
    0x0, 0x91, 0x0,

    /* U+0123 "ģ" */
    0x0, 0x20, 0x0, 0xb, 0x0, 0x0, 0x50, 0x0,
    0xbc, 0xb5, 0x78, 0xb, 0x59, 0x40, 0x85, 0x78,
    0xb, 0x51, 0xcd, 0xb5, 0x12, 0x9, 0x41, 0xbc,
    0x90,

    /* U+0124 "Ĥ" */
    0x0, 0x54, 0x0, 0x1, 0x55, 0x10, 0x58, 0x0,
    0x94, 0x58, 0x0, 0x94, 0x58, 0x0, 0x94, 0x5e,
    0xdd, 0xe4, 0x58, 0x0, 0x94, 0x58, 0x0, 0x94,
    0x58, 0x0, 0x94,

    /* U+0125 "ĥ" */
    0x4, 0x40, 0x0, 0x15, 0x51, 0x0, 0x6, 0x60,
    0x0, 0x6, 0x60, 0x0, 0x6, 0xad, 0x90, 0x6,
    0xa0, 0xc2, 0x6, 0x70, 0x93, 0x6, 0x60, 0x93,
    0x6, 0x60, 0x93,

    /* U+0126 "Ħ" */
    0x2b, 0x0, 0x67, 0x2b, 0x0, 0x67, 0x7e, 0xaa,
    0xdc, 0x2f, 0xdd, 0xe7, 0x2b, 0x0, 0x67, 0x2b,
    0x0, 0x67, 0x2b, 0x0, 0x67,

    /* U+0127 "ħ" */
    0x66, 0x0, 0xc, 0xc6, 0x0, 0x6a, 0xd9, 0x6,
    0xa0, 0xc2, 0x67, 0x9, 0x36, 0x60, 0x93, 0x66,
    0x9, 0x30,

    /* U+0128 "Ĩ" */
    0x8, 0x42, 0x6, 0x90, 0x5, 0x80, 0x5, 0x80,
    0x5, 0x80, 0x5, 0x80, 0x5, 0x80, 0x5, 0x80,
    0x5, 0x80,

    /* U+0129 "ĩ" */
    0x9, 0x90, 0x0, 0x0, 0x6, 0x60, 0x6, 0x60,
    0x6, 0x60, 0x6, 0x60, 0x6, 0x60,

    /* U+012A "Ī" */
    0xa, 0xa2, 0x5, 0x80, 0x5, 0x80, 0x5, 0x80,
    0x5, 0x80, 0x5, 0x80, 0x5, 0x80, 0x5, 0x80,

    /* U+012B "ī" */
    0x1a, 0xa1, 0x0, 0x0, 0x6, 0x60, 0x6, 0x60,
    0x6, 0x60, 0x6, 0x60, 0x6, 0x60,

    /* U+012C "Ĭ" */
    0x4, 0x21, 0x7, 0x80, 0x5, 0x80, 0x5, 0x80,
    0x5, 0x80, 0x5, 0x80, 0x5, 0x80, 0x5, 0x80,
    0x5, 0x80,

    /* U+012D "ĭ" */
    0x3, 0x30, 0x8, 0x80, 0x6, 0x60, 0x6, 0x60,
    0x6, 0x60, 0x6, 0x60, 0x6, 0x60,

    /* U+012E "Į" */
    0x58, 0x58, 0x58, 0x58, 0x58, 0x58, 0x58, 0xb2,
    0xa7,

    /* U+012F "į" */
    0x6, 0x60, 0x0, 0x6, 0x60, 0x66, 0x6, 0x60,
    0x66, 0x6, 0x60, 0xb1, 0xc, 0x60,

    /* U+0130 "İ" */
    0x57, 0x0, 0x58, 0x58, 0x58, 0x58, 0x58, 0x58,
    0x58,

    /* U+0131 "ı" */
    0x66, 0x66, 0x66, 0x66, 0x66,

    /* U+0132 "Ĳ" */
    0x58, 0x0, 0xb, 0x25, 0x80, 0x0, 0xb2, 0x58,
    0x0, 0xb, 0x25, 0x80, 0x0, 0xb2, 0x58, 0x33,
    0xc, 0x25, 0x84, 0x90, 0xd0, 0x58, 0xc, 0xe7,
    0x0,

    /* U+0133 "ĳ" */
    0x66, 0x67, 0x0, 0x0, 0x66, 0x67, 0x66, 0x67,
    0x66, 0x67, 0x66, 0x67, 0x66, 0x67, 0x0, 0x76,
    0x1, 0xc1,

    /* U+0134 "Ĵ" */
    0x0, 0x17, 0x10, 0x4, 0x25, 0x0, 0xd, 0x0,
    0x0, 0xd0, 0x0, 0xd, 0x0, 0x0, 0xd0, 0x41,
    0xd, 0x7, 0x61, 0xc0, 0x1d, 0xe5, 0x0,

    /* U+0135 "ĵ" */
    0xa, 0xa0, 0x14, 0x41, 0x6, 0x60, 0x6, 0x60,
    0x6, 0x60, 0x6, 0x60, 0x6, 0x60, 0x7, 0x60,
    0x1c, 0x10,

    /* U+0136 "Ķ" */
    0x58, 0x4, 0xd0, 0x58, 0x1d, 0x20, 0x58, 0xb5,
    0x0, 0x5d, 0xf3, 0x0, 0x5c, 0x3c, 0x0, 0x58,
    0xa, 0x60, 0x58, 0x1, 0xd1, 0x0, 0x71, 0x0,
    0x0, 0xb0, 0x0,

    /* U+0137 "ķ" */
    0x66, 0x0, 0x6, 0x60, 0x0, 0x66, 0x3c, 0x6,
    0x8d, 0x20, 0x6f, 0xc0, 0x6, 0x7a, 0x60, 0x66,
    0x1d, 0x10, 0x16, 0x0, 0x5, 0x50, 0x0,

    /* U+0138 "ĸ" */
    0x66, 0x2d, 0x6, 0x7b, 0x30, 0x6e, 0xa0, 0x6,
    0x7c, 0x30, 0x66, 0x2d, 0x0,

    /* U+0139 "Ĺ" */
    0x0, 0x0, 0x0, 0xb0, 0x0, 0x58, 0x0, 0x5,
    0x80, 0x0, 0x58, 0x0, 0x5, 0x80, 0x0, 0x58,
    0x0, 0x5, 0x80, 0x0, 0x5e, 0xdd, 0x20,

    /* U+013A "ĺ" */
    0x0, 0x1, 0xa0, 0x66, 0x6, 0x60, 0x66, 0x6,
    0x60, 0x66, 0x6, 0x60, 0x66, 0x0,

    /* U+013B "Ļ" */
    0x58, 0x0, 0x5, 0x80, 0x0, 0x58, 0x0, 0x5,
    0x80, 0x0, 0x58, 0x0, 0x5, 0x80, 0x0, 0x5e,
    0xdd, 0x20, 0x7, 0x0, 0x3, 0x70, 0x0,

    /* U+013C "ļ" */
    0x66, 0x66, 0x66, 0x66, 0x66, 0x66, 0x66, 0x43,
    0xa1,

    /* U+013D "Ľ" */
    0x58, 0x82, 0x5, 0x85, 0x0, 0x58, 0x0, 0x5,
    0x80, 0x0, 0x58, 0x0, 0x5, 0x80, 0x0, 0x5e,
    0xdd, 0x20,

    /* U+013E "ľ" */
    0x67, 0xa6, 0x76, 0x66, 0x6, 0x60, 0x66, 0x6,
    0x60, 0x66, 0x0,

    /* U+013F "Ŀ" */
    0x58, 0x0, 0x5, 0x80, 0x0, 0x58, 0x0, 0x5,
    0x89, 0x30, 0x58, 0x0, 0x5, 0x80, 0x0, 0x5e,
    0xdd, 0x20,

    /* U+0140 "ŀ" */
    0x66, 0x0, 0x66, 0x0, 0x66, 0x0, 0x67, 0xe0,
    0x66, 0x10, 0x66, 0x0, 0x66, 0x0,

    /* U+0141 "Ł" */
    0x1c, 0x0, 0x1, 0xc0, 0x0, 0x1e, 0xc2, 0x7,
    0xe2, 0x0, 0x7c, 0x0, 0x1, 0xc0, 0x0, 0x1f,
    0xdd, 0x60,

    /* U+0142 "ł" */
    0x6, 0x60, 0x6, 0x70, 0x7, 0xe0, 0xd, 0x60,
    0x6, 0x60, 0x6, 0x60, 0x6, 0x60,

    /* U+0143 "Ń" */
    0x0, 0x0, 0x0, 0x0, 0x1a, 0x0, 0x5e, 0x0,
    0x76, 0x5e, 0x70, 0x76, 0x59, 0xd0, 0x76, 0x58,
    0x78, 0x76, 0x58, 0xd, 0x96, 0x58, 0x6, 0xe6,
    0x58, 0x0, 0xd6,

    /* U+0144 "ń" */
    0x0, 0x0, 0x0, 0x9, 0x20, 0x0, 0x20, 0x6,
    0xad, 0x90, 0x6a, 0xc, 0x26, 0x70, 0x93, 0x66,
    0x9, 0x36, 0x60, 0x93,

    /* U+0145 "Ņ" */
    0x5e, 0x0, 0x76, 0x5e, 0x70, 0x76, 0x59, 0xd0,
    0x76, 0x58, 0x78, 0x76, 0x58, 0xd, 0x96, 0x58,
    0x6, 0xe6, 0x58, 0x0, 0xd6, 0x0, 0x43, 0x0,
    0x0, 0x91, 0x0,

    /* U+0146 "ņ" */
    0x6a, 0xd9, 0x6, 0xa0, 0xc2, 0x67, 0x9, 0x36,
    0x60, 0x93, 0x66, 0x9, 0x30, 0x7, 0x0, 0x3,
    0x70, 0x0,

    /* U+0147 "Ň" */
    0x1, 0x55, 0x10, 0x0, 0x45, 0x0, 0x5e, 0x0,
    0x76, 0x5e, 0x70, 0x76, 0x59, 0xd0, 0x76, 0x58,
    0x78, 0x76, 0x58, 0xd, 0x96, 0x58, 0x6, 0xe6,
    0x58, 0x0, 0xd6,

    /* U+0148 "ň" */
    0xa, 0x86, 0x0, 0x17, 0x0, 0x6a, 0xd9, 0x6,
    0xa0, 0xc2, 0x67, 0x9, 0x36, 0x60, 0x93, 0x66,
    0x9, 0x30,

    /* U+014A "Ŋ" */
    0x5e, 0x0, 0x76, 0x5e, 0x70, 0x76, 0x59, 0xd0,
    0x76, 0x58, 0x78, 0x76, 0x58, 0xd, 0x96, 0x58,
    0x6, 0xe6, 0x58, 0x0, 0xd6, 0x0, 0x0, 0x76,
    0x0, 0x3, 0xd2,

    /* U+014B "ŋ" */
    0x6a, 0xd9, 0x6, 0xa0, 0xc1, 0x67, 0x9, 0x36,
    0x60, 0x93, 0x66, 0x9, 0x30, 0x0, 0xa3, 0x0,
    0x6c, 0x0,

    /* U+014C "Ō" */
    0x0, 0xaa, 0x10, 0x0, 0x0, 0x0, 0x5, 0xde,
    0x60, 0x1d, 0x11, 0xc3, 0x67, 0x0, 0x58, 0x85,
    0x0, 0x3a, 0x67, 0x0, 0x58, 0x1d, 0x11, 0xc3,
    0x5, 0xde, 0x60,

    /* U+014D "ō" */
    0x7, 0xa5, 0x0, 0x0, 0x0, 0xb, 0xe9, 0x7,
    0x90, 0xb4, 0x94, 0x7, 0x67, 0x90, 0xb4, 0xb,
    0xe9, 0x0,

    /* U+014E "Ŏ" */
    0x0, 0x32, 0x10, 0x0, 0x78, 0x0, 0x5, 0xde,
    0x60, 0x1d, 0x11, 0xc3, 0x67, 0x0, 0x58, 0x85,
    0x0, 0x3a, 0x67, 0x0, 0x58, 0x1d, 0x11, 0xc3,
    0x5, 0xde, 0x60,

    /* U+014F "ŏ" */
    0x4, 0x3, 0x0, 0x49, 0x20, 0x0, 0x0, 0x0,
    0xbe, 0x90, 0x79, 0xb, 0x49, 0x40, 0x76, 0x79,
    0xb, 0x40, 0xbe, 0x90,

    /* U+0150 "Ő" */
    0x0, 0x0, 0x0, 0x0, 0xb8, 0x40, 0x0, 0x12,
    0x0, 0x5, 0xde, 0x60, 0x1d, 0x11, 0xc3, 0x67,
    0x0, 0x58, 0x85, 0x0, 0x3a, 0x67, 0x0, 0x58,
    0x1d, 0x11, 0xc3, 0x5, 0xde, 0x60,

    /* U+0151 "ő" */
    0x0, 0x0, 0x0, 0x95, 0x90, 0x2, 0x20, 0x0,
    0xbe, 0x90, 0x79, 0xb, 0x49, 0x40, 0x76, 0x79,
    0xb, 0x40, 0xbe, 0x90,

    /* U+0152 "Œ" */
    0x5, 0xde, 0xfd, 0xd7, 0x1d, 0x11, 0xc0, 0x0,
    0x67, 0x1, 0xc0, 0x0, 0x85, 0x1, 0xfd, 0xd4,
    0x67, 0x1, 0xc0, 0x0, 0x1d, 0x11, 0xc0, 0x0,
    0x5, 0xdd, 0xfd, 0xd7,

    /* U+0153 "œ" */
    0xb, 0xe9, 0x8d, 0xb0, 0x79, 0xb, 0xc0, 0x86,
    0x94, 0x7, 0xdb, 0xc8, 0x78, 0xb, 0xb0, 0x22,
    0xb, 0xe9, 0x8d, 0xb1,

    /* U+0154 "Ŕ" */
    0x0, 0x0, 0x0, 0x8, 0x30, 0x5e, 0xec, 0x15,
    0x80, 0x79, 0x58, 0x3, 0xb5, 0x80, 0x88, 0x5e,
    0xee, 0x15, 0x80, 0xd2, 0x58, 0x5, 0xa0,

    /* U+0155 "ŕ" */
    0x0, 0x0, 0x57, 0x2, 0x6, 0xbd, 0x6a, 0x6,
    0x70, 0x66, 0x6, 0x60,

    /* U+0156 "Ŗ" */
    0x5e, 0xec, 0x15, 0x80, 0x79, 0x58, 0x3, 0xb5,
    0x80, 0x88, 0x5e, 0xee, 0x15, 0x80, 0xd2, 0x58,
    0x5, 0xa0, 0x8, 0x0, 0x0, 0xa0, 0x0,

    /* U+0157 "ŗ" */
    0x6b, 0xd6, 0xa0, 0x67, 0x6, 0x60, 0x66, 0x4,
    0x30, 0xa1, 0x0,

    /* U+0158 "Ř" */
    0x4, 0x25, 0x0, 0x7, 0x10, 0x5e, 0xec, 0x15,
    0x80, 0x79, 0x58, 0x3, 0xb5, 0x80, 0x88, 0x5e,
    0xee, 0x15, 0x80, 0xd2, 0x58, 0x5, 0xa0,

    /* U+0159 "ř" */
    0x58, 0xa0, 0x6, 0x10, 0x6b, 0xd0, 0x6a, 0x0,
    0x67, 0x0, 0x66, 0x0, 0x66, 0x0,

    /* U+015A "Ś" */
    0x0, 0x0, 0x0, 0x7, 0x50, 0x0, 0x20, 0x0,
    0xae, 0xc1, 0x5a, 0x6, 0x83, 0xc1, 0x0, 0x6,
    0xeb, 0x10, 0x0, 0x7a, 0x79, 0x6, 0xa0, 0xbe,
    0xc2,

    /* U+015B "ś" */
    0x0, 0x0, 0x0, 0xb0, 0x0, 0x20, 0x1b, 0xc5,
    0x68, 0x4, 0x1a, 0xc5, 0x32, 0x1d, 0x2c, 0xc6,

    /* U+015C "Ŝ" */
    0x0, 0x71, 0x0, 0x42, 0x50, 0xa, 0xec, 0x15,
    0xa0, 0x68, 0x3c, 0x10, 0x0, 0x6e, 0xb1, 0x0,
    0x7, 0xa7, 0x90, 0x6a, 0xb, 0xec, 0x20,

    /* U+015D "ŝ" */
    0x9, 0xa2, 0x0, 0x0, 0x1b, 0xc5, 0x68, 0x4,
    0x1a, 0xc5, 0x32, 0x1d, 0x2c, 0xc6,

    /* U+015E "Ş" */
    0xa, 0xec, 0x15, 0xa0, 0x68, 0x3c, 0x10, 0x0,
    0x7e, 0xa1, 0x0, 0x8, 0x95, 0x70, 0x5a, 0x1c,
    0xed, 0x30, 0x8, 0x20, 0x0, 0x76, 0x0,

    /* U+015F "ş" */
    0x1b, 0xc5, 0x68, 0x4, 0x1a, 0xc5, 0x32, 0x1d,
    0x2c, 0xd6, 0x1, 0x80, 0x2, 0xb0,

    /* U+0160 "Š" */
    0x4, 0x25, 0x0, 0x7, 0x10, 0xa, 0xec, 0x25,
    0xa0, 0x57, 0x3c, 0x10, 0x0, 0x6e, 0xb1, 0x0,
    0x7, 0xa7, 0x90, 0x6a, 0xb, 0xec, 0x20,

    /* U+0161 "š" */
    0x9, 0xa2, 0x0, 0x0, 0x1b, 0xc5, 0x68, 0x4,
    0x1a, 0xc5, 0x32, 0x1d, 0x2c, 0xc6,

    /* U+0162 "Ţ" */
    0x8d, 0xfd, 0xc0, 0xd, 0x0, 0x0, 0xd0, 0x0,
    0xd, 0x0, 0x0, 0xd0, 0x0, 0xd, 0x0, 0x0,
    0xd0, 0x0, 0x6, 0x30, 0x0, 0x76, 0x0,

    /* U+0163 "ţ" */
    0x49, 0xc, 0xe5, 0x49, 0x4, 0x90, 0x49, 0x1,
    0xd6, 0x7, 0x20, 0x67,

    /* U+0164 "Ť" */
    0x4, 0x35, 0x0, 0x7, 0x10, 0x8d, 0xfd, 0xc0,
    0xd, 0x0, 0x0, 0xd0, 0x0, 0xd, 0x0, 0x0,
    0xd0, 0x0, 0xd, 0x0, 0x0, 0xd0, 0x0,

    /* U+0165 "ť" */
    0x0, 0xb4, 0x86, 0xce, 0x54, 0x90, 0x49, 0x4,
    0x90, 0xc, 0x60,

    /* U+0166 "Ŧ" */
    0x8d, 0xfd, 0xc0, 0xd, 0x0, 0x0, 0xd0, 0x0,
    0xbf, 0xc2, 0x0, 0xd0, 0x0, 0xd, 0x0, 0x0,
    0xd0, 0x0,

    /* U+0167 "ŧ" */
    0x49, 0xc, 0xe5, 0x49, 0xb, 0xe5, 0x49, 0x1,
    0xd6,

    /* U+0168 "Ũ" */
    0x0, 0x85, 0x10, 0x2, 0x59, 0x0, 0x58, 0x0,
    0x94, 0x58, 0x0, 0x94, 0x58, 0x0, 0x94, 0x58,
    0x0, 0x94, 0x59, 0x0, 0xa4, 0x2e, 0x22, 0xe1,
    0x6, 0xee, 0x50,

    /* U+0169 "ũ" */
    0x6, 0x94, 0x0, 0x0, 0x0, 0x66, 0x9, 0x36,
    0x60, 0x93, 0x66, 0xa, 0x35, 0x90, 0xd3, 0xc,
    0xcb, 0x30,

    /* U+016A "Ū" */
    0x1, 0xaa, 0x0, 0x0, 0x0, 0x0, 0x58, 0x0,
    0x94, 0x58, 0x0, 0x94, 0x58, 0x0, 0x94, 0x58,
    0x0, 0x94, 0x59, 0x0, 0xa4, 0x2e, 0x22, 0xe1,
    0x6, 0xee, 0x50,

    /* U+016B "ū" */
    0x7, 0xa5, 0x0, 0x0, 0x0, 0x66, 0x9, 0x36,
    0x60, 0x93, 0x66, 0xa, 0x35, 0x90, 0xd3, 0xc,
    0xcb, 0x30,

    /* U+016C "Ŭ" */
    0x1, 0x33, 0x0, 0x0, 0x87, 0x0, 0x58, 0x0,
    0x94, 0x58, 0x0, 0x94, 0x58, 0x0, 0x94, 0x58,
    0x0, 0x94, 0x59, 0x0, 0xa4, 0x2e, 0x22, 0xe1,
    0x6, 0xee, 0x50,

    /* U+016D "ŭ" */
    0x4, 0x3, 0x0, 0x49, 0x20, 0x66, 0x9, 0x36,
    0x60, 0x93, 0x66, 0xa, 0x35, 0x90, 0xd3, 0xc,
    0xcb, 0x30,

    /* U+016E "Ů" */
    0x0, 0x88, 0x0, 0x0, 0x88, 0x0, 0x58, 0x0,
    0x94, 0x58, 0x0, 0x94, 0x58, 0x0, 0x94, 0x58,
    0x0, 0x94, 0x59, 0x0, 0xa4, 0x2e, 0x22, 0xe1,
    0x6, 0xee, 0x50,

    /* U+016F "ů" */
    0x3, 0x91, 0x0, 0x83, 0x50, 0x3, 0x91, 0x6,
    0x60, 0x93, 0x66, 0x9, 0x36, 0x60, 0xa3, 0x59,
    0xd, 0x30, 0xcc, 0xb3,

    /* U+0170 "Ű" */
    0x0, 0x0, 0x0, 0x1, 0xba, 0x20, 0x1, 0x12,
    0x0, 0x58, 0x0, 0x94, 0x58, 0x0, 0x94, 0x58,
    0x0, 0x94, 0x58, 0x0, 0x94, 0x59, 0x0, 0xa4,
    0x2e, 0x22, 0xe1, 0x6, 0xee, 0x50,

    /* U+0171 "ű" */
    0x0, 0x0, 0x0, 0x95, 0x90, 0x2, 0x20, 0x6,
    0x60, 0x93, 0x66, 0x9, 0x36, 0x60, 0xa3, 0x59,
    0xd, 0x30, 0xcc, 0xb3,

    /* U+0172 "Ų" */
    0x58, 0x0, 0x94, 0x58, 0x0, 0x94, 0x58, 0x0,
    0x94, 0x58, 0x0, 0x94, 0x59, 0x0, 0xa4, 0x2d,
    0x12, 0xe1, 0x7, 0xef, 0x70, 0x0, 0x86, 0x0,
    0x0, 0x7a, 0x0,

    /* U+0173 "ų" */
    0x66, 0x9, 0x36, 0x60, 0x93, 0x66, 0xa, 0x35,
    0x90, 0xd3, 0xc, 0xcb, 0x30, 0x1, 0xb0, 0x0,
    0x1d, 0x30,

    /* U+0174 "Ŵ" */
    0x0, 0x4, 0x50, 0x0, 0x0, 0x5, 0x51, 0x0,
    0xa3, 0x9, 0x90, 0x3b, 0x77, 0xc, 0xc0, 0x77,
    0x3a, 0xc, 0xc0, 0xa4, 0xd, 0x39, 0x93, 0xd0,
    0xc, 0x85, 0x57, 0xc0, 0x8, 0xd2, 0x1d, 0x90,
    0x5, 0xe0, 0xe, 0x50,

    /* U+0175 "ŵ" */
    0x0, 0x6d, 0x10, 0x0, 0x6, 0x24, 0x0, 0xa3,
    0x3d, 0x9, 0x46, 0x77, 0xd1, 0xd0, 0x2b, 0xa6,
    0x6b, 0x0, 0xca, 0x2c, 0x70, 0x9, 0x80, 0xe3,
    0x0,

    /* U+0176 "Ŷ" */
    0x0, 0x73, 0x0, 0x2, 0x35, 0x0, 0x87, 0x0,
    0xd2, 0x1e, 0x6, 0x90, 0x8, 0x7d, 0x20, 0x1,
    0xe9, 0x0, 0x0, 0xa3, 0x0, 0x0, 0xa3, 0x0,
    0x0, 0xa3, 0x0,

    /* U+0177 "ŷ" */
    0x6, 0xd1, 0x0, 0x62, 0x40, 0xa4, 0xa, 0x45,
    0x80, 0xd0, 0xd, 0x49, 0x0, 0xaa, 0x40, 0x5,
    0xe0, 0x0, 0x49, 0x0, 0x5d, 0x20, 0x0,

    /* U+0178 "Ÿ" */
    0x6, 0x5b, 0x0, 0x0, 0x0, 0x0, 0x87, 0x0,
    0xd2, 0x1e, 0x6, 0x90, 0x8, 0x7d, 0x20, 0x1,
    0xe9, 0x0, 0x0, 0xa3, 0x0, 0x0, 0xa3, 0x0,
    0x0, 0xa3, 0x0,

    /* U+0179 "Ź" */
    0x0, 0x0, 0x0, 0x8, 0x40, 0x7d, 0xde, 0x90,
    0x0, 0xc2, 0x0, 0x59, 0x0, 0xd, 0x10, 0x7,
    0x70, 0x1, 0xd0, 0x0, 0x7f, 0xdd, 0x90,

    /* U+017A "ź" */
    0x0, 0x0, 0x0, 0xb0, 0x0, 0x20, 0x5d, 0xde,
    0x0, 0x96, 0x4, 0xb0, 0xd, 0x10, 0x7f, 0xdd,

    /* U+017B "Ż" */
    0x0, 0xc0, 0x0, 0x0, 0x0, 0x7d, 0xde, 0x90,
    0x0, 0xc2, 0x0, 0x59, 0x0, 0xd, 0x10, 0x7,
    0x70, 0x1, 0xd0, 0x0, 0x7f, 0xdd, 0x90,

    /* U+017C "ż" */
    0x3, 0x90, 0x0, 0x0, 0x5d, 0xde, 0x0, 0x96,
    0x4, 0xb0, 0xd, 0x10, 0x7f, 0xdd,

    /* U+017D "Ž" */
    0x4, 0x25, 0x0, 0x7, 0x10, 0x7d, 0xde, 0x90,
    0x0, 0xc2, 0x0, 0x59, 0x0, 0xd, 0x10, 0x7,
    0x70, 0x1, 0xd0, 0x0, 0x7f, 0xdd, 0x90,

    /* U+017E "ž" */
    0xb, 0x93, 0x2, 0x50, 0x5d, 0xde, 0x0, 0x96,
    0x4, 0xb0, 0xd, 0x10, 0x7f, 0xdd,

    /* U+017F "ſ" */
    0x1d, 0x66, 0x70, 0x66, 0x6, 0x60, 0x66, 0x6,
    0x60, 0x66, 0x0,

    /* U+0180 "ƀ" */
    0x66, 0x0, 0xc, 0xc6, 0x0, 0x6b, 0xdb, 0x6,
    0xb0, 0x96, 0x67, 0x5, 0x86, 0xb0, 0x96, 0x6a,
    0xdb, 0x0,

    /* U+0181 "Ɓ" */
    0x6d, 0xfd, 0xe4, 0x8, 0x2c, 0x3, 0xb0, 0x1,
    0xc0, 0x4a, 0x0, 0x1f, 0xcf, 0x40, 0x1, 0xc0,
    0x1d, 0x0, 0x1c, 0x0, 0xd0, 0x1, 0xfd, 0xe6,
    0x0,

    /* U+0182 "Ƃ" */
    0x5e, 0xdd, 0x35, 0x80, 0x0, 0x58, 0x0, 0x5,
    0xed, 0xc3, 0x58, 0x4, 0xc5, 0x80, 0x3c, 0x5e,
    0xdd, 0x40,

    /* U+0183 "ƃ" */
    0x6e, 0xcb, 0x6, 0x60, 0x0, 0x6b, 0xdb, 0x6,
    0xb0, 0x96, 0x67, 0x5, 0x86, 0xb0, 0x96, 0x6a,
    0xdb, 0x0,

    /* U+0184 "Ƅ" */
    0x1e, 0xc0, 0x0, 0x6, 0x9c, 0x0, 0x0, 0x83,
    0xc0, 0x0, 0x0, 0x1f, 0xdd, 0x50, 0x1, 0xc0,
    0x1e, 0x0, 0x1c, 0x1, 0xe0, 0x1, 0xfd, 0xe6,
    0x0,

    /* U+0185 "ƅ" */
    0x1f, 0x90, 0x0, 0x89, 0x90, 0x0, 0x54, 0xec,
    0x90, 0x4, 0x90, 0xa3, 0x4, 0xed, 0xb0,

    /* U+0186 "Ɔ" */
    0x8, 0xed, 0x30, 0x5b, 0x12, 0xd0, 0x21, 0x0,
    0x94, 0x0, 0x0, 0x76, 0x21, 0x0, 0x94, 0x5b,
    0x2, 0xd0, 0x8, 0xed, 0x30,

    /* U+0187 "Ƈ" */
    0x0, 0x0, 0x1b, 0x40, 0x5d, 0xeb, 0x70, 0x1d,
    0x11, 0xd7, 0x6, 0x70, 0x2, 0x20, 0x85, 0x0,
    0x0, 0x6, 0x70, 0x2, 0x20, 0x2d, 0x11, 0xd3,
    0x0, 0x5d, 0xe6, 0x0,

    /* U+0188 "ƈ" */
    0x0, 0x7, 0x70, 0xbe, 0xf0, 0x79, 0x7, 0x19,
    0x40, 0x0, 0x79, 0x7, 0x0, 0xbd, 0x80,

    /* U+0189 "Ɖ" */
    0x2f, 0xed, 0x40, 0x2b, 0x1, 0xd1, 0x2b, 0x0,
    0x75, 0xbe, 0xb1, 0x67, 0x2b, 0x0, 0x75, 0x2b,
    0x2, 0xd1, 0x2f, 0xed, 0x40,

    /* U+018A "Ɗ" */
    0x6d, 0xfd, 0xd5, 0x8, 0x2c, 0x1, 0xd2, 0x1,
    0xc0, 0x6, 0x70, 0x1c, 0x0, 0x58, 0x1, 0xc0,
    0x6, 0x70, 0x1c, 0x1, 0xd2, 0x1, 0xfe, 0xd5,
    0x0,

    /* U+018B "Ƌ" */
    0xd, 0xee, 0xa0, 0x0, 0x4a, 0x0, 0x4, 0xa0,
    0xae, 0xea, 0x6a, 0x4, 0xa7, 0xa0, 0x4a, 0xb,
    0xee, 0xa0,

    /* U+018C "ƌ" */
    0xb, 0xce, 0x50, 0x0, 0x75, 0x1c, 0xdb, 0x57,
    0x80, 0xc5, 0x94, 0x8, 0x57, 0x90, 0xc5, 0x1c,
    0xda, 0x50,

    /* U+018D "ƍ" */
    0xb, 0xe7, 0x7, 0x90, 0xd1, 0x95, 0xb, 0x36,
    0x80, 0xd0, 0x1d, 0xc3, 0x0, 0x2d, 0x10, 0x2c,
    0xea, 0x0,

    /* U+018E "Ǝ" */
    0x6d, 0xdf, 0x20, 0x0, 0xb2, 0x0, 0xb, 0x23,
    0xdd, 0xf2, 0x0, 0xb, 0x20, 0x0, 0xb2, 0x6d,
    0xdf, 0x20,

    /* U+018F "Ə" */
    0x7, 0xed, 0x50, 0x4c, 0x11, 0xd1, 0x0, 0x0,
    0x76, 0x7d, 0xcc, 0xe8, 0x78, 0x0, 0x86, 0x3d,
    0x12, 0xe2, 0x6, 0xed, 0x50,

    /* U+0190 "Ɛ" */
    0xa, 0xea, 0x3, 0xb0, 0x94, 0x2b, 0x0, 0x0,
    0xae, 0x10, 0x69, 0x0, 0x7, 0x90, 0x76, 0x1b,
    0xeb, 0x10,

    /* U+0191 "Ƒ" */
    0x5, 0xed, 0xd3, 0x5, 0x80, 0x0, 0x5, 0x80,
    0x0, 0x5, 0xed, 0xd0, 0x5, 0x80, 0x0, 0x5,
    0x80, 0x0, 0x5, 0x80, 0x0, 0x6, 0x80, 0x0,
    0x2d, 0x30, 0x0,

    /* U+0192 "ƒ" */
    0x6, 0xd0, 0xd, 0x0, 0x7f, 0x90, 0xd, 0x0,
    0xd, 0x0, 0xd, 0x0, 0xd, 0x0, 0xd, 0x0,
    0xa8, 0x0,

    /* U+0193 "Ɠ" */
    0x0, 0x0, 0x1b, 0x40, 0x5d, 0xeb, 0x70, 0x1d,
    0x11, 0xc7, 0x6, 0x70, 0x0, 0x0, 0x85, 0xa,
    0xd7, 0x6, 0x70, 0x8, 0x60, 0x2d, 0x11, 0xd2,
    0x0, 0x5d, 0xe6, 0x0,

    /* U+0194 "Ɣ" */
    0xa4, 0x0, 0xe1, 0x4a, 0x5, 0xa0, 0xd, 0xa,
    0x40, 0x8, 0x7d, 0x0, 0x2, 0xf8, 0x0, 0x0,
    0xd3, 0x0, 0x2, 0xf7, 0x0, 0x6, 0x9c, 0x0,
    0x3, 0xd8, 0x0,

    /* U+0195 "ƕ" */
    0x66, 0x0, 0x0, 0x0, 0x66, 0x0, 0x0, 0x0,
    0x6b, 0xca, 0x0, 0xc1, 0x69, 0xb, 0x20, 0xc0,
    0x67, 0x9, 0x40, 0xd0, 0x66, 0x8, 0x63, 0xa0,
    0x66, 0x2, 0xdc, 0x20,

    /* U+0196 "Ɩ" */
    0x66, 0x6, 0x60, 0x66, 0x6, 0x60, 0x66, 0x6,
    0x70, 0x2d, 0x10,

    /* U+0197 "Ɨ" */
    0xd, 0x0, 0xd0, 0xd, 0x8, 0xe6, 0xd, 0x0,
    0xd0, 0xd, 0x0,

    /* U+0198 "Ƙ" */
    0x0, 0x0, 0x0, 0x58, 0x3, 0xe4, 0x58, 0x1d,
    0x30, 0x58, 0xc5, 0x0, 0x5f, 0xf1, 0x0, 0x5c,
    0x6a, 0x0, 0x58, 0xc, 0x40, 0x58, 0x2, 0xd0,

    /* U+0199 "ƙ" */
    0x2c, 0x30, 0x6, 0x70, 0x0, 0x66, 0x3c, 0x6,
    0x8d, 0x20, 0x6f, 0xc0, 0x6, 0x7a, 0x60, 0x66,
    0x1d, 0x10,

    /* U+019A "ƚ" */
    0x6, 0x60, 0x6, 0x60, 0x6, 0x60, 0x3c, 0xc3,
    0x6, 0x60, 0x6, 0x60, 0x6, 0x60,

    /* U+019B "ƛ" */
    0x4d, 0x51, 0x0, 0xb, 0xc0, 0x0, 0x6, 0xe0,
    0x0, 0xb, 0x94, 0x0, 0xc, 0x39, 0x0, 0x58,
    0xc, 0x0, 0xa4, 0x5, 0xc0,

    /* U+019C "Ɯ" */
    0x59, 0xc, 0x22, 0xb5, 0x90, 0xc2, 0x2b, 0x59,
    0xc, 0x22, 0xb5, 0x90, 0xc2, 0x2b, 0x59, 0xc,
    0x22, 0xb4, 0xb0, 0xe4, 0x5b, 0xd, 0xd7, 0xeb,
    0xb0,

    /* U+019D "Ɲ" */
    0x5, 0xe0, 0x7, 0x60, 0x5e, 0x70, 0x76, 0x5,
    0x9d, 0x7, 0x60, 0x58, 0x78, 0x76, 0x5, 0x80,
    0xd9, 0x60, 0x58, 0x6, 0xe6, 0x5, 0x80, 0xd,
    0x60, 0x68, 0x0, 0x0, 0x2d, 0x30, 0x0, 0x0,

    /* U+019E "ƞ" */
    0x6a, 0xd9, 0x6, 0xa0, 0xc1, 0x67, 0xa, 0x36,
    0x60, 0x93, 0x66, 0x9, 0x30, 0x0, 0x93, 0x0,
    0x9, 0x30,

    /* U+019F "Ɵ" */
    0x5, 0xde, 0x60, 0x1d, 0x11, 0xc3, 0x67, 0x0,
    0x58, 0x8d, 0xbb, 0xca, 0x67, 0x0, 0x58, 0x1d,
    0x10, 0xc3, 0x5, 0xde, 0x60,

    /* U+01A0 "Ơ" */
    0x0, 0x0, 0x1a, 0x5, 0xbc, 0xf5, 0x1c, 0x0,
    0xa4, 0x67, 0x0, 0x48, 0x85, 0x0, 0x3a, 0x67,
    0x0, 0x58, 0x1d, 0x11, 0xc3, 0x5, 0xde, 0x60,

    /* U+01A1 "ơ" */
    0x0, 0x2, 0x90, 0xbe, 0xf3, 0x78, 0xa, 0x49,
    0x40, 0x76, 0x79, 0xb, 0x40, 0xbe, 0x90,

    /* U+01A2 "Ƣ" */
    0x6, 0xcd, 0xad, 0x73, 0xc0, 0xf, 0x97, 0x77,
    0x0, 0xe6, 0x78, 0x60, 0xe, 0x67, 0x77, 0x0,
    0xe6, 0x73, 0xd0, 0x1f, 0x67, 0x7, 0xdd, 0x76,
    0x70, 0x0, 0x0, 0x67, 0x0, 0x0, 0x6, 0x70,

    /* U+01A3 "ƣ" */
    0x1c, 0xc9, 0xf1, 0x76, 0x3d, 0xe1, 0xa4, 0x3b,
    0xd1, 0x77, 0x3b, 0xd1, 0x1c, 0xd6, 0xd1, 0x0,
    0x0, 0xd1, 0x0, 0x0, 0xd1,

    /* U+01A4 "Ƥ" */
    0x6d, 0xfd, 0xd4, 0x82, 0xc0, 0x3d, 0x1, 0xc0,
    0xe, 0x1, 0xc0, 0x4c, 0x1, 0xfd, 0xc3, 0x1,
    0xc0, 0x0, 0x1, 0xc0, 0x0,

    /* U+01A5 "ƥ" */
    0x2c, 0x30, 0x6, 0x70, 0x0, 0x6b, 0xdb, 0x6,
    0xb0, 0x96, 0x67, 0x5, 0x86, 0xb0, 0x96, 0x6b,
    0xdb, 0x6, 0x60, 0x0, 0x66, 0x0, 0x0,

    /* U+01A6 "Ʀ" */
    0x0, 0x0, 0x0, 0x9e, 0xda, 0x0, 0x96, 0xa,
    0x60, 0x96, 0xb, 0x50, 0x9e, 0xfa, 0x0, 0x96,
    0x4b, 0x0, 0x96, 0xd, 0x20, 0x96, 0x6, 0x90,
    0x0, 0x0, 0xe1, 0x0, 0x0, 0x53,

    /* U+01A7 "Ƨ" */
    0xb, 0xeb, 0x15, 0x80, 0x77, 0x0, 0x1a, 0x60,
    0x9e, 0x80, 0x79, 0x0, 0x7, 0x80, 0x6a, 0x1b,
    0xec, 0x20,

    /* U+01A8 "ƨ" */
    0x2c, 0xc4, 0x22, 0x3b, 0x2b, 0xb3, 0x86, 0x5,
    0x2b, 0xc5,

    /* U+01A9 "Ʃ" */
    0x6f, 0xdd, 0xc0, 0xc4, 0x0, 0x1, 0xd2, 0x0,
    0x7, 0x80, 0x3, 0xd0, 0x1, 0xc2, 0x0, 0x8f,
    0xdd, 0xd0,

    /* U+01AA "ƪ" */
    0x1d, 0xb0, 0x6, 0x69, 0x40, 0x67, 0xa5, 0x1,
    0xcf, 0x50, 0x0, 0x95, 0x0, 0x9, 0x50, 0x0,
    0x95, 0x0, 0x8, 0x60, 0x0, 0x3d, 0x20,

    /* U+01AB "ƫ" */
    0x49, 0xc, 0xe5, 0x49, 0x4, 0x90, 0x49, 0x1,
    0xd5, 0x4, 0x91, 0xd4,

    /* U+01AC "Ƭ" */
    0x5d, 0xfe, 0xd0, 0x71, 0xa3, 0x0, 0x0, 0xa3,
    0x0, 0x0, 0xa3, 0x0, 0x0, 0xa3, 0x0, 0x0,
    0xa3, 0x0, 0x0, 0xa3, 0x0,

    /* U+01AD "ƭ" */
    0xc, 0x54, 0x90, 0xce, 0x54, 0x80, 0x48, 0x4,
    0x90, 0xc, 0x60,

    /* U+01AE "Ʈ" */
    0x8d, 0xfd, 0xc0, 0xd, 0x0, 0x0, 0xd0, 0x0,
    0xd, 0x0, 0x0, 0xd0, 0x0, 0xd, 0x0, 0x0,
    0xd0, 0x0, 0xd, 0x10, 0x0, 0x7c, 0x0,

    /* U+01AF "Ư" */
    0x0, 0x0, 0x8, 0x58, 0x0, 0x9d, 0x58, 0x0,
    0x94, 0x58, 0x0, 0x94, 0x58, 0x0, 0x94, 0x59,
    0x0, 0xa4, 0x2e, 0x22, 0xe1, 0x6, 0xee, 0x60,

    /* U+01B0 "ư" */
    0x0, 0x0, 0xb6, 0x60, 0x99, 0x66, 0x9, 0x36,
    0x60, 0xa3, 0x59, 0xd, 0x30, 0xcc, 0xb3,

    /* U+01B1 "Ʊ" */
    0x8e, 0x96, 0xfa, 0xc, 0x42, 0xd1, 0x59, 0x0,
    0x78, 0x86, 0x0, 0x3a, 0x79, 0x0, 0x69, 0x2e,
    0x21, 0xc4, 0x5, 0xde, 0x70,

    /* U+01B2 "Ʋ" */
    0x86, 0x1e, 0x48, 0x60, 0x5a, 0x86, 0x3, 0xb8,
    0x60, 0x3b, 0x86, 0x4, 0xb6, 0xa0, 0x88, 0xb,
    0xec, 0x10,

    /* U+01B3 "Ƴ" */
    0x0, 0x0, 0x0, 0x87, 0x0, 0xa8, 0x1d, 0x4,
    0xa0, 0x7, 0x7c, 0x20, 0x0, 0xe9, 0x0, 0x0,
    0xa4, 0x0, 0x0, 0x94, 0x0, 0x0, 0x94, 0x0,

    /* U+01B4 "ƴ" */
    0x0, 0x0, 0xc5, 0x0, 0x6, 0x70, 0xa4, 0xb,
    0x20, 0x58, 0xd, 0x0, 0xd, 0x48, 0x0, 0xa,
    0xa3, 0x0, 0x5, 0xe0, 0x0, 0x4, 0x90, 0x0,
    0x5d, 0x20, 0x0,

    /* U+01B5 "Ƶ" */
    0x7d, 0xde, 0x90, 0x0, 0xc3, 0x0, 0x59, 0x0,
    0xce, 0xc2, 0x8, 0x70, 0x1, 0xd0, 0x0, 0x7f,
    0xdd, 0x90,

    /* U+01B6 "ƶ" */
    0x5d, 0xde, 0x0, 0x96, 0xa, 0xd4, 0xd, 0x10,
    0x7f, 0xdd,

    /* U+01B7 "Ʒ" */
    0x4d, 0xde, 0xe0, 0x0, 0xb, 0x40, 0x0, 0x97,
    0x0, 0x1, 0xdb, 0x10, 0x0, 0x6, 0xb0, 0x0,
    0x0, 0xf0, 0x42, 0x0, 0xe0, 0x6b, 0x4, 0xb0,
    0x9, 0xec, 0x20,

    /* U+01B8 "Ƹ" */
    0x6f, 0xee, 0xb0, 0xc, 0x30, 0x0, 0x1, 0xc1,
    0x0, 0x5, 0xd8, 0x0, 0x3d, 0x20, 0x0, 0x88,
    0x0, 0x0, 0x86, 0x0, 0x50, 0x4c, 0x3, 0xe0,
    0x8, 0xed, 0x30,

    /* U+01B9 "ƹ" */
    0x5f, 0xee, 0x40, 0xc4, 0x0, 0x1, 0xd1, 0x1,
    0xcb, 0x20, 0x68, 0x0, 0x7, 0x90, 0x76, 0xb,
    0xeb, 0x10,

    /* U+01BA "ƺ" */
    0x5d, 0xef, 0x0, 0x1d, 0x30, 0x8, 0xd4, 0x0,
    0x5, 0xa0, 0x2b, 0xb2, 0x8, 0x61, 0x70, 0x2c,
    0xd5, 0x0,

    /* U+01BB "ƻ" */
    0xb, 0xe8, 0x5, 0x90, 0xc2, 0x0, 0x9, 0x40,
    0x0, 0xd0, 0xa, 0xed, 0x40, 0x97, 0x0, 0x6f,
    0xdd, 0x50,

    /* U+01BC "Ƽ" */
    0x9f, 0xdd, 0x32, 0xa0, 0x0, 0x4d, 0xc9, 0x1,
    0x40, 0xb4, 0x0, 0x7, 0x74, 0x80, 0xb4, 0xb,
    0xea, 0x0,

    /* U+01BD "ƽ" */
    0x7f, 0xdd, 0x0, 0xd0, 0x0, 0xf, 0xc8, 0x1,
    0x60, 0xd1, 0xb, 0xdb, 0x0,

    /* U+01BE "ƾ" */
    0x6, 0x80, 0x1d, 0xe3, 0x5, 0xa0, 0x0, 0xc7,
    0x35, 0x1e, 0x1c, 0xc6,

    /* U+01BF "ƿ" */
    0x4d, 0xdb, 0x4, 0xb0, 0xb3, 0x4a, 0x8, 0x64,
    0xa0, 0xa5, 0x4b, 0x8c, 0x4, 0xe7, 0x0, 0x4a,
    0x0, 0x0,

    /* U+01C0 "ǀ" */
    0x36, 0x36, 0x36, 0x36, 0x36, 0x36, 0x36,

    /* U+01C1 "ǁ" */
    0x69, 0x46, 0x94, 0x69, 0x46, 0x94, 0x69, 0x46,
    0x94, 0x69, 0x40,

    /* U+01C2 "ǂ" */
    0x5, 0x50, 0x5, 0x50, 0x3c, 0xc3, 0x5, 0x50,
    0x3c, 0xc3, 0x5, 0x50, 0x5, 0x50,

    /* U+01C3 "ǃ" */
    0x4a, 0x3a, 0x3a, 0x3a, 0x14, 0x2, 0x3a,

    /* U+01C5 "ǅ" */
    0x5f, 0xec, 0x30, 0x19, 0x90, 0x58, 0x3, 0xd0,
    0x0, 0x0, 0x58, 0x0, 0xa3, 0x9d, 0xea, 0x58,
    0x0, 0x84, 0x0, 0xc2, 0x58, 0x0, 0xa3, 0x7,
    0x70, 0x58, 0x3, 0xd0, 0x3c, 0x0, 0x5f, 0xec,
    0x30, 0xbf, 0xea,

    /* U+01C6 "ǆ" */
    0x0, 0x7, 0x50, 0xbb, 0x20, 0x0, 0x75, 0x0,
    0x10, 0x1c, 0xdb, 0x57, 0xee, 0xd7, 0x90, 0xc5,
    0x0, 0x95, 0x95, 0x8, 0x50, 0x5a, 0x7, 0x91,
    0xc5, 0x1d, 0x10, 0x1c, 0xdb, 0x58, 0xfe, 0xe0,

    /* U+01C7 "Ǉ" */
    0x58, 0x0, 0x0, 0x6, 0x75, 0x80, 0x0, 0x0,
    0x67, 0x58, 0x0, 0x0, 0x6, 0x75, 0x80, 0x0,
    0x0, 0x67, 0x58, 0x0, 0x5, 0x6, 0x75, 0x80,
    0x0, 0xd0, 0x94, 0x5e, 0xdd, 0x27, 0xec, 0x0,

    /* U+01C8 "ǈ" */
    0x58, 0x0, 0xc, 0x5, 0x80, 0x0, 0x0, 0x58,
    0x0, 0xd, 0x5, 0x80, 0x0, 0xd0, 0x58, 0x0,
    0xd, 0x5, 0x80, 0x0, 0xd0, 0x5e, 0xdd, 0x2d,
    0x0, 0x0, 0x0, 0xd0, 0x0, 0x0, 0x87, 0x0,

    /* U+01C9 "ǉ" */
    0x66, 0x67, 0x66, 0x0, 0x66, 0x67, 0x66, 0x67,
    0x66, 0x67, 0x66, 0x67, 0x66, 0x67, 0x0, 0x76,
    0x1, 0xc1,

    /* U+01CA "Ǌ" */
    0x5e, 0x0, 0x76, 0x0, 0xd, 0x5, 0xe7, 0x7,
    0x60, 0x0, 0xd0, 0x59, 0xd0, 0x76, 0x0, 0xd,
    0x5, 0x87, 0x77, 0x60, 0x0, 0xd0, 0x58, 0xd,
    0x86, 0x31, 0xd, 0x5, 0x80, 0x6e, 0x66, 0x60,
    0xc0, 0x58, 0x0, 0xd6, 0x1c, 0xd5, 0x0,

    /* U+01CB "ǋ" */
    0x5e, 0x0, 0x76, 0x57, 0x5f, 0x70, 0x76, 0x0,
    0x59, 0xe0, 0x76, 0x57, 0x58, 0x87, 0x76, 0x57,
    0x58, 0x1d, 0x86, 0x57, 0x58, 0x7, 0xe6, 0x57,
    0x58, 0x0, 0xd6, 0x57, 0x0, 0x0, 0x0, 0x66,
    0x0, 0x0, 0x1, 0xc2,

    /* U+01CC "ǌ" */
    0x0, 0x0, 0x9, 0x30, 0x0, 0x0, 0x0, 0x6a,
    0xd9, 0x9, 0x36, 0xa0, 0xc2, 0x93, 0x67, 0x9,
    0x39, 0x36, 0x60, 0x93, 0x93, 0x66, 0x9, 0x39,
    0x30, 0x0, 0x0, 0xa3, 0x0, 0x0, 0x4b, 0x0,

    /* U+01CD "Ǎ" */
    0x2, 0x45, 0x0, 0x0, 0x63, 0x0, 0x0, 0xd8,
    0x0, 0x2, 0xac, 0x0, 0x7, 0x6c, 0x10, 0xc,
    0x17, 0x60, 0x1f, 0xdd, 0xb0, 0x58, 0x0, 0xd0,
    0xa4, 0x0, 0x95,

    /* U+01CE "ǎ" */
    0x9, 0xa2, 0x0, 0x0, 0x1c, 0xc7, 0x22, 0xe,
    0x3b, 0xae, 0x94, 0x1f, 0x3c, 0xad,

    /* U+01CF "Ǐ" */
    0x5, 0x41, 0x4, 0x50, 0x5, 0x80, 0x5, 0x80,
    0x5, 0x80, 0x5, 0x80, 0x5, 0x80, 0x5, 0x80,
    0x5, 0x80,

    /* U+01D0 "ǐ" */
    0x1b, 0xa1, 0x4, 0x40, 0x6, 0x60, 0x6, 0x60,
    0x6, 0x60, 0x6, 0x60, 0x6, 0x60,

    /* U+01D1 "Ǒ" */
    0x0, 0x54, 0x10, 0x0, 0x45, 0x0, 0x5, 0xde,
    0x60, 0x1d, 0x11, 0xc3, 0x67, 0x0, 0x58, 0x85,
    0x0, 0x3a, 0x67, 0x0, 0x58, 0x1d, 0x11, 0xc3,
    0x5, 0xde, 0x60,

    /* U+01D2 "ǒ" */
    0x7, 0xa4, 0x0, 0x0, 0x0, 0xb, 0xe9, 0x7,
    0x90, 0xb4, 0x94, 0x7, 0x67, 0x90, 0xb4, 0xb,
    0xe9, 0x0,

    /* U+01D3 "Ǔ" */
    0x1, 0x55, 0x0, 0x0, 0x54, 0x0, 0x58, 0x0,
    0x94, 0x58, 0x0, 0x94, 0x58, 0x0, 0x94, 0x58,
    0x0, 0x94, 0x59, 0x0, 0xa4, 0x2e, 0x22, 0xe1,
    0x6, 0xee, 0x50,

    /* U+01D4 "ǔ" */
    0xa, 0x86, 0x0, 0x17, 0x0, 0x66, 0x9, 0x36,
    0x60, 0x93, 0x66, 0xa, 0x35, 0x90, 0xd3, 0xc,
    0xcb, 0x30,

    /* U+01D5 "Ǖ" */
    0x1, 0x99, 0x0, 0x0, 0x0, 0x0, 0x2, 0x56,
    0x20, 0x58, 0x0, 0x94, 0x58, 0x0, 0x94, 0x58,
    0x0, 0x94, 0x58, 0x0, 0x94, 0x59, 0x0, 0xa4,
    0x2e, 0x22, 0xe1, 0x6, 0xee, 0x50,

    /* U+01D6 "ǖ" */
    0x6, 0x94, 0x0, 0xb2, 0xa0, 0x0, 0x0, 0x6,
    0x60, 0x93, 0x66, 0x9, 0x36, 0x60, 0xa3, 0x59,
    0xd, 0x30, 0xcc, 0xb3,

    /* U+01D7 "Ǘ" */
    0x0, 0x1a, 0x0, 0x0, 0x0, 0x0, 0x2, 0x56,
    0x20, 0x58, 0x0, 0x94, 0x58, 0x0, 0x94, 0x58,
    0x0, 0x94, 0x58, 0x0, 0x94, 0x59, 0x0, 0xa4,
    0x2e, 0x22, 0xe1, 0x6, 0xee, 0x50,

    /* U+01D8 "ǘ" */
    0x0, 0x0, 0x0, 0x9, 0x20, 0xb, 0x2a, 0x0,
    0x0, 0x0, 0x66, 0x9, 0x36, 0x60, 0x93, 0x66,
    0xa, 0x35, 0x90, 0xd3, 0xc, 0xcb, 0x30,

    /* U+01D9 "Ǚ" */
    0x0, 0x99, 0x0, 0x0, 0x0, 0x0, 0x2, 0x56,
    0x20, 0x58, 0x0, 0x94, 0x58, 0x0, 0x94, 0x58,
    0x0, 0x94, 0x58, 0x0, 0x94, 0x59, 0x0, 0xa4,
    0x2e, 0x22, 0xe1, 0x6, 0xee, 0x50,

    /* U+01DA "ǚ" */
    0x5, 0x14, 0x0, 0x4d, 0x20, 0xb, 0x2a, 0x0,
    0x0, 0x0, 0x66, 0x9, 0x36, 0x60, 0x93, 0x66,
    0xa, 0x35, 0x90, 0xd3, 0xc, 0xcb, 0x30,

    /* U+01DB "Ǜ" */
    0x0, 0xb0, 0x0, 0x0, 0x10, 0x0, 0x2, 0x56,
    0x20, 0x58, 0x0, 0x94, 0x58, 0x0, 0x94, 0x58,
    0x0, 0x94, 0x58, 0x0, 0x94, 0x59, 0x0, 0xa4,
    0x2e, 0x22, 0xe1, 0x6, 0xee, 0x50,

    /* U+01DC "ǜ" */
    0x0, 0x0, 0x0, 0x46, 0x0, 0xb, 0x2a, 0x0,
    0x0, 0x0, 0x66, 0x9, 0x36, 0x60, 0x93, 0x66,
    0xa, 0x35, 0x90, 0xd3, 0xc, 0xcb, 0x30,

    /* U+01DD "ǝ" */
    0x1b, 0xd7, 0x2, 0x20, 0xc2, 0x8c, 0xbe, 0x47,
    0x70, 0xc2, 0x1c, 0xd7, 0x0,

    /* U+01DE "Ǟ" */
    0x2, 0x98, 0x0, 0x0, 0x0, 0x0, 0x3, 0x47,
    0x0, 0x0, 0xd8, 0x0, 0x2, 0xac, 0x0, 0x7,
    0x6c, 0x10, 0xc, 0x17, 0x60, 0x1f, 0xdd, 0xb0,
    0x58, 0x0, 0xd0, 0xa4, 0x0, 0x95,

    /* U+01DF "ǟ" */
    0x8, 0x93, 0xb, 0x47, 0x0, 0x0, 0x1c, 0xc7,
    0x22, 0xe, 0x3b, 0xae, 0x94, 0x1f, 0x3c, 0xad,

    /* U+01E0 "Ǡ" */
    0x2, 0x98, 0x0, 0x0, 0x0, 0x0, 0x0, 0x83,
    0x0, 0x0, 0xd8, 0x0, 0x2, 0xac, 0x0, 0x7,
    0x6c, 0x10, 0xc, 0x17, 0x60, 0x1f, 0xdd, 0xb0,
    0x58, 0x0, 0xd0, 0xa4, 0x0, 0x95,

    /* U+01E1 "ǡ" */
    0x8, 0x93, 0x3, 0xa0, 0x0, 0x0, 0x1c, 0xc7,
    0x22, 0xe, 0x3b, 0xae, 0x94, 0x1f, 0x3c, 0xad,

    /* U+01E2 "Ǣ" */
    0x0, 0x0, 0x9a, 0x30, 0x0, 0x4d, 0xfd, 0xd6,
    0x0, 0xa5, 0xb0, 0x0, 0x1, 0xc1, 0xb0, 0x0,
    0x7, 0x61, 0xfd, 0xd4, 0xd, 0xcc, 0xb0, 0x0,
    0x3a, 0x1, 0xb0, 0x0, 0x95, 0x1, 0xfd, 0xd7,

    /* U+01E3 "ǣ" */
    0x0, 0x5a, 0x70, 0x0, 0x0, 0x0, 0x0, 0x1c,
    0xd8, 0xdd, 0x42, 0x30, 0xe2, 0x2c, 0x2a, 0xbe,
    0xbb, 0xc9, 0x51, 0xf2, 0x4, 0x3d, 0xc5, 0xdc,
    0x50,

    /* U+01E4 "Ǥ" */
    0x5, 0xde, 0x70, 0x1d, 0x11, 0xc4, 0x67, 0x0,
    0x0, 0x85, 0xa, 0xd7, 0x67, 0x0, 0x58, 0x2d,
    0x17, 0xda, 0x5, 0xde, 0x90,

    /* U+01E5 "ǥ" */
    0xb, 0xcb, 0x50, 0x78, 0xb, 0x50, 0x94, 0x3c,
    0xb2, 0x78, 0xb, 0x50, 0x1c, 0xdb, 0x50, 0x12,
    0x9, 0x40, 0x1b, 0xc9, 0x0,

    /* U+01E6 "Ǧ" */
    0x0, 0x54, 0x10, 0x0, 0x45, 0x0, 0x5, 0xde,
    0x70, 0x1d, 0x11, 0xc4, 0x67, 0x0, 0x0, 0x85,
    0xa, 0xd7, 0x67, 0x0, 0x86, 0x2d, 0x11, 0xd2,
    0x5, 0xde, 0x60,

    /* U+01E7 "ǧ" */
    0xa, 0x86, 0x0, 0x17, 0x0, 0xb, 0xcb, 0x57,
    0x80, 0xb5, 0x94, 0x8, 0x57, 0x80, 0xb5, 0x1c,
    0xdb, 0x51, 0x20, 0x94, 0x1b, 0xc9, 0x0,

    /* U+01E8 "Ǩ" */
    0x2, 0x35, 0x0, 0x0, 0x63, 0x0, 0x58, 0x4,
    0xd0, 0x58, 0x1d, 0x20, 0x58, 0xb5, 0x0, 0x5d,
    0xf3, 0x0, 0x5c, 0x3c, 0x0, 0x58, 0xa, 0x60,
    0x58, 0x1, 0xd1,

    /* U+01E9 "ǩ" */
    0x15, 0x51, 0x0, 0x4, 0x40, 0x0, 0x6, 0x60,
    0x0, 0x6, 0x60, 0x0, 0x6, 0x63, 0xc0, 0x6,
    0x8d, 0x20, 0x6, 0xfc, 0x0, 0x6, 0x7a, 0x60,
    0x6, 0x61, 0xd1,

    /* U+01EA "Ǫ" */
    0x5, 0xde, 0x60, 0x1d, 0x11, 0xc3, 0x67, 0x0,
    0x58, 0x85, 0x0, 0x3a, 0x77, 0x0, 0x59, 0x2d,
    0x10, 0xb4, 0x6, 0xde, 0x80, 0x0, 0x77, 0x0,
    0x0, 0x6b, 0x0,

    /* U+01EB "ǫ" */
    0xb, 0xd9, 0x6, 0x80, 0xb4, 0x94, 0x7, 0x67,
    0x70, 0xa3, 0x1c, 0xcb, 0x0, 0x1b, 0x0, 0x2,
    0xd3, 0x0,

    /* U+01EC "Ǭ" */
    0x0, 0xaa, 0x10, 0x5, 0xde, 0x60, 0x1d, 0x11,
    0xc3, 0x67, 0x0, 0x58, 0x85, 0x0, 0x3a, 0x77,
    0x0, 0x59, 0x2d, 0x10, 0xb4, 0x6, 0xde, 0x80,
    0x0, 0x77, 0x0, 0x0, 0x6b, 0x0,

    /* U+01ED "ǭ" */
    0x7, 0xa5, 0x0, 0x0, 0x0, 0xb, 0xd9, 0x6,
    0x80, 0xb4, 0x94, 0x7, 0x67, 0x70, 0xa3, 0x1c,
    0xcb, 0x0, 0x1b, 0x0, 0x2, 0xd3, 0x0,

    /* U+01EE "Ǯ" */
    0x3, 0x26, 0x0, 0x1, 0xc7, 0x0, 0x4d, 0xde,
    0xe0, 0x0, 0xb, 0x40, 0x0, 0x97, 0x0, 0x1,
    0xdb, 0x10, 0x0, 0x6, 0xb0, 0x0, 0x0, 0xf0,
    0x42, 0x0, 0xe0, 0x6b, 0x4, 0xb0, 0x9, 0xec,
    0x20,

    /* U+01EF "ǯ" */
    0x4, 0x24, 0x0, 0x17, 0x10, 0x3d, 0xdf, 0x50,
    0x2, 0xc0, 0x0, 0xc2, 0x0, 0x2d, 0x90, 0x0,
    0x8, 0x75, 0x70, 0x88, 0x1a, 0xeb, 0x10,

    /* U+01F0 "ǰ" */
    0x1b, 0xa1, 0x4, 0x40, 0x6, 0x60, 0x6, 0x60,
    0x6, 0x60, 0x6, 0x60, 0x6, 0x60, 0x7, 0x60,
    0x1c, 0x10,

    /* U+01F1 "Ǳ" */
    0x5f, 0xec, 0x30, 0xad, 0xdf, 0x65, 0x80, 0x3d,
    0x0, 0x1, 0xd0, 0x58, 0x0, 0xa3, 0x0, 0x96,
    0x5, 0x80, 0x8, 0x40, 0x2c, 0x0, 0x58, 0x0,
    0xa3, 0xb, 0x40, 0x5, 0x80, 0x3d, 0x4, 0xa0,
    0x0, 0x5f, 0xec, 0x30, 0xbe, 0xee, 0x60,

    /* U+01F2 "ǲ" */
    0x5f, 0xec, 0x30, 0x0, 0x0, 0x58, 0x3, 0xd0,
    0x0, 0x0, 0x58, 0x0, 0xa3, 0x9d, 0xea, 0x58,
    0x0, 0x84, 0x0, 0xc2, 0x58, 0x0, 0xa3, 0x7,
    0x70, 0x58, 0x3, 0xd0, 0x3c, 0x0, 0x5f, 0xec,
    0x30, 0xbf, 0xea,

    /* U+01F3 "ǳ" */
    0x0, 0x7, 0x50, 0x0, 0x0, 0x0, 0x75, 0x0,
    0x0, 0x1c, 0xdb, 0x57, 0xee, 0xd7, 0x90, 0xc5,
    0x0, 0x95, 0x95, 0x8, 0x50, 0x5a, 0x7, 0x91,
    0xc5, 0x1d, 0x10, 0x1c, 0xdb, 0x58, 0xfe, 0xe0,

    /* U+01F4 "Ǵ" */
    0x0, 0x0, 0x0, 0x0, 0xb, 0x0, 0x0, 0x1,
    0x0, 0x5, 0xde, 0x70, 0x1d, 0x11, 0xc4, 0x67,
    0x0, 0x0, 0x85, 0xa, 0xd7, 0x67, 0x0, 0x86,
    0x2d, 0x11, 0xd2, 0x5, 0xde, 0x60,

    /* U+01F5 "ǵ" */
    0x0, 0x0, 0x0, 0x9, 0x20, 0x0, 0x20, 0x0,
    0xbc, 0xb5, 0x78, 0xb, 0x59, 0x40, 0x85, 0x78,
    0xb, 0x51, 0xcd, 0xb5, 0x12, 0x9, 0x41, 0xbc,
    0x90,

    /* U+01F6 "Ƕ" */
    0x58, 0x0, 0x94, 0x0, 0x5, 0x80, 0x9, 0x40,
    0x0, 0x58, 0x0, 0x94, 0x7, 0x65, 0xfd, 0xdf,
    0x40, 0x76, 0x58, 0x0, 0x95, 0x8, 0x65, 0x80,
    0x7, 0x90, 0xb4, 0x58, 0x0, 0xb, 0xea, 0x0,

    /* U+01F7 "Ƿ" */
    0x7e, 0xcb, 0x17, 0x80, 0x79, 0x77, 0x3, 0xc7,
    0x70, 0x2c, 0x77, 0x6, 0xa7, 0x70, 0xd3, 0x7a,
    0xc7, 0x7, 0xd4, 0x0, 0x77, 0x0, 0x0,

    /* U+01F8 "Ǹ" */
    0x0, 0x0, 0x0, 0x0, 0xa2, 0x0, 0x5e, 0x0,
    0x76, 0x5e, 0x70, 0x76, 0x59, 0xd0, 0x76, 0x58,
    0x78, 0x76, 0x58, 0xd, 0x96, 0x58, 0x6, 0xe6,
    0x58, 0x0, 0xd6,

    /* U+01F9 "ǹ" */
    0x0, 0x0, 0x0, 0x56, 0x0, 0x0, 0x20, 0x6,
    0xad, 0x90, 0x6a, 0xc, 0x26, 0x70, 0x93, 0x66,
    0x9, 0x36, 0x60, 0x93,

    /* U+01FA "Ǻ" */
    0x0, 0x26, 0x0, 0x0, 0x86, 0x0, 0x0, 0x96,
    0x0, 0x0, 0xd8, 0x0, 0x2, 0xac, 0x0, 0x7,
    0x6c, 0x10, 0xc, 0x17, 0x60, 0x1f, 0xdd, 0xb0,
    0x58, 0x0, 0xd0, 0xa4, 0x0, 0x95,

    /* U+01FB "ǻ" */
    0x0, 0x80, 0x4, 0x80, 0x8, 0x52, 0x4, 0x80,
    0x1c, 0xc7, 0x22, 0xe, 0x3b, 0xae, 0x94, 0x1f,
    0x3c, 0xad,

    /* U+01FC "Ǽ" */
    0x0, 0x0, 0x0, 0x0, 0x0, 0x0, 0xb, 0x0,
    0x0, 0x4d, 0xfd, 0xd6, 0x0, 0xa5, 0xb0, 0x0,
    0x1, 0xc1, 0xb0, 0x0, 0x7, 0x61, 0xfd, 0xd4,
    0xd, 0xcc, 0xb0, 0x0, 0x3a, 0x1, 0xb0, 0x0,
    0x95, 0x1, 0xfd, 0xd7,

    /* U+01FD "ǽ" */
    0x0, 0x0, 0x0, 0x0, 0x0, 0x65, 0x0, 0x0,
    0x2, 0x0, 0x1, 0xcd, 0x8d, 0xd4, 0x23, 0xe,
    0x22, 0xc2, 0xab, 0xeb, 0xbc, 0x95, 0x1f, 0x20,
    0x43, 0xdc, 0x5d, 0xc5,

    /* U+01FE "Ǿ" */
    0x0, 0x0, 0x0, 0x0, 0xb, 0x0, 0x0, 0x1,
    0x0, 0x5, 0xdd, 0xc2, 0x1d, 0x14, 0xf3, 0x67,
    0xb, 0x88, 0x86, 0x67, 0x3a, 0x6a, 0xc0, 0x58,
    0x2f, 0x61, 0xc3, 0x1c, 0xde, 0x60, 0x0, 0x0,
    0x0,

    /* U+01FF "ǿ" */
    0x0, 0x0, 0x0, 0x9, 0x20, 0x0, 0x20, 0x0,
    0xbd, 0xb4, 0x78, 0x3e, 0x29, 0x59, 0x76, 0x5d,
    0x1b, 0x46, 0xad, 0x90, 0x0, 0x0, 0x0,

    /* U+0200 "Ȁ" */
    0x0, 0x0, 0x0, 0x9, 0x69, 0x0, 0x0, 0xd8,
    0x0, 0x2, 0xac, 0x0, 0x7, 0x6c, 0x10, 0xc,
    0x17, 0x60, 0x1f, 0xdd, 0xb0, 0x58, 0x0, 0xd0,
    0xa4, 0x0, 0x95,

    /* U+0201 "ȁ" */
    0x0, 0x0, 0x48, 0xc0, 0x2, 0x20, 0x1c, 0xc7,
    0x22, 0xe, 0x3b, 0xae, 0x94, 0x1f, 0x3c, 0xad,

    /* U+0202 "Ȃ" */
    0x1, 0x96, 0x0, 0x2, 0x24, 0x0, 0x0, 0xd8,
    0x0, 0x2, 0xac, 0x0, 0x7, 0x6c, 0x10, 0xc,
    0x17, 0x60, 0x1f, 0xdd, 0xb0, 0x58, 0x0, 0xd0,
    0xa4, 0x0, 0x95,

    /* U+0203 "ȃ" */
    0x8, 0xa2, 0x3, 0x2, 0x1c, 0xc7, 0x22, 0xe,
    0x3b, 0xae, 0x94, 0x1f, 0x3c, 0xad,

    /* U+0204 "Ȅ" */
    0x0, 0x0, 0x1, 0xa8, 0x40, 0x5e, 0xdd, 0x45,
    0x80, 0x0, 0x58, 0x0, 0x5, 0xed, 0xd1, 0x58,
    0x0, 0x5, 0x80, 0x0, 0x5e, 0xdd, 0x40,

    /* U+0205 "ȅ" */
    0x0, 0x0, 0x2, 0xaa, 0x10, 0x2, 0x11, 0x0,
    0xbd, 0x80, 0x78, 0xb, 0x29, 0xcb, 0xc4, 0x77,
    0x4, 0x0, 0xbd, 0x90,

    /* U+0206 "Ȇ" */
    0x3, 0x93, 0x0, 0x40, 0x40, 0x5e, 0xdd, 0x45,
    0x80, 0x0, 0x58, 0x0, 0x5, 0xed, 0xd1, 0x58,
    0x0, 0x5, 0x80, 0x0, 0x5e, 0xdd, 0x40,

    /* U+0207 "ȇ" */
    0x6, 0xa3, 0x0, 0x30, 0x30, 0xb, 0xd8, 0x7,
    0x80, 0xb2, 0x9c, 0xbc, 0x47, 0x70, 0x40, 0xb,
    0xd9, 0x0,

    /* U+0208 "Ȉ" */
    0x0, 0x0, 0x57, 0xb0, 0x5, 0x80, 0x5, 0x80,
    0x5, 0x80, 0x5, 0x80, 0x5, 0x80, 0x5, 0x80,
    0x5, 0x80,

    /* U+0209 "ȉ" */
    0x0, 0x7, 0x6b, 0x2, 0x20, 0x66, 0x6, 0x60,
    0x66, 0x6, 0x60, 0x66,

    /* U+020A "Ȋ" */
    0x7, 0x90, 0x4, 0x22, 0x5, 0x80, 0x5, 0x80,
    0x5, 0x80, 0x5, 0x80, 0x5, 0x80, 0x5, 0x80,
    0x5, 0x80,

    /* U+020B "ȋ" */
    0xa, 0xa0, 0x12, 0x21, 0x6, 0x60, 0x6, 0x60,
    0x6, 0x60, 0x6, 0x60, 0x6, 0x60,

    /* U+020C "Ȍ" */
    0x0, 0x0, 0x0, 0x6, 0x6b, 0x0, 0x0, 0x22,
    0x0, 0x5, 0xde, 0x60, 0x1d, 0x11, 0xc3, 0x67,
    0x0, 0x58, 0x85, 0x0, 0x3a, 0x67, 0x0, 0x58,
    0x1d, 0x11, 0xc3, 0x5, 0xde, 0x60,

    /* U+020D "ȍ" */
    0x0, 0x0, 0x2, 0xaa, 0x20, 0x2, 0x11, 0x0,
    0xbe, 0x90, 0x79, 0xb, 0x49, 0x40, 0x76, 0x79,
    0xb, 0x40, 0xbe, 0x90,

    /* U+020E "Ȏ" */
    0x0, 0x89, 0x0, 0x0, 0x43, 0x10, 0x5, 0xde,
    0x60, 0x1d, 0x11, 0xc3, 0x67, 0x0, 0x58, 0x85,
    0x0, 0x3a, 0x67, 0x0, 0x58, 0x1d, 0x11, 0xc3,
    0x5, 0xde, 0x60,

    /* U+020F "ȏ" */
    0x6, 0xa4, 0x0, 0x30, 0x30, 0xb, 0xe9, 0x7,
    0x90, 0xb4, 0x94, 0x7, 0x67, 0x90, 0xb4, 0xb,
    0xe9, 0x0,

    /* U+0210 "Ȑ" */
    0x0, 0x0, 0x0, 0xb7, 0x50, 0x5e, 0xec, 0x15,
    0x80, 0x79, 0x58, 0x3, 0xb5, 0x80, 0x88, 0x5e,
    0xee, 0x15, 0x80, 0xd2, 0x58, 0x5, 0xa0,

    /* U+0211 "ȑ" */
    0x0, 0x0, 0xb, 0x66, 0x1, 0x12, 0x6, 0xbd,
    0x6, 0xa0, 0x6, 0x70, 0x6, 0x60, 0x6, 0x60,

    /* U+0212 "Ȓ" */
    0x3, 0x94, 0x0, 0x40, 0x40, 0x5e, 0xec, 0x15,
    0x80, 0x79, 0x58, 0x3, 0xb5, 0x80, 0x88, 0x5e,
    0xee, 0x15, 0x80, 0xd2, 0x58, 0x5, 0xa0,

    /* U+0213 "ȓ" */
    0x3a, 0x72, 0x3, 0x6b, 0xd6, 0xa0, 0x67, 0x6,
    0x60, 0x66, 0x0,

    /* U+0214 "Ȕ" */
    0x0, 0x0, 0x0, 0x8, 0x5a, 0x0, 0x0, 0x22,
    0x0, 0x58, 0x0, 0x94, 0x58, 0x0, 0x94, 0x58,
    0x0, 0x94, 0x58, 0x0, 0x94, 0x59, 0x0, 0xa4,
    0x2e, 0x22, 0xe1, 0x6, 0xee, 0x50,

    /* U+0215 "ȕ" */
    0x0, 0x0, 0x2, 0xaa, 0x20, 0x2, 0x11, 0x6,
    0x60, 0x93, 0x66, 0x9, 0x36, 0x60, 0xa3, 0x59,
    0xd, 0x30, 0xcc, 0xb3,

    /* U+0216 "Ȗ" */
    0x0, 0x88, 0x0, 0x1, 0x33, 0x10, 0x58, 0x0,
    0x94, 0x58, 0x0, 0x94, 0x58, 0x0, 0x94, 0x58,
    0x0, 0x94, 0x59, 0x0, 0xa4, 0x2e, 0x22, 0xe1,
    0x6, 0xee, 0x50,

    /* U+0217 "ȗ" */
    0x6, 0xa4, 0x0, 0x30, 0x30, 0x66, 0x9, 0x36,
    0x60, 0x93, 0x66, 0xa, 0x35, 0x90, 0xd3, 0xc,
    0xcb, 0x30,

    /* U+0218 "Ș" */
    0xa, 0xec, 0x15, 0xa0, 0x68, 0x3c, 0x10, 0x0,
    0x6e, 0xb1, 0x0, 0x7, 0xa7, 0x90, 0x6a, 0xb,
    0xec, 0x20, 0x8, 0x0, 0x0, 0xa0, 0x0,

    /* U+0219 "ș" */
    0x1b, 0xc5, 0x68, 0x4, 0x1a, 0xc5, 0x32, 0x1d,
    0x2c, 0xc6, 0x3, 0x50, 0x7, 0x30,

    /* U+021A "Ț" */
    0x8d, 0xfd, 0xc0, 0xd, 0x0, 0x0, 0xd0, 0x0,
    0xd, 0x0, 0x0, 0xd0, 0x0, 0xd, 0x0, 0x0,
    0xd0, 0x0, 0x8, 0x0, 0x0, 0xa0, 0x0,

    /* U+021B "ț" */
    0x49, 0xc, 0xe5, 0x49, 0x4, 0x90, 0x49, 0x0,
    0xc6, 0x8, 0x1, 0x90,

    /* U+021C "Ȝ" */
    0xa, 0xda, 0x15, 0x80, 0x98, 0x0, 0x8, 0x70,
    0x5, 0xf2, 0x1c, 0x99, 0x80, 0x0, 0x69, 0x0,
    0xc, 0x50, 0x7d, 0x70, 0x16, 0x10, 0x0,

    /* U+021D "ȝ" */
    0x1b, 0xc5, 0x35, 0x2b, 0x0, 0x87, 0x1c, 0x8c,
    0x0, 0x1d, 0x1, 0xb8, 0x1b, 0x60,

    /* U+021E "Ȟ" */
    0x1, 0x55, 0x0, 0x0, 0x54, 0x0, 0x58, 0x0,
    0x94, 0x58, 0x0, 0x94, 0x58, 0x0, 0x94, 0x5e,
    0xdd, 0xe4, 0x58, 0x0, 0x94, 0x58, 0x0, 0x94,
    0x58, 0x0, 0x94,

    /* U+021F "ȟ" */
    0x15, 0x51, 0x0, 0x4, 0x40, 0x0, 0x6, 0x60,
    0x0, 0x6, 0x60, 0x0, 0x6, 0xad, 0x90, 0x6,
    0xa0, 0xc2, 0x6, 0x70, 0x93, 0x6, 0x60, 0x93,
    0x6, 0x60, 0x93,

    /* U+0220 "Ƞ" */
    0x7d, 0xdc, 0x17, 0x80, 0x88, 0x76, 0x4, 0xa7,
    0x60, 0x4a, 0x76, 0x4, 0xa7, 0x60, 0x4a, 0x76,
    0x4, 0xa0, 0x0, 0x4a, 0x0, 0x4, 0xa0,

    /* U+0221 "ȡ" */
    0x0, 0x7, 0x50, 0x0, 0x0, 0x75, 0x0, 0x1c,
    0xdb, 0x50, 0x7, 0x80, 0xc5, 0x0, 0x94, 0x8,
    0x50, 0x7, 0x90, 0xc5, 0x0, 0x1c, 0xdb, 0xb5,
    0x0, 0x0, 0xd8, 0xd0, 0x0, 0x38, 0xca, 0x0,

    /* U+0222 "Ȣ" */
    0x2c, 0xa, 0x48, 0x70, 0x5a, 0x87, 0x5, 0xb2,
    0xff, 0xf4, 0x89, 0x7, 0xa9, 0x80, 0x6b, 0x1a,
    0xeb, 0x30,

    /* U+0223 "ȣ" */
    0x2b, 0xa, 0x38, 0x60, 0x4a, 0x88, 0x6, 0xa1,
    0xff, 0xf3, 0x88, 0x6, 0xa8, 0x80, 0x5b, 0x1a,
    0xdb, 0x20,

    /* U+0224 "Ȥ" */
    0x7d, 0xde, 0x90, 0x0, 0xc2, 0x0, 0x59, 0x0,
    0xd, 0x10, 0x7, 0x70, 0x1, 0xd0, 0x0, 0x7f,
    0xdd, 0x90, 0x0, 0x4a, 0x0, 0xd, 0x50,

    /* U+0225 "ȥ" */
    0x5d, 0xde, 0x0, 0x9, 0x60, 0x4, 0xb0, 0x0,
    0xd1, 0x0, 0x7f, 0xd8, 0x0, 0x0, 0xb1, 0x0,
    0x0, 0x0,

    /* U+0226 "Ȧ" */
    0x0, 0x83, 0x0, 0x0, 0x0, 0x0, 0x0, 0xd8,
    0x0, 0x2, 0xac, 0x0, 0x7, 0x6c, 0x10, 0xc,
    0x17, 0x60, 0x1f, 0xdd, 0xb0, 0x58, 0x0, 0xd0,
    0xa4, 0x0, 0x95,

    /* U+0227 "ȧ" */
    0x3, 0xa0, 0x0, 0x0, 0x1c, 0xc7, 0x22, 0xe,
    0x3b, 0xae, 0x94, 0x1f, 0x3c, 0xad,

    /* U+0228 "Ȩ" */
    0x5e, 0xdd, 0x45, 0x80, 0x0, 0x58, 0x0, 0x5,
    0xed, 0xd1, 0x58, 0x0, 0x5, 0x80, 0x0, 0x5e,
    0xdd, 0x40, 0x8, 0x20, 0x0, 0x94, 0x0,

    /* U+0229 "ȩ" */
    0xb, 0xd8, 0x7, 0x80, 0xb2, 0x9c, 0xbc, 0x45,
    0x70, 0x40, 0xb, 0xda, 0x0, 0x9, 0x0, 0x0,
    0xa3, 0x0,

    /* U+022A "Ȫ" */
    0x0, 0x99, 0x10, 0x0, 0x0, 0x0, 0x0, 0x64,
    0x20, 0x5, 0xde, 0x60, 0x1d, 0x11, 0xc3, 0x67,
    0x0, 0x58, 0x85, 0x0, 0x3a, 0x67, 0x0, 0x58,
    0x1d, 0x11, 0xc3, 0x5, 0xde, 0x60,

    /* U+022B "ȫ" */
    0x6, 0x94, 0x0, 0xb2, 0xa0, 0x0, 0x0, 0x0,
    0xbe, 0x90, 0x79, 0xb, 0x49, 0x40, 0x76, 0x79,
    0xb, 0x40, 0xbe, 0x90,

    /* U+022C "Ȭ" */
    0x0, 0x99, 0x10, 0x0, 0x84, 0x20, 0x0, 0x69,
    0x0, 0x5, 0xde, 0x60, 0x1d, 0x11, 0xc3, 0x67,
    0x0, 0x58, 0x85, 0x0, 0x3a, 0x67, 0x0, 0x58,
    0x1d, 0x11, 0xc3, 0x5, 0xde, 0x60,

    /* U+022D "ȭ" */
    0x6, 0x94, 0x0, 0x79, 0x50, 0x0, 0x0, 0x0,
    0xbe, 0x90, 0x79, 0xb, 0x49, 0x40, 0x76, 0x79,
    0xb, 0x40, 0xbe, 0x90,

    /* U+022E "Ȯ" */
    0x0, 0x57, 0x0, 0x0, 0x0, 0x0, 0x5, 0xde,
    0x60, 0x1d, 0x11, 0xc3, 0x67, 0x0, 0x58, 0x85,
    0x0, 0x3a, 0x67, 0x0, 0x58, 0x1d, 0x11, 0xc3,
    0x5, 0xde, 0x60,

    /* U+022F "ȯ" */
    0x0, 0xc0, 0x0, 0x0, 0x0, 0xb, 0xe9, 0x7,
    0x90, 0xb4, 0x94, 0x7, 0x67, 0x90, 0xb4, 0xb,
    0xe9, 0x0,

    /* U+0230 "Ȱ" */
    0x0, 0x99, 0x10, 0x0, 0x0, 0x0, 0x0, 0x47,
    0x0, 0x5, 0xde, 0x60, 0x1d, 0x11, 0xc3, 0x67,
    0x0, 0x58, 0x85, 0x0, 0x3a, 0x67, 0x0, 0x58,
    0x1d, 0x11, 0xc3, 0x5, 0xde, 0x60,

    /* U+0231 "ȱ" */
    0x6, 0x94, 0x0, 0xc, 0x0, 0x0, 0x10, 0x0,
    0xbe, 0x90, 0x79, 0xb, 0x49, 0x40, 0x76, 0x79,
    0xb, 0x40, 0xbe, 0x90,

    /* U+0232 "Ȳ" */
    0x3, 0xa9, 0x0, 0x87, 0x0, 0xd2, 0x1e, 0x6,
    0x90, 0x8, 0x7d, 0x20, 0x1, 0xe9, 0x0, 0x0,
    0xa3, 0x0, 0x0, 0xa3, 0x0, 0x0, 0xa3, 0x0,

    /* U+0233 "ȳ" */
    0x8, 0xa4, 0x0, 0x0, 0x0, 0xa4, 0xa, 0x45,
    0x80, 0xd0, 0xd, 0x49, 0x0, 0xaa, 0x40, 0x5,
    0xe0, 0x0, 0x49, 0x0, 0x5d, 0x20, 0x0,

    /* U+0234 "ȴ" */
    0x6, 0x60, 0x0, 0x66, 0x0, 0x6, 0x60, 0x0,
    0x66, 0x0, 0x6, 0x60, 0x0, 0x66, 0x0, 0x6,
    0xb4, 0x0, 0xaa, 0xd1, 0x28, 0xcb, 0x0,

    /* U+0235 "ȵ" */
    0x6a, 0xd9, 0x0, 0x6a, 0xc, 0x20, 0x67, 0x9,
    0x30, 0x66, 0x9, 0x30, 0x66, 0x9, 0x93, 0x0,
    0x1d, 0x8c, 0x0, 0x58, 0xc9,

    /* U+0236 "ȶ" */
    0x4, 0x90, 0x0, 0xce, 0x50, 0x4, 0x90, 0x0,
    0x4b, 0x30, 0x8, 0xcc, 0x21, 0x9c, 0xc1,

    /* U+0237 "ȷ" */
    0x6, 0x60, 0x66, 0x6, 0x60, 0x66, 0x6, 0x60,
    0x76, 0x1c, 0x10,

    /* U+0238 "ȸ" */
    0x0, 0xc, 0x20, 0x0, 0x0, 0xc2, 0x0, 0xc,
    0xde, 0xce, 0x45, 0x90, 0xd3, 0x4b, 0x86, 0xc,
    0x20, 0xe5, 0x90, 0xd3, 0x4a, 0xc, 0xdd, 0xce,
    0x40,

    /* U+0239 "ȹ" */
    0xc, 0xdd, 0xbe, 0x45, 0x90, 0xd3, 0x4b, 0x86,
    0xc, 0x20, 0xe5, 0x90, 0xd3, 0x4a, 0xc, 0xde,
    0xce, 0x40, 0x0, 0xc2, 0x0, 0x0, 0xc, 0x20,
    0x0,

    /* U+023A "Ⱥ" */
    0x0, 0x1, 0x30, 0x0, 0xde, 0x20, 0x2, 0xad,
    0x0, 0x7, 0x8f, 0x20, 0xc, 0x8a, 0x60, 0x1f,
    0xed, 0xb0, 0x59, 0x80, 0xd0, 0xa8, 0x50, 0x95,
    0x7, 0x10, 0x0,

    /* U+023B "Ȼ" */
    0x0, 0x1, 0x30, 0x5, 0xdf, 0x80, 0x1d, 0x1a,
    0xd3, 0x67, 0x19, 0x21, 0x85, 0x64, 0x0, 0x68,
    0xb0, 0x22, 0x2e, 0xb1, 0xd3, 0x7, 0xfe, 0x60,
    0x4, 0x10, 0x0,

    /* U+023C "ȼ" */
    0x0, 0x8, 0x0, 0x0, 0x80, 0xb, 0xe9, 0x7,
    0x87, 0x70, 0x95, 0x80, 0x6, 0xb5, 0x70, 0xc,
    0xd8, 0x0, 0x80, 0x0, 0x17, 0x0, 0x0,

    /* U+023D "Ƚ" */
    0x2b, 0x0, 0x2, 0xb0, 0x0, 0x2b, 0x0, 0xb,
    0xeb, 0x10, 0x2b, 0x0, 0x2, 0xb0, 0x0, 0x2f,
    0xdd, 0x40,

    /* U+023E "Ⱦ" */
    0x0, 0x4, 0x38, 0xdf, 0xfc, 0x0, 0xd8, 0x0,
    0xd, 0x30, 0x0, 0xd0, 0x0, 0xf, 0x0, 0x5,
    0xf0, 0x0, 0x8d, 0x0, 0x7, 0x0, 0x0,

    /* U+023F "ȿ" */
    0x1b, 0xc5, 0x68, 0x4, 0x1a, 0xc5, 0x32, 0x1d,
    0x4f, 0xc6, 0xb, 0x0, 0x4, 0xc3,

    /* U+0240 "ɀ" */
    0x5d, 0xde, 0x0, 0x9, 0x60, 0x4, 0xb0, 0x0,
    0xd1, 0x0, 0x7f, 0xa0, 0x0, 0x6, 0x80, 0x0,
    0x9, 0x90,

    /* U+0241 "Ɂ" */
    0x1d, 0xe4, 0x6, 0x62, 0xc0, 0x0, 0xe, 0x0,
    0x0, 0xe0, 0x0, 0x5c, 0x0, 0x5d, 0x10, 0x5,
    0xa0, 0x0,

    /* U+0242 "ɂ" */
    0xc, 0xd4, 0x48, 0x2c, 0x0, 0x4b, 0x3, 0xd1,
    0x3, 0xb0,

    /* U+0243 "Ƀ" */
    0x4f, 0xdd, 0x24, 0x90, 0x58, 0x49, 0x6, 0x84,
    0xec, 0xe2, 0x49, 0x4, 0xba, 0xd6, 0x2c, 0x4f,
    0xde, 0x40,

    /* U+0244 "Ʉ" */
    0x4, 0x90, 0x9, 0x50, 0x49, 0x0, 0x95, 0x4,
    0x90, 0x9, 0x50, 0xbd, 0x99, 0xdb, 0x4, 0x90,
    0x9, 0x50, 0x2e, 0x21, 0xe2, 0x0, 0x6e, 0xe7,
    0x0,

    /* U+0245 "Ʌ" */
    0x0, 0xa8, 0x0, 0x0, 0xed, 0x0, 0x4, 0xac,
    0x20, 0x8, 0x68, 0x70, 0xd, 0x23, 0xb0, 0x2e,
    0x0, 0xe0, 0x79, 0x0, 0xb5,

    /* U+0246 "Ɇ" */
    0x0, 0x8, 0x5, 0xed, 0xf4, 0x58, 0x36, 0x5,
    0x86, 0x30, 0x5e, 0xed, 0x15, 0x8a, 0x0, 0x5a,
    0x70, 0x5, 0xfe, 0xd4, 0x8, 0x0, 0x0,

    /* U+0247 "ɇ" */
    0x0, 0x9, 0x0, 0x0, 0x90, 0xb, 0xea, 0x7,
    0x88, 0xc2, 0x9c, 0xec, 0x46, 0xb4, 0x40, 0xd,
    0xd9, 0x0, 0x90, 0x0, 0x45, 0x0, 0x0,

    /* U+0248 "Ɉ" */
    0x0, 0xd, 0x0, 0x0, 0xd0, 0x0, 0x7f, 0x70,
    0x0, 0xd0, 0x62, 0xe, 0x8, 0x72, 0xd0, 0x1d,
    0xe5, 0x0,

    /* U+0249 "ɉ" */
    0x6, 0x60, 0x0, 0x0, 0x6, 0x60, 0x6, 0x60,
    0x3c, 0xc3, 0x6, 0x60, 0x6, 0x60, 0x7, 0x60,
    0x1c, 0x10,

    /* U+024A "Ɋ" */
    0x5, 0xdc, 0x87, 0x2, 0xd0, 0xd, 0x70, 0x67,
    0x0, 0x97, 0x8, 0x50, 0x6, 0x70, 0x67, 0x0,
    0x97, 0x1, 0xd1, 0x1d, 0x70, 0x5, 0xed, 0x87,
    0x0, 0x0, 0x5, 0x80, 0x0, 0x0, 0x1c, 0x40,

    /* U+024B "ɋ" */
    0x1c, 0xcb, 0x50, 0x78, 0xb, 0x50, 0x94, 0x8,
    0x50, 0x79, 0xc, 0x50, 0x1c, 0xdb, 0x50, 0x0,
    0x7, 0x60, 0x0, 0x3, 0xd2,

    /* U+024C "Ɍ" */
    0x4f, 0xdd, 0x20, 0x49, 0x6, 0xa0, 0x49, 0x2,
    0xc0, 0x49, 0x6, 0xa0, 0xcf, 0xde, 0x10, 0x49,
    0xc, 0x30, 0x49, 0x3, 0xc0,

    /* U+024D "ɍ" */
    0x6, 0xbd, 0x6, 0xa0, 0x3c, 0xc3, 0x6, 0x60,
    0x6, 0x60,

    /* U+024E "Ɏ" */
    0xa6, 0x0, 0xd3, 0x4b, 0x2, 0xd0, 0x8e, 0xac,
    0xc4, 0x5, 0xad, 0x0, 0x0, 0xc5, 0x0, 0x0,
    0xa3, 0x0, 0x0, 0xa3, 0x0,

    /* U+024F "ɏ" */
    0x94, 0xb, 0x38, 0xda, 0xe2, 0xd, 0x58, 0x0,
    0x9c, 0x30, 0x4, 0xe0, 0x0, 0x59, 0x0, 0x5d,
    0x10, 0x0,

    /* U+F001 "" */
    0x0, 0x0, 0x0, 0x0, 0x0, 0x0, 0x26, 0xbe,
    0x0, 0x8d, 0xff, 0xff, 0x0, 0xff, 0xe9, 0x5f,
    0x0, 0xf3, 0x0, 0xf, 0x0, 0xf0, 0x0, 0xf,
    0x0, 0xf0, 0xa, 0xff, 0xaf, 0xf0, 0xa, 0xfa,
    0xaf, 0xa0, 0x0, 0x0,

    /* U+F008 "" */
    0xbd, 0xcc, 0xce, 0xab, 0x8b, 0x0, 0x7, 0x58,
    0xcd, 0x66, 0x6a, 0xac, 0xcd, 0x66, 0x6a, 0xac,
    0x8b, 0x0, 0x7, 0x58, 0xbd, 0xcc, 0xce, 0xab,

    /* U+F00B "" */
    0x34, 0x14, 0x44, 0x43, 0xff, 0x7f, 0xff, 0xff,
    0xab, 0x4b, 0xbb, 0xba, 0xbc, 0x5c, 0xcc, 0xcb,
    0xff, 0x7f, 0xff, 0xff, 0x67, 0x17, 0x88, 0x86,
    0xff, 0x7f, 0xff, 0xff, 0xab, 0x4b, 0xbb, 0xba,

    /* U+F00C "" */
    0x0, 0x0, 0x0, 0x9a, 0x0, 0x0, 0x9, 0xfa,
    0xa9, 0x0, 0x9f, 0xa0, 0xaf, 0x99, 0xfa, 0x0,
    0xa, 0xff, 0xa0, 0x0, 0x0, 0x99, 0x0, 0x0,

    /* U+F00D "" */
    0x63, 0x0, 0x72, 0xcf, 0x4a, 0xf4, 0x1d, 0xff,
    0x60, 0xa, 0xff, 0x30, 0xaf, 0x7d, 0xf3, 0xa6,
    0x1, 0xb3,

    /* U+F011 "" */
    0x0, 0xc, 0x51, 0x0, 0x1d, 0x7d, 0x6e, 0x70,
    0x8d, 0xd, 0x65, 0xf1, 0xc7, 0xd, 0x60, 0xe6,
    0xd7, 0x6, 0x20, 0xe6, 0x9d, 0x0, 0x4, 0xf2,
    0x1e, 0xc7, 0x8f, 0x80, 0x1, 0x9d, 0xc6, 0x0,

    /* U+F013 "" */
    0x0, 0xc, 0xc0, 0x0, 0x18, 0x8f, 0xf8, 0x81,
    0x8f, 0xfe, 0xef, 0xf8, 0x2f, 0xe0, 0xe, 0xf2,
    0x2f, 0xe0, 0xe, 0xf2, 0x8f, 0xfe, 0xef, 0xf8,
    0x18, 0x8f, 0xf8, 0x81, 0x0, 0xc, 0xc0, 0x0,

    /* U+F015 "" */
    0x0, 0x0, 0x30, 0x22, 0x0, 0x0, 0xaf, 0xaa,
    0xa0, 0x1, 0xda, 0x6a, 0xfa, 0x3, 0xe8, 0xbf,
    0xb8, 0xe3, 0xb6, 0xdf, 0xff, 0xd6, 0xb0, 0x8f,
    0xfb, 0xff, 0x80, 0x8, 0xfc, 0xc, 0xf8, 0x0,
    0x5b, 0x80, 0x8b, 0x50,

    /* U+F019 "" */
    0x0, 0xf, 0xf0, 0x0, 0x0, 0xf, 0xf0, 0x0,
    0x0, 0xf, 0xf0, 0x0, 0x7, 0xff, 0xff, 0x70,
    0x0, 0x9f, 0xf9, 0x0, 0x78, 0x7a, 0xa7, 0x87,
    0xff, 0xfb, 0xbf, 0xff, 0xff, 0xff, 0xfb, 0xbf,

    /* U+F01C "" */
    0x5, 0xff, 0xff, 0xf5, 0x1, 0xe3, 0x0, 0x3,
    0xe1, 0xa8, 0x0, 0x0, 0x8, 0xaf, 0xff, 0x50,
    0x6f, 0xff, 0xff, 0xff, 0xff, 0xff, 0xfd, 0xff,
    0xff, 0xff, 0xfd,

    /* U+F021 "" */
    0x0, 0x0, 0x0, 0x3, 0x2, 0xbf, 0xfb, 0x3f,
    0x2e, 0x92, 0x18, 0xff, 0x9a, 0x0, 0x6c, 0xff,
    0x31, 0x0, 0x24, 0x44, 0x44, 0x42, 0x0, 0x13,
    0xff, 0xc6, 0x0, 0xb9, 0xfe, 0xa5, 0x5b, 0xd1,
    0xf2, 0x8c, 0xc8, 0x10, 0x30, 0x0, 0x0, 0x0,

    /* U+F026 "" */
    0x0, 0x9, 0x34, 0xcf, 0xff, 0xff, 0xff, 0xff,
    0xab, 0xff, 0x0, 0x4f, 0x0, 0x1,

    /* U+F027 "" */
    0x0, 0x9, 0x0, 0x34, 0xcf, 0x1, 0xff, 0xff,
    0x1b, 0xff, 0xff, 0x1b, 0xbb, 0xff, 0x1, 0x0,
    0x4f, 0x0, 0x0, 0x1, 0x0,

    /* U+F028 "" */
    0x0, 0x0, 0x0, 0x54, 0x0, 0x0, 0x90, 0x23,
    0xb3, 0x34, 0xcf, 0x2, 0xc3, 0xbf, 0xff, 0xf1,
    0xb5, 0x6c, 0xff, 0xff, 0x1b, 0x56, 0xca, 0xbf,
    0xf0, 0x2c, 0x3a, 0x0, 0x4f, 0x2, 0x3b, 0x30,
    0x0, 0x10, 0x5, 0x40,

    /* U+F03E "" */
    0xdf, 0xff, 0xff, 0xfd, 0xf0, 0x7f, 0xff, 0xff,
    0xf8, 0xcf, 0xb1, 0xbf, 0xfb, 0x5b, 0x0, 0xf,
    0xf0, 0x0, 0x0, 0xf, 0xdf, 0xff, 0xff, 0xfd,

    /* U+F043 "" */
    0x0, 0xb4, 0x0, 0x3, 0xfb, 0x0, 0xb, 0xff,
    0x40, 0x6f, 0xff, 0xd0, 0xdf, 0xff, 0xf5, 0xf8,
    0xff, 0xf7, 0xaa, 0x8f, 0xf2, 0x1a, 0xfd, 0x40,

    /* U+F048 "" */
    0x40, 0x0, 0x2f, 0x20, 0x8f, 0xf2, 0x9f, 0xff,
    0xcf, 0xff, 0xff, 0xff, 0xff, 0x5e, 0xff, 0xf2,
    0x2d, 0xfb, 0x10, 0x19,

    /* U+F04B "" */
    0x0, 0x0, 0x0, 0xd, 0xa1, 0x0, 0x0, 0xff,
    0xf7, 0x0, 0xf, 0xff, 0xfd, 0x40, 0xff, 0xff,
    0xff, 0xaf, 0xff, 0xff, 0xfa, 0xff, 0xff, 0xd4,
    0xf, 0xff, 0x70, 0x0, 0xda, 0x10, 0x0, 0x0,
    0x0, 0x0, 0x0,

    /* U+F04C "" */
    0x9b, 0x90, 0x9b, 0x9f, 0xff, 0xf, 0xff, 0xff,
    0xf0, 0xff, 0xff, 0xff, 0xf, 0xff, 0xff, 0xf0,
    0xff, 0xff, 0xff, 0xf, 0xff, 0xff, 0xf0, 0xff,
    0xf2, 0x42, 0x2, 0x42,

    /* U+F04D "" */
    0x24, 0x44, 0x44, 0x2f, 0xff, 0xff, 0xff, 0xff,
    0xff, 0xff, 0xff, 0xff, 0xff, 0xff, 0xff, 0xff,
    0xff, 0xff, 0xff, 0xff, 0xff, 0xff, 0xff, 0xff,
    0xf8, 0xbb, 0xbb, 0xb8,

    /* U+F051 "" */
    0x20, 0x0, 0x4f, 0x80, 0x2f, 0xff, 0x92, 0xff,
    0xff, 0xcf, 0xff, 0xff, 0xff, 0xfe, 0x5f, 0xfd,
    0x22, 0xf9, 0x10, 0x1b,

    /* U+F052 "" */
    0x0, 0x0, 0x20, 0x0, 0x0, 0x0, 0x8f, 0x80,
    0x0, 0x0, 0x7f, 0xff, 0x70, 0x0, 0x5f, 0xff,
    0xff, 0x50, 0xe, 0xff, 0xff, 0xfe, 0x0, 0x58,
    0x88, 0x88, 0x50, 0xf, 0xff, 0xff, 0xff, 0x0,
    0xab, 0xbb, 0xbb, 0xa0,

    /* U+F053 "" */
    0x0, 0x6, 0x20, 0x7, 0xf4, 0x7, 0xf5, 0x5,
    0xf5, 0x0, 0x2e, 0xb0, 0x0, 0x2e, 0xb0, 0x0,
    0x2e, 0x60, 0x0, 0x10,

    /* U+F054 "" */
    0x26, 0x0, 0x4, 0xf6, 0x0, 0x5, 0xf6, 0x0,
    0x6, 0xf5, 0x0, 0xbe, 0x20, 0xbe, 0x10, 0x6e,
    0x10, 0x0, 0x10, 0x0,

    /* U+F067 "" */
    0x0, 0x4, 0x0, 0x0, 0x3, 0xf3, 0x0, 0x0,
    0x4f, 0x40, 0x7, 0x8a, 0xfa, 0x87, 0xef, 0xff,
    0xff, 0xe0, 0x4, 0xf4, 0x0, 0x0, 0x4f, 0x40,
    0x0, 0x1, 0xb1, 0x0,

    /* U+F068 "" */
    0x78, 0x88, 0x88, 0x7e, 0xff, 0xff, 0xfe,

    /* U+F06E "" */
    0x0, 0x8c, 0xcc, 0x80, 0x1, 0xdd, 0x16, 0x3d,
    0xd1, 0xcf, 0x55, 0xed, 0x5f, 0xcb, 0xf5, 0xdf,
    0xd5, 0xfc, 0x1d, 0xd3, 0x73, 0xdd, 0x10, 0x8,
    0xdc, 0xc8, 0x10,

    /* U+F070 "" */
    0x1d, 0x30, 0x0, 0x0, 0x0, 0x0, 0x5e, 0x8c,
    0xcc, 0xa2, 0x0, 0x0, 0x2d, 0xb4, 0x49, 0xf4,
    0x0, 0x7a, 0x1a, 0xff, 0x3f, 0xe1, 0x7, 0xfa,
    0x6, 0xf7, 0xff, 0x10, 0xa, 0xf3, 0x3, 0xef,
    0x40, 0x0, 0x6, 0xcc, 0x71, 0xbb, 0x10, 0x0,
    0x0, 0x0, 0x0, 0x89,

    /* U+F071 "" */
    0x0, 0x0, 0x3e, 0x30, 0x0, 0x0, 0x0, 0xc,
    0xfc, 0x0, 0x0, 0x0, 0x6, 0xfc, 0xf6, 0x0,
    0x0, 0x0, 0xed, 0xd, 0xe0, 0x0, 0x0, 0x8f,
    0xe0, 0xef, 0x80, 0x0, 0x2f, 0xff, 0x6f, 0xff,
    0x20, 0xb, 0xff, 0xe2, 0xef, 0xfa, 0x0, 0xdf,
    0xff, 0xff, 0xff, 0xd0,

    /* U+F074 "" */
    0x0, 0x0, 0x0, 0x20, 0x44, 0x0, 0x4, 0xf5,
    0xef, 0xb1, 0xcf, 0xfd, 0x1, 0x8c, 0xd1, 0xc1,
    0x1, 0xdc, 0x81, 0xc1, 0xef, 0xc1, 0xbf, 0xfd,
    0x44, 0x0, 0x4, 0xf5, 0x0, 0x0, 0x0, 0x20,

    /* U+F077 "" */
    0x0, 0x0, 0x0, 0x0, 0x4, 0xe4, 0x0, 0x4,
    0xfc, 0xf4, 0x4, 0xf8, 0x8, 0xf4, 0xb8, 0x0,
    0x8, 0xb0, 0x0, 0x0, 0x0,

    /* U+F078 "" */
    0x0, 0x0, 0x0, 0xb, 0x80, 0x0, 0x8b, 0x4f,
    0x80, 0x8f, 0x40, 0x4f, 0xcf, 0x40, 0x0, 0x4e,
    0x40, 0x0, 0x0, 0x0, 0x0,

    /* U+F079 "" */
    0x0, 0x94, 0x14, 0x44, 0x40, 0x0, 0xbf, 0xf8,
    0xbb, 0xbf, 0x10, 0x8, 0xb7, 0x60, 0x0, 0xe1,
    0x0, 0xb, 0x40, 0x0, 0x1e, 0x20, 0x0, 0xb7,
    0x44, 0x5e, 0xfd, 0x50, 0x7, 0xbb, 0xb8, 0x5f,
    0x80, 0x0, 0x0, 0x0, 0x0, 0x20, 0x0,

    /* U+F07B "" */
    0xdf, 0xfb, 0x0, 0x0, 0xff, 0xff, 0xff, 0xfd,
    0xff, 0xff, 0xff, 0xff, 0xff, 0xff, 0xff, 0xff,
    0xff, 0xff, 0xff, 0xff, 0xdf, 0xff, 0xff, 0xfd,

    /* U+F093 "" */
    0x0, 0x9, 0x90, 0x0, 0x0, 0x9f, 0xf9, 0x0,
    0x7, 0xff, 0xff, 0x70, 0x0, 0xf, 0xf0, 0x0,
    0x0, 0xf, 0xf0, 0x0, 0x78, 0x4f, 0xf4, 0x87,
    0xff, 0xe8, 0x8e, 0xff, 0xff, 0xff, 0xfb, 0xbf,

    /* U+F095 "" */
    0x0, 0x0, 0x0, 0x0, 0x0, 0x0, 0x0, 0x7,
    0xea, 0x0, 0x0, 0x0, 0xef, 0xe0, 0x0, 0x0,
    0xc, 0xfc, 0x0, 0x0, 0x0, 0x4f, 0x70, 0x0,
    0x0, 0x1d, 0xe0, 0x7, 0xdc, 0x4d, 0xf3, 0x0,
    0xef, 0xff, 0xe3, 0x0, 0xa, 0xec, 0x70, 0x0,
    0x0,

    /* U+F0C2 "" */
    0x0, 0x2, 0x30, 0x0, 0x0, 0x0, 0xbf, 0xfa,
    0x22, 0x0, 0x5, 0xff, 0xff, 0xff, 0x40, 0x1c,
    0xff, 0xff, 0xff, 0x80, 0xbf, 0xff, 0xff, 0xff,
    0xf7, 0xff, 0xff, 0xff, 0xff, 0xfe, 0xbf, 0xff,
    0xff, 0xff, 0xfc, 0x18, 0xbb, 0xbb, 0xbb, 0x91,

    /* U+F0C4 "" */
    0x3, 0x0, 0x0, 0x0, 0xcd, 0xc0, 0x2d, 0xc0,
    0xe7, 0xf2, 0xee, 0x20, 0x4b, 0xff, 0xe2, 0x0,
    0x4, 0xff, 0xa0, 0x0, 0xcd, 0xf9, 0xf9, 0x0,
    0xe7, 0xe0, 0x7f, 0x90, 0x4a, 0x40, 0x4, 0x50,

    /* U+F0C5 "" */
    0x0, 0xff, 0xf7, 0x47, 0x4f, 0xff, 0x47, 0xf8,
    0xff, 0xff, 0xff, 0x8f, 0xff, 0xff, 0xf8, 0xff,
    0xff, 0xff, 0x8f, 0xff, 0xff, 0xfb, 0x78, 0x88,
    0x7f, 0xff, 0xff, 0x0,

    /* U+F0C7 "" */
    0x24, 0x44, 0x41, 0xf, 0xbb, 0xbb, 0xe2, 0xf0,
    0x0, 0xf, 0xdf, 0x44, 0x44, 0xff, 0xff, 0xfc,
    0xff, 0xff, 0xf9, 0x9, 0xff, 0xff, 0xd5, 0xdf,
    0xf8, 0xbb, 0xbb, 0xb8,

    /* U+F0C9 "" */
    0x1, 0x11, 0x11, 0xf, 0xff, 0xff, 0xff, 0x1,
    0x11, 0x11, 0x5, 0x55, 0x55, 0x55, 0xcc, 0xcc,
    0xcc, 0xc0, 0x11, 0x11, 0x10, 0xff, 0xff, 0xff,
    0xf0, 0x11, 0x11, 0x10,

    /* U+F0E0 "" */
    0xdf, 0xff, 0xff, 0xfd, 0x9f, 0xff, 0xff, 0xf9,
    0xb7, 0xff, 0xff, 0x7b, 0xfe, 0x7c, 0xc7, 0xef,
    0xff, 0xfa, 0xaf, 0xff, 0xdf, 0xff, 0xff, 0xfd,

    /* U+F0E7 "" */
    0x7, 0xff, 0x60, 0x0, 0xaf, 0xf2, 0x0, 0xc,
    0xff, 0x87, 0x0, 0xef, 0xff, 0xb0, 0x7, 0x8e,
    0xf2, 0x0, 0x0, 0xf8, 0x0, 0x0, 0x3e, 0x0,
    0x0, 0x6, 0x50, 0x0,

    /* U+F0EA "" */
    0x79, 0xb9, 0x70, 0xf, 0xfc, 0xff, 0x0, 0xff,
    0x68, 0x83, 0xf, 0xf8, 0xff, 0x8b, 0xff, 0x8f,
    0xf8, 0x8f, 0xf8, 0xff, 0xff, 0x78, 0x8f, 0xff,
    0xf0, 0x7, 0xff, 0xff,

    /* U+F0F3 "" */
    0x0, 0xd, 0x0, 0x0, 0x4e, 0xfe, 0x30, 0xd,
    0xff, 0xfd, 0x0, 0xff, 0xff, 0xf0, 0x3f, 0xff,
    0xff, 0x3b, 0xff, 0xff, 0xfb, 0x78, 0x88, 0x88,
    0x60, 0x4, 0xf4, 0x0,

    /* U+F11C "" */
    0xdf, 0xff, 0xff, 0xff, 0xdf, 0x18, 0x81, 0x88,
    0x1f, 0xfe, 0xaa, 0xca, 0xae, 0xff, 0xea, 0xac,
    0xaa, 0xef, 0xf1, 0x80, 0x0, 0x81, 0xfd, 0xff,
    0xff, 0xff, 0xfd,

    /* U+F124 "" */
    0x0, 0x0, 0x0, 0x0, 0x0, 0x0, 0x0, 0x0,
    0x4b, 0xc0, 0x0, 0x0, 0x5c, 0xff, 0xb0, 0x0,
    0x6e, 0xff, 0xff, 0x40, 0xd, 0xff, 0xff, 0xfc,
    0x0, 0x6, 0x88, 0xcf, 0xf5, 0x0, 0x0, 0x0,
    0x8f, 0xe0, 0x0, 0x0, 0x0, 0x8f, 0x60, 0x0,
    0x0, 0x0, 0x5d, 0x0, 0x0, 0x0, 0x0, 0x0,
    0x0, 0x0,

    /* U+F15B "" */
    0xff, 0xf8, 0xb0, 0xff, 0xf8, 0xfb, 0xff, 0xfc,
    0x88, 0xff, 0xff, 0xff, 0xff, 0xff, 0xff, 0xff,
    0xff, 0xff, 0xff, 0xff, 0xff, 0xff, 0xff, 0xff,

    /* U+F185 "" */
    0x0, 0x6, 0x60, 0x0, 0xa, 0x8e, 0xe8, 0xa0,
    0x8, 0xb7, 0x7b, 0x80, 0x6e, 0x7f, 0xf7, 0xe6,
    0x6e, 0x7f, 0xf7, 0xe6, 0x8, 0xb7, 0x7b, 0x80,
    0xa, 0x8e, 0xe8, 0xa0, 0x0, 0x6, 0x60, 0x0,

    /* U+F1EB "" */
    0x0, 0x4, 0x77, 0x40, 0x0, 0x9, 0xff, 0xcc,
    0xff, 0x90, 0xcd, 0x40, 0x0, 0x4, 0xdc, 0x20,
    0x4b, 0xff, 0xb4, 0x2, 0x1, 0xfa, 0x55, 0xaf,
    0x10, 0x0, 0x0, 0x21, 0x0, 0x0, 0x0, 0x0,
    0xee, 0x0, 0x0, 0x0, 0x0, 0x87, 0x0, 0x0,

    /* U+F240 "" */
    0x24, 0x44, 0x44, 0x44, 0x40, 0xfb, 0xbb, 0xbb,
    0xbb, 0xda, 0xf7, 0xee, 0xee, 0xee, 0x5f, 0xf8,
    0xff, 0xff, 0xff, 0x2f, 0xf5, 0x66, 0x66, 0x66,
    0xab, 0x8b, 0xbb, 0xbb, 0xbb, 0xb3,

    /* U+F241 "" */
    0x24, 0x44, 0x44, 0x44, 0x40, 0xfb, 0xbb, 0xbb,
    0xbb, 0xda, 0xf7, 0xee, 0xee, 0x70, 0x5f, 0xf8,
    0xff, 0xff, 0x80, 0x2f, 0xf5, 0x66, 0x66, 0x54,
    0xab, 0x8b, 0xbb, 0xbb, 0xbb, 0xb3,

    /* U+F242 "" */
    0x24, 0x44, 0x44, 0x44, 0x40, 0xfb, 0xbb, 0xbb,
    0xbb, 0xda, 0xf7, 0xee, 0xe0, 0x0, 0x5f, 0xf8,
    0xff, 0xf0, 0x0, 0x2f, 0xf5, 0x66, 0x64, 0x44,
    0xab, 0x8b, 0xbb, 0xbb, 0xbb, 0xb3,

    /* U+F243 "" */
    0x24, 0x44, 0x44, 0x44, 0x40, 0xfb, 0xbb, 0xbb,
    0xbb, 0xda, 0xf7, 0xe7, 0x0, 0x0, 0x5f, 0xf8,
    0xf8, 0x0, 0x0, 0x2f, 0xf5, 0x65, 0x44, 0x44,
    0xab, 0x8b, 0xbb, 0xbb, 0xbb, 0xb3,

    /* U+F244 "" */
    0x24, 0x44, 0x44, 0x44, 0x40, 0xfb, 0xbb, 0xbb,
    0xbb, 0xd8, 0xf0, 0x0, 0x0, 0x0, 0x5f, 0xf0,
    0x0, 0x0, 0x0, 0x2f, 0xf4, 0x44, 0x44, 0x44,
    0xad, 0x8b, 0xbb, 0xbb, 0xbb, 0xb3,

    /* U+F287 "" */
    0x0, 0x0, 0x0, 0x0, 0x0, 0x0, 0x0, 0x7,
    0xd8, 0x0, 0x0, 0x0, 0x7, 0x36, 0x40, 0x0,
    0x9, 0xb1, 0x91, 0x11, 0x17, 0x20, 0xef, 0x88,
    0xd8, 0x88, 0xd9, 0x2, 0x20, 0x6, 0x48, 0x70,
    0x0, 0x0, 0x0, 0x6, 0xec, 0x0, 0x0, 0x0,
    0x0, 0x0, 0x0, 0x0,

    /* U+F293 "" */
    0x6, 0xdd, 0xc3, 0x4, 0xff, 0x3e, 0xd0, 0x9c,
    0xb5, 0x5f, 0x2b, 0xf7, 0x1a, 0xf4, 0xbf, 0x81,
    0xbf, 0x39, 0xc9, 0x64, 0xf2, 0x4f, 0xf3, 0xde,
    0x0, 0x6d, 0xed, 0x30,

    /* U+F2DC "" */
    0x0, 0x5, 0xf5, 0x0, 0x0, 0x27, 0x7f, 0x77,
    0x20, 0xc, 0xf2, 0xf2, 0xfc, 0x0, 0x98, 0xef,
    0xe8, 0x90, 0x9, 0x8e, 0xfe, 0x89, 0x0, 0xcf,
    0x2f, 0x2f, 0xc0, 0x2, 0x76, 0xf6, 0x72, 0x0,
    0x0, 0x5f, 0x50, 0x0,

    /* U+F2ED "" */
    0x78, 0xdf, 0xd8, 0x77, 0x88, 0x88, 0x87, 0x8f,
    0xff, 0xff, 0x88, 0xcc, 0x8c, 0xc8, 0x8c, 0xc8,
    0xcc, 0x88, 0xcc, 0x8c, 0xc8, 0x8c, 0xc8, 0xcc,
    0x85, 0xff, 0xff, 0xf5,

    /* U+F304 "" */
    0x0, 0x0, 0x0, 0x7d, 0x30, 0x0, 0x0, 0x4b,
    0xfd, 0x0, 0x0, 0x7f, 0x9b, 0x70, 0x0, 0x7f,
    0xff, 0x40, 0x0, 0x7f, 0xff, 0x70, 0x0, 0x7f,
    0xff, 0x70, 0x0, 0xe, 0xff, 0x70, 0x0, 0x0,
    0xee, 0x70, 0x0, 0x0, 0x0, 0x0, 0x0, 0x0,
    0x0,

    /* U+F55A "" */
    0x0, 0xaf, 0xff, 0xff, 0xfc, 0xb, 0xff, 0x9c,
    0xc9, 0xff, 0xaf, 0xff, 0xc1, 0x1c, 0xff, 0xaf,
    0xff, 0xc1, 0x1c, 0xff, 0xb, 0xff, 0x9c, 0xc9,
    0xff, 0x0, 0xaf, 0xff, 0xff, 0xfc,

    /* U+F6C4 "" */
    0x0, 0xb, 0x0, 0x0, 0x0, 0xd, 0xbc, 0xbd,
    0x0, 0x0, 0xb, 0x7b, 0x77, 0x0, 0x0, 0xbc,
    0xcf, 0x6c, 0xb1, 0x0, 0xb, 0x78, 0xcf, 0xff,
    0xc0, 0xd, 0x7b, 0xff, 0xff, 0xf7, 0x0, 0x3f,
    0xff, 0xff, 0xff, 0x0, 0xb, 0xff, 0xff, 0xf8,

    /* U+F72E "" */
    0x0, 0x0, 0x16, 0x10, 0x0, 0x0, 0xd, 0xad,
    0x0, 0x78, 0x88, 0x89, 0xd0, 0x7, 0x88, 0x88,
    0x72, 0x0, 0xff, 0xf8, 0xcf, 0xf6, 0x0, 0x73,
    0xf0, 0x2, 0xe0, 0x8, 0xf8, 0x3d, 0xac, 0x0,
    0x0, 0x0, 0x47, 0x10,

    /* U+F73D "" */
    0x6, 0xfc, 0x46, 0x0, 0xf, 0xff, 0xff, 0x60,
    0x7f, 0xff, 0xff, 0xf8, 0xff, 0xff, 0xff, 0xff,
    0x8f, 0xff, 0xff, 0xf8, 0x1, 0x0, 0x0, 0x0,
    0xd, 0x7, 0x70, 0xd0, 0x2e, 0x29, 0x92, 0xe2,

    /* U+F740 "" */
    0x0, 0x6f, 0xc4, 0x60, 0x0, 0xf, 0xff, 0xff,
    0x60, 0x7, 0xff, 0xff, 0xff, 0x80, 0xff, 0xff,
    0xff, 0xff, 0x8, 0xff, 0xff, 0xff, 0x80, 0x1,
    0x10, 0x11, 0x1, 0x5, 0x49, 0x54, 0x95, 0x40,
    0x85, 0x38, 0x53, 0x80,

    /* U+F75F "" */
    0x3d, 0xe9, 0xbf, 0xb0, 0x0, 0xdf, 0xff, 0xff,
    0xfe, 0xe6, 0xff, 0xff, 0xff, 0xff, 0xfe, 0x9f,
    0xff, 0xff, 0xff, 0xfc, 0x5, 0x78, 0x8e, 0xe8,
    0x71, 0x3, 0x44, 0x44, 0x44, 0x43, 0x7, 0x88,
    0x88, 0x88, 0x87, 0xbc, 0x58, 0xcc, 0xcc, 0xb0,

    /* U+F7C2 "" */
    0x7, 0xff, 0xfe, 0x17, 0xb6, 0x27, 0xc3, 0xfe,
    0xb9, 0xbe, 0x3f, 0xff, 0xff, 0xf3, 0xff, 0xff,
    0xff, 0x3f, 0xff, 0xff, 0xf3, 0xff, 0xff, 0xff,
    0x3c, 0xff, 0xff, 0xe1,

    /* U+F8A2 "" */
    0x0, 0x0, 0x0, 0x3, 0x0, 0x23, 0x0, 0x2,
    0xf0, 0x2e, 0x92, 0x22, 0x5f, 0xd, 0xff, 0xff,
    0xff, 0xf0, 0x2e, 0x92, 0x22, 0x21, 0x0, 0x23,
    0x0, 0x0, 0x0
};


/*---------------------
 *  GLYPH DESCRIPTION
 *--------------------*/

static const lv_font_fmt_txt_glyph_dsc_t glyph_dsc[] = {
    {.bitmap_index = 0, .adv_w = 0, .box_w = 0, .box_h = 0, .ofs_x = 0, .ofs_y = 0} /* id = 0 reserved */,
    {.bitmap_index = 0, .adv_w = 34, .box_w = 0, .box_h = 0, .ofs_x = 0, .ofs_y = 0},
    {.bitmap_index = 0, .adv_w = 39, .box_w = 2, .box_h = 7, .ofs_x = 0, .ofs_y = 0},
    {.bitmap_index = 7, .adv_w = 63, .box_w = 4, .box_h = 3, .ofs_x = 0, .ofs_y = 4},
    {.bitmap_index = 13, .adv_w = 82, .box_w = 5, .box_h = 7, .ofs_x = 0, .ofs_y = 0},
    {.bitmap_index = 31, .adv_w = 83, .box_w = 5, .box_h = 9, .ofs_x = 0, .ofs_y = -1},
    {.bitmap_index = 54, .adv_w = 127, .box_w = 8, .box_h = 7, .ofs_x = 0, .ofs_y = 0},
    {.bitmap_index = 82, .adv_w = 84, .box_w = 6, .box_h = 7, .ofs_x = 0, .ofs_y = 0},
    {.bitmap_index = 103, .adv_w = 40, .box_w = 2, .box_h = 3, .ofs_x = 0, .ofs_y = 4},
    {.bitmap_index = 106, .adv_w = 47, .box_w = 3, .box_h = 9, .ofs_x = 0, .ofs_y = -1},
    {.bitmap_index = 120, .adv_w = 47, .box_w = 3, .box_h = 9, .ofs_x = 0, .ofs_y = -1},
    {.bitmap_index = 134, .adv_w = 67, .box_w = 4, .box_h = 4, .ofs_x = 0, .ofs_y = 3},
    {.bitmap_index = 142, .adv_w = 85, .box_w = 5, .box_h = 5, .ofs_x = 0, .ofs_y = 0},
    {.bitmap_index = 155, .adv_w = 39, .box_w = 2, .box_h = 3, .ofs_x = 0, .ofs_y = -2},
    {.bitmap_index = 158, .adv_w = 59, .box_w = 4, .box_h = 1, .ofs_x = 0, .ofs_y = 2},
    {.bitmap_index = 160, .adv_w = 39, .box_w = 2, .box_h = 2, .ofs_x = 0, .ofs_y = 0},
    {.bitmap_index = 162, .adv_w = 47, .box_w = 3, .box_h = 8, .ofs_x = 0, .ofs_y = -1},
    {.bitmap_index = 174, .adv_w = 83, .box_w = 5, .box_h = 7, .ofs_x = 0, .ofs_y = 0},
    {.bitmap_index = 192, .adv_w = 53, .box_w = 3, .box_h = 7, .ofs_x = 0, .ofs_y = 0},
    {.bitmap_index = 203, .adv_w = 79, .box_w = 5, .box_h = 7, .ofs_x = 0, .ofs_y = 0},
    {.bitmap_index = 221, .adv_w = 80, .box_w = 5, .box_h = 7, .ofs_x = 0, .ofs_y = 0},
    {.bitmap_index = 239, .adv_w = 84, .box_w = 5, .box_h = 7, .ofs_x = 0, .ofs_y = 0},
    {.bitmap_index = 257, .adv_w = 77, .box_w = 5, .box_h = 7, .ofs_x = 0, .ofs_y = 0},
    {.bitmap_index = 275, .adv_w = 81, .box_w = 5, .box_h = 7, .ofs_x = 0, .ofs_y = 0},
    {.bitmap_index = 293, .adv_w = 73, .box_w = 5, .box_h = 7, .ofs_x = 0, .ofs_y = 0},
    {.bitmap_index = 311, .adv_w = 81, .box_w = 5, .box_h = 7, .ofs_x = 0, .ofs_y = 0},
    {.bitmap_index = 329, .adv_w = 81, .box_w = 5, .box_h = 7, .ofs_x = 0, .ofs_y = 0},
    {.bitmap_index = 347, .adv_w = 39, .box_w = 2, .box_h = 6, .ofs_x = 0, .ofs_y = 0},
    {.bitmap_index = 353, .adv_w = 40, .box_w = 2, .box_h = 7, .ofs_x = 0, .ofs_y = -2},
    {.bitmap_index = 360, .adv_w = 85, .box_w = 5, .box_h = 6, .ofs_x = 0, .ofs_y = 0},
    {.bitmap_index = 375, .adv_w = 85, .box_w = 5, .box_h = 3, .ofs_x = 0, .ofs_y = 1},
    {.bitmap_index = 383, .adv_w = 85, .box_w = 5, .box_h = 6, .ofs_x = 0, .ofs_y = 0},
    {.bitmap_index = 398, .adv_w = 68, .box_w = 4, .box_h = 7, .ofs_x = 0, .ofs_y = 0},
    {.bitmap_index = 412, .adv_w = 126, .box_w = 8, .box_h = 9, .ofs_x = 0, .ofs_y = -2},
    {.bitmap_index = 448, .adv_w = 91, .box_w = 6, .box_h = 7, .ofs_x = 0, .ofs_y = 0},
    {.bitmap_index = 469, .adv_w = 84, .box_w = 5, .box_h = 7, .ofs_x = 0, .ofs_y = 0},
    {.bitmap_index = 487, .adv_w = 94, .box_w = 6, .box_h = 7, .ofs_x = 0, .ofs_y = 0},
    {.bitmap_index = 508, .adv_w = 92, .box_w = 6, .box_h = 7, .ofs_x = 0, .ofs_y = 0},
    {.bitmap_index = 529, .adv_w = 77, .box_w = 5, .box_h = 7, .ofs_x = 0, .ofs_y = 0},
    {.bitmap_index = 547, .adv_w = 75, .box_w = 5, .box_h = 7, .ofs_x = 0, .ofs_y = 0},
    {.bitmap_index = 565, .adv_w = 96, .box_w = 6, .box_h = 7, .ofs_x = 0, .ofs_y = 0},
    {.bitmap_index = 586, .adv_w = 95, .box_w = 6, .box_h = 7, .ofs_x = 0, .ofs_y = 0},
    {.bitmap_index = 607, .adv_w = 35, .box_w = 2, .box_h = 7, .ofs_x = 0, .ofs_y = 0},
    {.bitmap_index = 614, .adv_w = 74, .box_w = 4, .box_h = 7, .ofs_x = 0, .ofs_y = 0},
    {.bitmap_index = 628, .adv_w = 88, .box_w = 6, .box_h = 7, .ofs_x = 0, .ofs_y = 0},
    {.bitmap_index = 649, .adv_w = 72, .box_w = 5, .box_h = 7, .ofs_x = 0, .ofs_y = 0},
    {.bitmap_index = 667, .adv_w = 117, .box_w = 7, .box_h = 7, .ofs_x = 0, .ofs_y = 0},
    {.bitmap_index = 692, .adv_w = 97, .box_w = 6, .box_h = 7, .ofs_x = 0, .ofs_y = 0},
    {.bitmap_index = 713, .adv_w = 98, .box_w = 6, .box_h = 7, .ofs_x = 0, .ofs_y = 0},
    {.bitmap_index = 734, .adv_w = 82, .box_w = 5, .box_h = 7, .ofs_x = 0, .ofs_y = 0},
    {.bitmap_index = 752, .adv_w = 98, .box_w = 6, .box_h = 8, .ofs_x = 0, .ofs_y = -1},
    {.bitmap_index = 776, .adv_w = 83, .box_w = 5, .box_h = 7, .ofs_x = 0, .ofs_y = 0},
    {.bitmap_index = 794, .adv_w = 83, .box_w = 5, .box_h = 7, .ofs_x = 0, .ofs_y = 0},
    {.bitmap_index = 812, .adv_w = 84, .box_w = 5, .box_h = 7, .ofs_x = 0, .ofs_y = 0},
    {.bitmap_index = 830, .adv_w = 95, .box_w = 6, .box_h = 7, .ofs_x = 0, .ofs_y = 0},
    {.bitmap_index = 851, .adv_w = 91, .box_w = 6, .box_h = 7, .ofs_x = 0, .ofs_y = 0},
    {.bitmap_index = 872, .adv_w = 128, .box_w = 8, .box_h = 7, .ofs_x = 0, .ofs_y = 0},
    {.bitmap_index = 900, .adv_w = 90, .box_w = 6, .box_h = 7, .ofs_x = 0, .ofs_y = 0},
    {.bitmap_index = 921, .adv_w = 89, .box_w = 6, .box_h = 7, .ofs_x = 0, .ofs_y = 0},
    {.bitmap_index = 942, .adv_w = 82, .box_w = 5, .box_h = 7, .ofs_x = 0, .ofs_y = 0},
    {.bitmap_index = 960, .adv_w = 47, .box_w = 3, .box_h = 8, .ofs_x = 0, .ofs_y = -1},
    {.bitmap_index = 972, .adv_w = 47, .box_w = 3, .box_h = 8, .ofs_x = 0, .ofs_y = -1},
    {.bitmap_index = 984, .adv_w = 47, .box_w = 3, .box_h = 8, .ofs_x = 0, .ofs_y = -1},
    {.bitmap_index = 996, .adv_w = 61, .box_w = 4, .box_h = 3, .ofs_x = 0, .ofs_y = 4},
    {.bitmap_index = 1002, .adv_w = 59, .box_w = 4, .box_h = 1, .ofs_x = 0, .ofs_y = -1},
    {.bitmap_index = 1004, .adv_w = 43, .box_w = 3, .box_h = 3, .ofs_x = 0, .ofs_y = 5},
    {.bitmap_index = 1009, .adv_w = 73, .box_w = 4, .box_h = 5, .ofs_x = 0, .ofs_y = 0},
    {.bitmap_index = 1019, .adv_w = 79, .box_w = 5, .box_h = 7, .ofs_x = 0, .ofs_y = 0},
    {.bitmap_index = 1037, .adv_w = 74, .box_w = 5, .box_h = 5, .ofs_x = 0, .ofs_y = 0},
    {.bitmap_index = 1050, .adv_w = 79, .box_w = 5, .box_h = 7, .ofs_x = 0, .ofs_y = 0},
    {.bitmap_index = 1068, .adv_w = 75, .box_w = 5, .box_h = 5, .ofs_x = 0, .ofs_y = 0},
    {.bitmap_index = 1081, .adv_w = 49, .box_w = 3, .box_h = 7, .ofs_x = 0, .ofs_y = 0},
    {.bitmap_index = 1092, .adv_w = 79, .box_w = 5, .box_h = 7, .ofs_x = 0, .ofs_y = -2},
    {.bitmap_index = 1110, .adv_w = 77, .box_w = 5, .box_h = 7, .ofs_x = 0, .ofs_y = 0},
    {.bitmap_index = 1128, .adv_w = 32, .box_w = 2, .box_h = 7, .ofs_x = 0, .ofs_y = 0},
    {.bitmap_index = 1135, .adv_w = 32, .box_w = 3, .box_h = 9, .ofs_x = -1, .ofs_y = -2},
    {.bitmap_index = 1149, .adv_w = 72, .box_w = 5, .box_h = 7, .ofs_x = 0, .ofs_y = 0},
    {.bitmap_index = 1167, .adv_w = 32, .box_w = 2, .box_h = 7, .ofs_x = 0, .ofs_y = 0},
    {.bitmap_index = 1174, .adv_w = 114, .box_w = 7, .box_h = 5, .ofs_x = 0, .ofs_y = 0},
    {.bitmap_index = 1192, .adv_w = 77, .box_w = 5, .box_h = 5, .ofs_x = 0, .ofs_y = 0},
    {.bitmap_index = 1205, .adv_w = 77, .box_w = 5, .box_h = 5, .ofs_x = 0, .ofs_y = 0},
    {.bitmap_index = 1218, .adv_w = 79, .box_w = 5, .box_h = 7, .ofs_x = 0, .ofs_y = -2},
    {.bitmap_index = 1236, .adv_w = 79, .box_w = 5, .box_h = 7, .ofs_x = 0, .ofs_y = -2},
    {.bitmap_index = 1254, .adv_w = 50, .box_w = 3, .box_h = 5, .ofs_x = 0, .ofs_y = 0},
    {.bitmap_index = 1262, .adv_w = 69, .box_w = 4, .box_h = 5, .ofs_x = 0, .ofs_y = 0},
    {.bitmap_index = 1272, .adv_w = 44, .box_w = 3, .box_h = 6, .ofs_x = 0, .ofs_y = 0},
    {.bitmap_index = 1281, .adv_w = 77, .box_w = 5, .box_h = 5, .ofs_x = 0, .ofs_y = 0},
    {.bitmap_index = 1294, .adv_w = 74, .box_w = 5, .box_h = 5, .ofs_x = 0, .ofs_y = 0},
    {.bitmap_index = 1307, .adv_w = 106, .box_w = 7, .box_h = 5, .ofs_x = 0, .ofs_y = 0},
    {.bitmap_index = 1325, .adv_w = 71, .box_w = 5, .box_h = 5, .ofs_x = 0, .ofs_y = 0},
    {.bitmap_index = 1338, .adv_w = 74, .box_w = 5, .box_h = 7, .ofs_x = 0, .ofs_y = -2},
    {.bitmap_index = 1356, .adv_w = 72, .box_w = 4, .box_h = 5, .ofs_x = 0, .ofs_y = 0},
    {.bitmap_index = 1366, .adv_w = 56, .box_w = 4, .box_h = 8, .ofs_x = 0, .ofs_y = -1},
    {.bitmap_index = 1382, .adv_w = 44, .box_w = 1, .box_h = 11, .ofs_x = 1, .ofs_y = -2},
    {.bitmap_index = 1388, .adv_w = 56, .box_w = 3, .box_h = 8, .ofs_x = 0, .ofs_y = -1},
    {.bitmap_index = 1400, .adv_w = 85, .box_w = 5, .box_h = 2, .ofs_x = 0, .ofs_y = 2},
    {.bitmap_index = 1405, .adv_w = 34, .box_w = 0, .box_h = 0, .ofs_x = 0, .ofs_y = 0},
    {.bitmap_index = 1405, .adv_w = 39, .box_w = 2, .box_h = 7, .ofs_x = 0, .ofs_y = -2},
    {.bitmap_index = 1412, .adv_w = 74, .box_w = 5, .box_h = 7, .ofs_x = 0, .ofs_y = 0},
    {.bitmap_index = 1430, .adv_w = 79, .box_w = 5, .box_h = 7, .ofs_x = 0, .ofs_y = 0},
    {.bitmap_index = 1448, .adv_w = 94, .box_w = 6, .box_h = 6, .ofs_x = 0, .ofs_y = 0},
    {.bitmap_index = 1466, .adv_w = 71, .box_w = 5, .box_h = 7, .ofs_x = 0, .ofs_y = 0},
    {.bitmap_index = 1484, .adv_w = 38, .box_w = 2, .box_h = 8, .ofs_x = 0, .ofs_y = -1},
    {.bitmap_index = 1492, .adv_w = 73, .box_w = 5, .box_h = 8, .ofs_x = 0, .ofs_y = -1},
    {.bitmap_index = 1512, .adv_w = 77, .box_w = 3, .box_h = 2, .ofs_x = 1, .ofs_y = 5},
    {.bitmap_index = 1515, .adv_w = 117, .box_w = 7, .box_h = 7, .ofs_x = 0, .ofs_y = 0},
    {.bitmap_index = 1540, .adv_w = 59, .box_w = 4, .box_h = 3, .ofs_x = 0, .ofs_y = 3},
    {.bitmap_index = 1546, .adv_w = 78, .box_w = 5, .box_h = 5, .ofs_x = 0, .ofs_y = 0},
    {.bitmap_index = 1559, .adv_w = 85, .box_w = 5, .box_h = 3, .ofs_x = 0, .ofs_y = 0},
    {.bitmap_index = 1567, .adv_w = 85, .box_w = 5, .box_h = 6, .ofs_x = 0, .ofs_y = 1},
    {.bitmap_index = 1582, .adv_w = 60, .box_w = 3, .box_h = 1, .ofs_x = 0, .ofs_y = 6},
    {.bitmap_index = 1584, .adv_w = 59, .box_w = 4, .box_h = 3, .ofs_x = 0, .ofs_y = 3},
    {.bitmap_index = 1590, .adv_w = 85, .box_w = 5, .box_h = 5, .ofs_x = 0, .ofs_y = 0},
    {.bitmap_index = 1603, .adv_w = 57, .box_w = 4, .box_h = 3, .ofs_x = 0, .ofs_y = 4},
    {.bitmap_index = 1609, .adv_w = 58, .box_w = 4, .box_h = 3, .ofs_x = 0, .ofs_y = 4},
    {.bitmap_index = 1615, .adv_w = 43, .box_w = 3, .box_h = 3, .ofs_x = 0, .ofs_y = 5},
    {.bitmap_index = 1620, .adv_w = 77, .box_w = 5, .box_h = 7, .ofs_x = 0, .ofs_y = -2},
    {.bitmap_index = 1638, .adv_w = 77, .box_w = 5, .box_h = 7, .ofs_x = 0, .ofs_y = 0},
    {.bitmap_index = 1656, .adv_w = 39, .box_w = 2, .box_h = 3, .ofs_x = 0, .ofs_y = 2},
    {.bitmap_index = 1659, .adv_w = 38, .box_w = 3, .box_h = 2, .ofs_x = 0, .ofs_y = -2},
    {.bitmap_index = 1662, .adv_w = 40, .box_w = 3, .box_h = 3, .ofs_x = 0, .ofs_y = 4},
    {.bitmap_index = 1667, .adv_w = 62, .box_w = 4, .box_h = 3, .ofs_x = 0, .ofs_y = 3},
    {.bitmap_index = 1673, .adv_w = 78, .box_w = 5, .box_h = 5, .ofs_x = 0, .ofs_y = 0},
    {.bitmap_index = 1686, .adv_w = 105, .box_w = 7, .box_h = 7, .ofs_x = 0, .ofs_y = -1},
    {.bitmap_index = 1711, .adv_w = 110, .box_w = 7, .box_h = 7, .ofs_x = 0, .ofs_y = 0},
    {.bitmap_index = 1736, .adv_w = 115, .box_w = 7, .box_h = 7, .ofs_x = 0, .ofs_y = -1},
    {.bitmap_index = 1761, .adv_w = 68, .box_w = 4, .box_h = 7, .ofs_x = 0, .ofs_y = -2},
    {.bitmap_index = 1775, .adv_w = 91, .box_w = 6, .box_h = 9, .ofs_x = 0, .ofs_y = 0},
    {.bitmap_index = 1802, .adv_w = 91, .box_w = 6, .box_h = 9, .ofs_x = 0, .ofs_y = 0},
    {.bitmap_index = 1829, .adv_w = 91, .box_w = 6, .box_h = 9, .ofs_x = 0, .ofs_y = 0},
    {.bitmap_index = 1856, .adv_w = 91, .box_w = 6, .box_h = 9, .ofs_x = 0, .ofs_y = 0},
    {.bitmap_index = 1883, .adv_w = 91, .box_w = 6, .box_h = 9, .ofs_x = 0, .ofs_y = 0},
    {.bitmap_index = 1910, .adv_w = 91, .box_w = 6, .box_h = 9, .ofs_x = 0, .ofs_y = 0},
    {.bitmap_index = 1937, .adv_w = 128, .box_w = 8, .box_h = 7, .ofs_x = 0, .ofs_y = 0},
    {.bitmap_index = 1965, .adv_w = 94, .box_w = 6, .box_h = 9, .ofs_x = 0, .ofs_y = -2},
    {.bitmap_index = 1992, .adv_w = 77, .box_w = 5, .box_h = 9, .ofs_x = 0, .ofs_y = 0},
    {.bitmap_index = 2015, .adv_w = 77, .box_w = 5, .box_h = 9, .ofs_x = 0, .ofs_y = 0},
    {.bitmap_index = 2038, .adv_w = 77, .box_w = 5, .box_h = 9, .ofs_x = 0, .ofs_y = 0},
    {.bitmap_index = 2061, .adv_w = 77, .box_w = 5, .box_h = 9, .ofs_x = 0, .ofs_y = 0},
    {.bitmap_index = 2084, .adv_w = 35, .box_w = 2, .box_h = 9, .ofs_x = 0, .ofs_y = 0},
    {.bitmap_index = 2093, .adv_w = 35, .box_w = 3, .box_h = 9, .ofs_x = 0, .ofs_y = 0},
    {.bitmap_index = 2107, .adv_w = 35, .box_w = 4, .box_h = 9, .ofs_x = -1, .ofs_y = 0},
    {.bitmap_index = 2125, .adv_w = 35, .box_w = 4, .box_h = 9, .ofs_x = -1, .ofs_y = 0},
    {.bitmap_index = 2143, .adv_w = 95, .box_w = 6, .box_h = 7, .ofs_x = 0, .ofs_y = 0},
    {.bitmap_index = 2164, .adv_w = 97, .box_w = 6, .box_h = 9, .ofs_x = 0, .ofs_y = 0},
    {.bitmap_index = 2191, .adv_w = 98, .box_w = 6, .box_h = 10, .ofs_x = 0, .ofs_y = 0},
    {.bitmap_index = 2221, .adv_w = 98, .box_w = 6, .box_h = 10, .ofs_x = 0, .ofs_y = 0},
    {.bitmap_index = 2251, .adv_w = 98, .box_w = 6, .box_h = 9, .ofs_x = 0, .ofs_y = 0},
    {.bitmap_index = 2278, .adv_w = 98, .box_w = 6, .box_h = 9, .ofs_x = 0, .ofs_y = 0},
    {.bitmap_index = 2305, .adv_w = 98, .box_w = 6, .box_h = 9, .ofs_x = 0, .ofs_y = 0},
    {.bitmap_index = 2332, .adv_w = 85, .box_w = 5, .box_h = 5, .ofs_x = 0, .ofs_y = 0},
    {.bitmap_index = 2345, .adv_w = 98, .box_w = 6, .box_h = 9, .ofs_x = 0, .ofs_y = -1},
    {.bitmap_index = 2372, .adv_w = 95, .box_w = 6, .box_h = 10, .ofs_x = 0, .ofs_y = 0},
    {.bitmap_index = 2402, .adv_w = 95, .box_w = 6, .box_h = 10, .ofs_x = 0, .ofs_y = 0},
    {.bitmap_index = 2432, .adv_w = 95, .box_w = 6, .box_h = 9, .ofs_x = 0, .ofs_y = 0},
    {.bitmap_index = 2459, .adv_w = 95, .box_w = 6, .box_h = 9, .ofs_x = 0, .ofs_y = 0},
    {.bitmap_index = 2486, .adv_w = 89, .box_w = 6, .box_h = 9, .ofs_x = 0, .ofs_y = 0},
    {.bitmap_index = 2513, .adv_w = 83, .box_w = 5, .box_h = 7, .ofs_x = 0, .ofs_y = 0},
    {.bitmap_index = 2531, .adv_w = 81, .box_w = 5, .box_h = 7, .ofs_x = 0, .ofs_y = 0},
    {.bitmap_index = 2549, .adv_w = 73, .box_w = 4, .box_h = 8, .ofs_x = 0, .ofs_y = 0},
    {.bitmap_index = 2565, .adv_w = 73, .box_w = 4, .box_h = 8, .ofs_x = 0, .ofs_y = 0},
    {.bitmap_index = 2581, .adv_w = 73, .box_w = 4, .box_h = 7, .ofs_x = 0, .ofs_y = 0},
    {.bitmap_index = 2595, .adv_w = 73, .box_w = 4, .box_h = 7, .ofs_x = 0, .ofs_y = 0},
    {.bitmap_index = 2609, .adv_w = 73, .box_w = 4, .box_h = 7, .ofs_x = 0, .ofs_y = 0},
    {.bitmap_index = 2623, .adv_w = 73, .box_w = 4, .box_h = 8, .ofs_x = 0, .ofs_y = 0},
    {.bitmap_index = 2639, .adv_w = 117, .box_w = 7, .box_h = 5, .ofs_x = 0, .ofs_y = 0},
    {.bitmap_index = 2657, .adv_w = 74, .box_w = 5, .box_h = 7, .ofs_x = 0, .ofs_y = -2},
    {.bitmap_index = 2675, .adv_w = 75, .box_w = 5, .box_h = 8, .ofs_x = 0, .ofs_y = 0},
    {.bitmap_index = 2695, .adv_w = 75, .box_w = 5, .box_h = 8, .ofs_x = 0, .ofs_y = 0},
    {.bitmap_index = 2715, .adv_w = 75, .box_w = 5, .box_h = 7, .ofs_x = 0, .ofs_y = 0},
    {.bitmap_index = 2733, .adv_w = 75, .box_w = 5, .box_h = 7, .ofs_x = 0, .ofs_y = 0},
    {.bitmap_index = 2751, .adv_w = 32, .box_w = 3, .box_h = 8, .ofs_x = -1, .ofs_y = 0},
    {.bitmap_index = 2763, .adv_w = 32, .box_w = 3, .box_h = 8, .ofs_x = 0, .ofs_y = 0},
    {.bitmap_index = 2775, .adv_w = 32, .box_w = 4, .box_h = 7, .ofs_x = -1, .ofs_y = 0},
    {.bitmap_index = 2789, .adv_w = 32, .box_w = 4, .box_h = 7, .ofs_x = -1, .ofs_y = 0},
    {.bitmap_index = 2803, .adv_w = 75, .box_w = 5, .box_h = 8, .ofs_x = 0, .ofs_y = 0},
    {.bitmap_index = 2823, .adv_w = 77, .box_w = 5, .box_h = 7, .ofs_x = 0, .ofs_y = 0},
    {.bitmap_index = 2841, .adv_w = 77, .box_w = 5, .box_h = 8, .ofs_x = 0, .ofs_y = 0},
    {.bitmap_index = 2861, .adv_w = 77, .box_w = 5, .box_h = 8, .ofs_x = 0, .ofs_y = 0},
    {.bitmap_index = 2881, .adv_w = 77, .box_w = 5, .box_h = 7, .ofs_x = 0, .ofs_y = 0},
    {.bitmap_index = 2899, .adv_w = 77, .box_w = 5, .box_h = 7, .ofs_x = 0, .ofs_y = 0},
    {.bitmap_index = 2917, .adv_w = 77, .box_w = 5, .box_h = 7, .ofs_x = 0, .ofs_y = 0},
    {.bitmap_index = 2935, .adv_w = 85, .box_w = 5, .box_h = 5, .ofs_x = 0, .ofs_y = 0},
    {.bitmap_index = 2948, .adv_w = 77, .box_w = 5, .box_h = 7, .ofs_x = 0, .ofs_y = -1},
    {.bitmap_index = 2966, .adv_w = 77, .box_w = 5, .box_h = 8, .ofs_x = 0, .ofs_y = 0},
    {.bitmap_index = 2986, .adv_w = 77, .box_w = 5, .box_h = 8, .ofs_x = 0, .ofs_y = 0},
    {.bitmap_index = 3006, .adv_w = 77, .box_w = 5, .box_h = 7, .ofs_x = 0, .ofs_y = 0},
    {.bitmap_index = 3024, .adv_w = 77, .box_w = 5, .box_h = 7, .ofs_x = 0, .ofs_y = 0},
    {.bitmap_index = 3042, .adv_w = 74, .box_w = 5, .box_h = 10, .ofs_x = 0, .ofs_y = -2},
    {.bitmap_index = 3067, .adv_w = 79, .box_w = 5, .box_h = 9, .ofs_x = 0, .ofs_y = -2},
    {.bitmap_index = 3090, .adv_w = 74, .box_w = 5, .box_h = 9, .ofs_x = 0, .ofs_y = -2},
    {.bitmap_index = 3113, .adv_w = 91, .box_w = 6, .box_h = 8, .ofs_x = 0, .ofs_y = 0},
    {.bitmap_index = 3137, .adv_w = 73, .box_w = 4, .box_h = 7, .ofs_x = 0, .ofs_y = 0},
    {.bitmap_index = 3151, .adv_w = 91, .box_w = 6, .box_h = 9, .ofs_x = 0, .ofs_y = 0},
    {.bitmap_index = 3178, .adv_w = 73, .box_w = 4, .box_h = 8, .ofs_x = 0, .ofs_y = 0},
    {.bitmap_index = 3194, .adv_w = 91, .box_w = 6, .box_h = 9, .ofs_x = 0, .ofs_y = -2},
    {.bitmap_index = 3221, .adv_w = 73, .box_w = 5, .box_h = 7, .ofs_x = 0, .ofs_y = -2},
    {.bitmap_index = 3239, .adv_w = 94, .box_w = 6, .box_h = 10, .ofs_x = 0, .ofs_y = 0},
    {.bitmap_index = 3269, .adv_w = 74, .box_w = 5, .box_h = 8, .ofs_x = 0, .ofs_y = 0},
    {.bitmap_index = 3289, .adv_w = 94, .box_w = 6, .box_h = 9, .ofs_x = 0, .ofs_y = 0},
    {.bitmap_index = 3316, .adv_w = 74, .box_w = 5, .box_h = 7, .ofs_x = 0, .ofs_y = 0},
    {.bitmap_index = 3334, .adv_w = 94, .box_w = 6, .box_h = 9, .ofs_x = 0, .ofs_y = 0},
    {.bitmap_index = 3361, .adv_w = 74, .box_w = 5, .box_h = 7, .ofs_x = 0, .ofs_y = 0},
    {.bitmap_index = 3379, .adv_w = 94, .box_w = 6, .box_h = 9, .ofs_x = 0, .ofs_y = 0},
    {.bitmap_index = 3406, .adv_w = 74, .box_w = 5, .box_h = 7, .ofs_x = 0, .ofs_y = 0},
    {.bitmap_index = 3424, .adv_w = 92, .box_w = 6, .box_h = 9, .ofs_x = 0, .ofs_y = 0},
    {.bitmap_index = 3451, .adv_w = 93, .box_w = 6, .box_h = 7, .ofs_x = 0, .ofs_y = 0},
    {.bitmap_index = 3472, .adv_w = 95, .box_w = 6, .box_h = 7, .ofs_x = 0, .ofs_y = 0},
    {.bitmap_index = 3493, .adv_w = 79, .box_w = 5, .box_h = 7, .ofs_x = 0, .ofs_y = 0},
    {.bitmap_index = 3511, .adv_w = 77, .box_w = 5, .box_h = 8, .ofs_x = 0, .ofs_y = 0},
    {.bitmap_index = 3531, .adv_w = 75, .box_w = 5, .box_h = 7, .ofs_x = 0, .ofs_y = 0},
    {.bitmap_index = 3549, .adv_w = 77, .box_w = 5, .box_h = 9, .ofs_x = 0, .ofs_y = 0},
    {.bitmap_index = 3572, .adv_w = 75, .box_w = 5, .box_h = 8, .ofs_x = 0, .ofs_y = 0},
    {.bitmap_index = 3592, .adv_w = 77, .box_w = 5, .box_h = 9, .ofs_x = 0, .ofs_y = 0},
    {.bitmap_index = 3615, .adv_w = 75, .box_w = 5, .box_h = 7, .ofs_x = 0, .ofs_y = 0},
    {.bitmap_index = 3633, .adv_w = 77, .box_w = 5, .box_h = 9, .ofs_x = 0, .ofs_y = -2},
    {.bitmap_index = 3656, .adv_w = 75, .box_w = 5, .box_h = 7, .ofs_x = 0, .ofs_y = -2},
    {.bitmap_index = 3674, .adv_w = 77, .box_w = 5, .box_h = 9, .ofs_x = 0, .ofs_y = 0},
    {.bitmap_index = 3697, .adv_w = 75, .box_w = 5, .box_h = 7, .ofs_x = 0, .ofs_y = 0},
    {.bitmap_index = 3715, .adv_w = 96, .box_w = 6, .box_h = 9, .ofs_x = 0, .ofs_y = 0},
    {.bitmap_index = 3742, .adv_w = 79, .box_w = 5, .box_h = 9, .ofs_x = 0, .ofs_y = -2},
    {.bitmap_index = 3765, .adv_w = 96, .box_w = 6, .box_h = 9, .ofs_x = 0, .ofs_y = 0},
    {.bitmap_index = 3792, .adv_w = 79, .box_w = 5, .box_h = 9, .ofs_x = 0, .ofs_y = -2},
    {.bitmap_index = 3815, .adv_w = 96, .box_w = 6, .box_h = 9, .ofs_x = 0, .ofs_y = 0},
    {.bitmap_index = 3842, .adv_w = 79, .box_w = 5, .box_h = 9, .ofs_x = 0, .ofs_y = -2},
    {.bitmap_index = 3865, .adv_w = 96, .box_w = 6, .box_h = 9, .ofs_x = 0, .ofs_y = -2},
    {.bitmap_index = 3892, .adv_w = 79, .box_w = 5, .box_h = 10, .ofs_x = 0, .ofs_y = -2},
    {.bitmap_index = 3917, .adv_w = 95, .box_w = 6, .box_h = 9, .ofs_x = 0, .ofs_y = 0},
    {.bitmap_index = 3944, .adv_w = 77, .box_w = 6, .box_h = 9, .ofs_x = -1, .ofs_y = 0},
    {.bitmap_index = 3971, .adv_w = 101, .box_w = 6, .box_h = 7, .ofs_x = 0, .ofs_y = 0},
    {.bitmap_index = 3992, .adv_w = 77, .box_w = 5, .box_h = 7, .ofs_x = 0, .ofs_y = 0},
    {.bitmap_index = 4010, .adv_w = 35, .box_w = 4, .box_h = 9, .ofs_x = -1, .ofs_y = 0},
    {.bitmap_index = 4028, .adv_w = 32, .box_w = 4, .box_h = 7, .ofs_x = -1, .ofs_y = 0},
    {.bitmap_index = 4042, .adv_w = 35, .box_w = 4, .box_h = 8, .ofs_x = -1, .ofs_y = 0},
    {.bitmap_index = 4058, .adv_w = 32, .box_w = 4, .box_h = 7, .ofs_x = -1, .ofs_y = 0},
    {.bitmap_index = 4072, .adv_w = 35, .box_w = 4, .box_h = 9, .ofs_x = -1, .ofs_y = 0},
    {.bitmap_index = 4090, .adv_w = 32, .box_w = 4, .box_h = 7, .ofs_x = -1, .ofs_y = 0},
    {.bitmap_index = 4104, .adv_w = 35, .box_w = 2, .box_h = 9, .ofs_x = 0, .ofs_y = -2},
    {.bitmap_index = 4113, .adv_w = 32, .box_w = 3, .box_h = 9, .ofs_x = -1, .ofs_y = -2},
    {.bitmap_index = 4127, .adv_w = 35, .box_w = 2, .box_h = 9, .ofs_x = 0, .ofs_y = 0},
    {.bitmap_index = 4136, .adv_w = 32, .box_w = 2, .box_h = 5, .ofs_x = 0, .ofs_y = 0},
    {.bitmap_index = 4141, .adv_w = 109, .box_w = 7, .box_h = 7, .ofs_x = 0, .ofs_y = 0},
    {.bitmap_index = 4166, .adv_w = 65, .box_w = 4, .box_h = 9, .ofs_x = 0, .ofs_y = -2},
    {.bitmap_index = 4184, .adv_w = 74, .box_w = 5, .box_h = 9, .ofs_x = 0, .ofs_y = 0},
    {.bitmap_index = 4207, .adv_w = 32, .box_w = 4, .box_h = 9, .ofs_x = -1, .ofs_y = -2},
    {.bitmap_index = 4225, .adv_w = 88, .box_w = 6, .box_h = 9, .ofs_x = 0, .ofs_y = -2},
    {.bitmap_index = 4252, .adv_w = 72, .box_w = 5, .box_h = 9, .ofs_x = 0, .ofs_y = -2},
    {.bitmap_index = 4275, .adv_w = 70, .box_w = 5, .box_h = 5, .ofs_x = 0, .ofs_y = 0},
    {.bitmap_index = 4288, .adv_w = 72, .box_w = 5, .box_h = 9, .ofs_x = 0, .ofs_y = 0},
    {.bitmap_index = 4311, .adv_w = 32, .box_w = 3, .box_h = 9, .ofs_x = 0, .ofs_y = 0},
    {.bitmap_index = 4325, .adv_w = 72, .box_w = 5, .box_h = 9, .ofs_x = 0, .ofs_y = -2},
    {.bitmap_index = 4348, .adv_w = 32, .box_w = 2, .box_h = 9, .ofs_x = 0, .ofs_y = -2},
    {.bitmap_index = 4357, .adv_w = 72, .box_w = 5, .box_h = 7, .ofs_x = 0, .ofs_y = 0},
    {.bitmap_index = 4375, .adv_w = 46, .box_w = 3, .box_h = 7, .ofs_x = 0, .ofs_y = 0},
    {.bitmap_index = 4386, .adv_w = 73, .box_w = 5, .box_h = 7, .ofs_x = 0, .ofs_y = 0},
    {.bitmap_index = 4404, .adv_w = 50, .box_w = 4, .box_h = 7, .ofs_x = 0, .ofs_y = 0},
    {.bitmap_index = 4418, .adv_w = 77, .box_w = 5, .box_h = 7, .ofs_x = 0, .ofs_y = 0},
    {.bitmap_index = 4436, .adv_w = 32, .box_w = 4, .box_h = 7, .ofs_x = -1, .ofs_y = 0},
    {.bitmap_index = 4450, .adv_w = 97, .box_w = 6, .box_h = 9, .ofs_x = 0, .ofs_y = 0},
    {.bitmap_index = 4477, .adv_w = 77, .box_w = 5, .box_h = 8, .ofs_x = 0, .ofs_y = 0},
    {.bitmap_index = 4497, .adv_w = 97, .box_w = 6, .box_h = 9, .ofs_x = 0, .ofs_y = -2},
    {.bitmap_index = 4524, .adv_w = 77, .box_w = 5, .box_h = 7, .ofs_x = 0, .ofs_y = -2},
    {.bitmap_index = 4542, .adv_w = 97, .box_w = 6, .box_h = 9, .ofs_x = 0, .ofs_y = 0},
    {.bitmap_index = 4569, .adv_w = 77, .box_w = 5, .box_h = 7, .ofs_x = 0, .ofs_y = 0},
    {.bitmap_index = 4587, .adv_w = 97, .box_w = 6, .box_h = 9, .ofs_x = 0, .ofs_y = -2},
    {.bitmap_index = 4614, .adv_w = 77, .box_w = 5, .box_h = 7, .ofs_x = 0, .ofs_y = -2},
    {.bitmap_index = 4632, .adv_w = 98, .box_w = 6, .box_h = 9, .ofs_x = 0, .ofs_y = 0},
    {.bitmap_index = 4659, .adv_w = 77, .box_w = 5, .box_h = 7, .ofs_x = 0, .ofs_y = 0},
    {.bitmap_index = 4677, .adv_w = 98, .box_w = 6, .box_h = 9, .ofs_x = 0, .ofs_y = 0},
    {.bitmap_index = 4704, .adv_w = 77, .box_w = 5, .box_h = 8, .ofs_x = 0, .ofs_y = 0},
    {.bitmap_index = 4724, .adv_w = 98, .box_w = 6, .box_h = 10, .ofs_x = 0, .ofs_y = 0},
    {.bitmap_index = 4754, .adv_w = 77, .box_w = 5, .box_h = 8, .ofs_x = 0, .ofs_y = 0},
    {.bitmap_index = 4774, .adv_w = 129, .box_w = 8, .box_h = 7, .ofs_x = 0, .ofs_y = 0},
    {.bitmap_index = 4802, .adv_w = 127, .box_w = 8, .box_h = 5, .ofs_x = 0, .ofs_y = 0},
    {.bitmap_index = 4822, .adv_w = 83, .box_w = 5, .box_h = 9, .ofs_x = 0, .ofs_y = 0},
    {.bitmap_index = 4845, .adv_w = 50, .box_w = 3, .box_h = 8, .ofs_x = 0, .ofs_y = 0},
    {.bitmap_index = 4857, .adv_w = 83, .box_w = 5, .box_h = 9, .ofs_x = 0, .ofs_y = -2},
    {.bitmap_index = 4880, .adv_w = 50, .box_w = 3, .box_h = 7, .ofs_x = 0, .ofs_y = -2},
    {.bitmap_index = 4891, .adv_w = 83, .box_w = 5, .box_h = 9, .ofs_x = 0, .ofs_y = 0},
    {.bitmap_index = 4914, .adv_w = 50, .box_w = 4, .box_h = 7, .ofs_x = 0, .ofs_y = 0},
    {.bitmap_index = 4928, .adv_w = 83, .box_w = 5, .box_h = 10, .ofs_x = 0, .ofs_y = 0},
    {.bitmap_index = 4953, .adv_w = 69, .box_w = 4, .box_h = 8, .ofs_x = 0, .ofs_y = 0},
    {.bitmap_index = 4969, .adv_w = 83, .box_w = 5, .box_h = 9, .ofs_x = 0, .ofs_y = 0},
    {.bitmap_index = 4992, .adv_w = 69, .box_w = 4, .box_h = 7, .ofs_x = 0, .ofs_y = 0},
    {.bitmap_index = 5006, .adv_w = 83, .box_w = 5, .box_h = 9, .ofs_x = 0, .ofs_y = -2},
    {.bitmap_index = 5029, .adv_w = 69, .box_w = 4, .box_h = 7, .ofs_x = 0, .ofs_y = -2},
    {.bitmap_index = 5043, .adv_w = 83, .box_w = 5, .box_h = 9, .ofs_x = 0, .ofs_y = 0},
    {.bitmap_index = 5066, .adv_w = 69, .box_w = 4, .box_h = 7, .ofs_x = 0, .ofs_y = 0},
    {.bitmap_index = 5080, .adv_w = 84, .box_w = 5, .box_h = 9, .ofs_x = 0, .ofs_y = -2},
    {.bitmap_index = 5103, .adv_w = 44, .box_w = 3, .box_h = 8, .ofs_x = 0, .ofs_y = -2},
    {.bitmap_index = 5115, .adv_w = 84, .box_w = 5, .box_h = 9, .ofs_x = 0, .ofs_y = 0},
    {.bitmap_index = 5138, .adv_w = 51, .box_w = 3, .box_h = 7, .ofs_x = 0, .ofs_y = 0},
    {.bitmap_index = 5149, .adv_w = 84, .box_w = 5, .box_h = 7, .ofs_x = 0, .ofs_y = 0},
    {.bitmap_index = 5167, .adv_w = 44, .box_w = 3, .box_h = 6, .ofs_x = 0, .ofs_y = 0},
    {.bitmap_index = 5176, .adv_w = 95, .box_w = 6, .box_h = 9, .ofs_x = 0, .ofs_y = 0},
    {.bitmap_index = 5203, .adv_w = 77, .box_w = 5, .box_h = 7, .ofs_x = 0, .ofs_y = 0},
    {.bitmap_index = 5221, .adv_w = 95, .box_w = 6, .box_h = 9, .ofs_x = 0, .ofs_y = 0},
    {.bitmap_index = 5248, .adv_w = 77, .box_w = 5, .box_h = 7, .ofs_x = 0, .ofs_y = 0},
    {.bitmap_index = 5266, .adv_w = 95, .box_w = 6, .box_h = 9, .ofs_x = 0, .ofs_y = 0},
    {.bitmap_index = 5293, .adv_w = 77, .box_w = 5, .box_h = 7, .ofs_x = 0, .ofs_y = 0},
    {.bitmap_index = 5311, .adv_w = 95, .box_w = 6, .box_h = 9, .ofs_x = 0, .ofs_y = 0},
    {.bitmap_index = 5338, .adv_w = 77, .box_w = 5, .box_h = 8, .ofs_x = 0, .ofs_y = 0},
    {.bitmap_index = 5358, .adv_w = 95, .box_w = 6, .box_h = 10, .ofs_x = 0, .ofs_y = 0},
    {.bitmap_index = 5388, .adv_w = 77, .box_w = 5, .box_h = 8, .ofs_x = 0, .ofs_y = 0},
    {.bitmap_index = 5408, .adv_w = 95, .box_w = 6, .box_h = 9, .ofs_x = 0, .ofs_y = -2},
    {.bitmap_index = 5435, .adv_w = 77, .box_w = 5, .box_h = 7, .ofs_x = 0, .ofs_y = -2},
    {.bitmap_index = 5453, .adv_w = 128, .box_w = 8, .box_h = 9, .ofs_x = 0, .ofs_y = 0},
    {.bitmap_index = 5489, .adv_w = 106, .box_w = 7, .box_h = 7, .ofs_x = 0, .ofs_y = 0},
    {.bitmap_index = 5514, .adv_w = 89, .box_w = 6, .box_h = 9, .ofs_x = 0, .ofs_y = 0},
    {.bitmap_index = 5541, .adv_w = 74, .box_w = 5, .box_h = 9, .ofs_x = 0, .ofs_y = -2},
    {.bitmap_index = 5564, .adv_w = 89, .box_w = 6, .box_h = 9, .ofs_x = 0, .ofs_y = 0},
    {.bitmap_index = 5591, .adv_w = 82, .box_w = 5, .box_h = 9, .ofs_x = 0, .ofs_y = 0},
    {.bitmap_index = 5614, .adv_w = 72, .box_w = 4, .box_h = 8, .ofs_x = 0, .ofs_y = 0},
    {.bitmap_index = 5630, .adv_w = 82, .box_w = 5, .box_h = 9, .ofs_x = 0, .ofs_y = 0},
    {.bitmap_index = 5653, .adv_w = 72, .box_w = 4, .box_h = 7, .ofs_x = 0, .ofs_y = 0},
    {.bitmap_index = 5667, .adv_w = 82, .box_w = 5, .box_h = 9, .ofs_x = 0, .ofs_y = 0},
    {.bitmap_index = 5690, .adv_w = 72, .box_w = 4, .box_h = 7, .ofs_x = 0, .ofs_y = 0},
    {.bitmap_index = 5704, .adv_w = 42, .box_w = 3, .box_h = 7, .ofs_x = 0, .ofs_y = 0},
    {.bitmap_index = 5715, .adv_w = 79, .box_w = 5, .box_h = 7, .ofs_x = 0, .ofs_y = 0},
    {.bitmap_index = 5733, .adv_w = 104, .box_w = 7, .box_h = 7, .ofs_x = 0, .ofs_y = 0},
    {.bitmap_index = 5758, .adv_w = 84, .box_w = 5, .box_h = 7, .ofs_x = 0, .ofs_y = 0},
    {.bitmap_index = 5776, .adv_w = 79, .box_w = 5, .box_h = 7, .ofs_x = 0, .ofs_y = 0},
    {.bitmap_index = 5794, .adv_w = 103, .box_w = 7, .box_h = 7, .ofs_x = 0, .ofs_y = 0},
    {.bitmap_index = 5819, .adv_w = 91, .box_w = 6, .box_h = 5, .ofs_x = 0, .ofs_y = 0},
    {.bitmap_index = 5834, .adv_w = 94, .box_w = 6, .box_h = 7, .ofs_x = 0, .ofs_y = 0},
    {.bitmap_index = 5855, .adv_w = 94, .box_w = 7, .box_h = 8, .ofs_x = 0, .ofs_y = 0},
    {.bitmap_index = 5883, .adv_w = 76, .box_w = 5, .box_h = 6, .ofs_x = 0, .ofs_y = 0},
    {.bitmap_index = 5898, .adv_w = 95, .box_w = 6, .box_h = 7, .ofs_x = 0, .ofs_y = 0},
    {.bitmap_index = 5919, .adv_w = 112, .box_w = 7, .box_h = 7, .ofs_x = 0, .ofs_y = 0},
    {.bitmap_index = 5944, .adv_w = 83, .box_w = 5, .box_h = 7, .ofs_x = 0, .ofs_y = 0},
    {.bitmap_index = 5962, .adv_w = 79, .box_w = 5, .box_h = 7, .ofs_x = 0, .ofs_y = 0},
    {.bitmap_index = 5980, .adv_w = 74, .box_w = 5, .box_h = 7, .ofs_x = 0, .ofs_y = -2},
    {.bitmap_index = 5998, .adv_w = 77, .box_w = 5, .box_h = 7, .ofs_x = 0, .ofs_y = 0},
    {.bitmap_index = 6016, .adv_w = 96, .box_w = 6, .box_h = 7, .ofs_x = 0, .ofs_y = 0},
    {.bitmap_index = 6037, .adv_w = 80, .box_w = 5, .box_h = 7, .ofs_x = 0, .ofs_y = 0},
    {.bitmap_index = 6055, .adv_w = 75, .box_w = 6, .box_h = 9, .ofs_x = -1, .ofs_y = -2},
    {.bitmap_index = 6082, .adv_w = 53, .box_w = 4, .box_h = 9, .ofs_x = 0, .ofs_y = -2},
    {.bitmap_index = 6100, .adv_w = 96, .box_w = 7, .box_h = 8, .ofs_x = 0, .ofs_y = 0},
    {.bitmap_index = 6128, .adv_w = 86, .box_w = 6, .box_h = 9, .ofs_x = 0, .ofs_y = -2},
    {.bitmap_index = 6155, .adv_w = 123, .box_w = 8, .box_h = 7, .ofs_x = 0, .ofs_y = 0},
    {.bitmap_index = 6183, .adv_w = 37, .box_w = 3, .box_h = 7, .ofs_x = 0, .ofs_y = 0},
    {.bitmap_index = 6194, .adv_w = 44, .box_w = 3, .box_h = 7, .ofs_x = 0, .ofs_y = 0},
    {.bitmap_index = 6205, .adv_w = 89, .box_w = 6, .box_h = 8, .ofs_x = 0, .ofs_y = 0},
    {.bitmap_index = 6229, .adv_w = 72, .box_w = 5, .box_h = 7, .ofs_x = 0, .ofs_y = 0},
    {.bitmap_index = 6247, .adv_w = 32, .box_w = 4, .box_h = 7, .ofs_x = -1, .ofs_y = 0},
    {.bitmap_index = 6261, .adv_w = 84, .box_w = 6, .box_h = 7, .ofs_x = 0, .ofs_y = 0},
    {.bitmap_index = 6282, .adv_w = 118, .box_w = 7, .box_h = 7, .ofs_x = 0, .ofs_y = 0},
    {.bitmap_index = 6307, .adv_w = 97, .box_w = 7, .box_h = 9, .ofs_x = -1, .ofs_y = -2},
    {.bitmap_index = 6339, .adv_w = 77, .box_w = 5, .box_h = 7, .ofs_x = 0, .ofs_y = -2},
    {.bitmap_index = 6357, .adv_w = 98, .box_w = 6, .box_h = 7, .ofs_x = 0, .ofs_y = 0},
    {.bitmap_index = 6378, .adv_w = 98, .box_w = 6, .box_h = 8, .ofs_x = 0, .ofs_y = 0},
    {.bitmap_index = 6402, .adv_w = 77, .box_w = 5, .box_h = 6, .ofs_x = 0, .ofs_y = 0},
    {.bitmap_index = 6417, .adv_w = 114, .box_w = 7, .box_h = 9, .ofs_x = 0, .ofs_y = -2},
    {.bitmap_index = 6449, .adv_w = 86, .box_w = 6, .box_h = 7, .ofs_x = 0, .ofs_y = -2},
    {.bitmap_index = 6470, .adv_w = 102, .box_w = 6, .box_h = 7, .ofs_x = 0, .ofs_y = 0},
    {.bitmap_index = 6491, .adv_w = 79, .box_w = 5, .box_h = 9, .ofs_x = 0, .ofs_y = -2},
    {.bitmap_index = 6514, .adv_w = 94, .box_w = 6, .box_h = 10, .ofs_x = 0, .ofs_y = -2},
    {.bitmap_index = 6544, .adv_w = 83, .box_w = 5, .box_h = 7, .ofs_x = 0, .ofs_y = 0},
    {.bitmap_index = 6562, .adv_w = 69, .box_w = 4, .box_h = 5, .ofs_x = 0, .ofs_y = 0},
    {.bitmap_index = 6572, .adv_w = 82, .box_w = 5, .box_h = 7, .ofs_x = 0, .ofs_y = 0},
    {.bitmap_index = 6590, .adv_w = 74, .box_w = 5, .box_h = 9, .ofs_x = 0, .ofs_y = -2},
    {.bitmap_index = 6613, .adv_w = 44, .box_w = 3, .box_h = 8, .ofs_x = 0, .ofs_y = -2},
    {.bitmap_index = 6625, .adv_w = 86, .box_w = 6, .box_h = 7, .ofs_x = 0, .ofs_y = 0},
    {.bitmap_index = 6646, .adv_w = 43, .box_w = 3, .box_h = 7, .ofs_x = 0, .ofs_y = 0},
    {.bitmap_index = 6657, .adv_w = 84, .box_w = 5, .box_h = 9, .ofs_x = 0, .ofs_y = -2},
    {.bitmap_index = 6680, .adv_w = 94, .box_w = 6, .box_h = 8, .ofs_x = 0, .ofs_y = 0},
    {.bitmap_index = 6704, .adv_w = 81, .box_w = 5, .box_h = 6, .ofs_x = 0, .ofs_y = 0},
    {.bitmap_index = 6719, .adv_w = 99, .box_w = 6, .box_h = 7, .ofs_x = 0, .ofs_y = 0},
    {.bitmap_index = 6740, .adv_w = 83, .box_w = 5, .box_h = 7, .ofs_x = 0, .ofs_y = 0},
    {.bitmap_index = 6758, .adv_w = 94, .box_w = 6, .box_h = 8, .ofs_x = 0, .ofs_y = 0},
    {.bitmap_index = 6782, .adv_w = 88, .box_w = 6, .box_h = 9, .ofs_x = 0, .ofs_y = -2},
    {.bitmap_index = 6809, .adv_w = 82, .box_w = 5, .box_h = 7, .ofs_x = 0, .ofs_y = 0},
    {.bitmap_index = 6827, .adv_w = 72, .box_w = 4, .box_h = 5, .ofs_x = 0, .ofs_y = 0},
    {.bitmap_index = 6837, .adv_w = 88, .box_w = 6, .box_h = 9, .ofs_x = 0, .ofs_y = -2},
    {.bitmap_index = 6864, .adv_w = 88, .box_w = 6, .box_h = 9, .ofs_x = 0, .ofs_y = -2},
    {.bitmap_index = 6891, .adv_w = 81, .box_w = 5, .box_h = 7, .ofs_x = 0, .ofs_y = -2},
    {.bitmap_index = 6909, .adv_w = 71, .box_w = 5, .box_h = 7, .ofs_x = 0, .ofs_y = -2},
    {.bitmap_index = 6927, .adv_w = 79, .box_w = 5, .box_h = 7, .ofs_x = 0, .ofs_y = 0},
    {.bitmap_index = 6945, .adv_w = 79, .box_w = 5, .box_h = 7, .ofs_x = 0, .ofs_y = 0},
    {.bitmap_index = 6963, .adv_w = 74, .box_w = 5, .box_h = 5, .ofs_x = 0, .ofs_y = 0},
    {.bitmap_index = 6976, .adv_w = 71, .box_w = 4, .box_h = 6, .ofs_x = 0, .ofs_y = 0},
    {.bitmap_index = 6988, .adv_w = 83, .box_w = 5, .box_h = 7, .ofs_x = 0, .ofs_y = -2},
    {.bitmap_index = 7006, .adv_w = 35, .box_w = 2, .box_h = 7, .ofs_x = 0, .ofs_y = 0},
    {.bitmap_index = 7013, .adv_w = 47, .box_w = 3, .box_h = 7, .ofs_x = 0, .ofs_y = 0},
    {.bitmap_index = 7024, .adv_w = 32, .box_w = 4, .box_h = 7, .ofs_x = -1, .ofs_y = 0},
    {.bitmap_index = 7038, .adv_w = 39, .box_w = 2, .box_h = 7, .ofs_x = 0, .ofs_y = 0},
    {.bitmap_index = 7045, .adv_w = 164, .box_w = 10, .box_h = 7, .ofs_x = 0, .ofs_y = 0},
    {.bitmap_index = 7080, .adv_w = 151, .box_w = 9, .box_h = 7, .ofs_x = 0, .ofs_y = 0},
    {.bitmap_index = 7112, .adv_w = 146, .box_w = 9, .box_h = 7, .ofs_x = 0, .ofs_y = 0},
    {.bitmap_index = 7144, .adv_w = 105, .box_w = 7, .box_h = 9, .ofs_x = 0, .ofs_y = -2},
    {.bitmap_index = 7176, .adv_w = 65, .box_w = 4, .box_h = 9, .ofs_x = 0, .ofs_y = -2},
    {.bitmap_index = 7194, .adv_w = 170, .box_w = 11, .box_h = 7, .ofs_x = 0, .ofs_y = 0},
    {.bitmap_index = 7233, .adv_w = 129, .box_w = 8, .box_h = 9, .ofs_x = 0, .ofs_y = -2},
    {.bitmap_index = 7269, .adv_w = 109, .box_w = 7, .box_h = 9, .ofs_x = 0, .ofs_y = -2},
    {.bitmap_index = 7301, .adv_w = 91, .box_w = 6, .box_h = 9, .ofs_x = 0, .ofs_y = 0},
    {.bitmap_index = 7328, .adv_w = 73, .box_w = 4, .box_h = 7, .ofs_x = 0, .ofs_y = 0},
    {.bitmap_index = 7342, .adv_w = 35, .box_w = 4, .box_h = 9, .ofs_x = -1, .ofs_y = 0},
    {.bitmap_index = 7360, .adv_w = 32, .box_w = 4, .box_h = 7, .ofs_x = -1, .ofs_y = 0},
    {.bitmap_index = 7374, .adv_w = 98, .box_w = 6, .box_h = 9, .ofs_x = 0, .ofs_y = 0},
    {.bitmap_index = 7401, .adv_w = 77, .box_w = 5, .box_h = 7, .ofs_x = 0, .ofs_y = 0},
    {.bitmap_index = 7419, .adv_w = 95, .box_w = 6, .box_h = 9, .ofs_x = 0, .ofs_y = 0},
    {.bitmap_index = 7446, .adv_w = 77, .box_w = 5, .box_h = 7, .ofs_x = 0, .ofs_y = 0},
    {.bitmap_index = 7464, .adv_w = 95, .box_w = 6, .box_h = 10, .ofs_x = 0, .ofs_y = 0},
    {.bitmap_index = 7494, .adv_w = 77, .box_w = 5, .box_h = 8, .ofs_x = 0, .ofs_y = 0},
    {.bitmap_index = 7514, .adv_w = 95, .box_w = 6, .box_h = 10, .ofs_x = 0, .ofs_y = 0},
    {.bitmap_index = 7544, .adv_w = 77, .box_w = 5, .box_h = 9, .ofs_x = 0, .ofs_y = 0},
    {.bitmap_index = 7567, .adv_w = 95, .box_w = 6, .box_h = 10, .ofs_x = 0, .ofs_y = 0},
    {.bitmap_index = 7597, .adv_w = 77, .box_w = 5, .box_h = 9, .ofs_x = 0, .ofs_y = 0},
    {.bitmap_index = 7620, .adv_w = 95, .box_w = 6, .box_h = 10, .ofs_x = 0, .ofs_y = 0},
    {.bitmap_index = 7650, .adv_w = 77, .box_w = 5, .box_h = 9, .ofs_x = 0, .ofs_y = 0},
    {.bitmap_index = 7673, .adv_w = 75, .box_w = 5, .box_h = 5, .ofs_x = 0, .ofs_y = 0},
    {.bitmap_index = 7686, .adv_w = 91, .box_w = 6, .box_h = 10, .ofs_x = 0, .ofs_y = 0},
    {.bitmap_index = 7716, .adv_w = 73, .box_w = 4, .box_h = 8, .ofs_x = 0, .ofs_y = 0},
    {.bitmap_index = 7732, .adv_w = 91, .box_w = 6, .box_h = 10, .ofs_x = 0, .ofs_y = 0},
    {.bitmap_index = 7762, .adv_w = 73, .box_w = 4, .box_h = 8, .ofs_x = 0, .ofs_y = 0},
    {.bitmap_index = 7778, .adv_w = 128, .box_w = 8, .box_h = 8, .ofs_x = 0, .ofs_y = 0},
    {.bitmap_index = 7810, .adv_w = 117, .box_w = 7, .box_h = 7, .ofs_x = 0, .ofs_y = 0},
    {.bitmap_index = 7835, .adv_w = 96, .box_w = 6, .box_h = 7, .ofs_x = 0, .ofs_y = 0},
    {.bitmap_index = 7856, .adv_w = 87, .box_w = 6, .box_h = 7, .ofs_x = 0, .ofs_y = -2},
    {.bitmap_index = 7877, .adv_w = 96, .box_w = 6, .box_h = 9, .ofs_x = 0, .ofs_y = 0},
    {.bitmap_index = 7904, .adv_w = 79, .box_w = 5, .box_h = 9, .ofs_x = 0, .ofs_y = -2},
    {.bitmap_index = 7927, .adv_w = 88, .box_w = 6, .box_h = 9, .ofs_x = 0, .ofs_y = 0},
    {.bitmap_index = 7954, .adv_w = 72, .box_w = 6, .box_h = 9, .ofs_x = -1, .ofs_y = 0},
    {.bitmap_index = 7981, .adv_w = 98, .box_w = 6, .box_h = 9, .ofs_x = 0, .ofs_y = -2},
    {.bitmap_index = 8008, .adv_w = 77, .box_w = 5, .box_h = 7, .ofs_x = 0, .ofs_y = -2},
    {.bitmap_index = 8026, .adv_w = 98, .box_w = 6, .box_h = 10, .ofs_x = 0, .ofs_y = -2},
    {.bitmap_index = 8056, .adv_w = 77, .box_w = 5, .box_h = 9, .ofs_x = 0, .ofs_y = -2},
    {.bitmap_index = 8079, .adv_w = 88, .box_w = 6, .box_h = 11, .ofs_x = 0, .ofs_y = -2},
    {.bitmap_index = 8112, .adv_w = 81, .box_w = 5, .box_h = 9, .ofs_x = 0, .ofs_y = -2},
    {.bitmap_index = 8135, .adv_w = 32, .box_w = 4, .box_h = 9, .ofs_x = -1, .ofs_y = -2},
    {.bitmap_index = 8153, .adv_w = 174, .box_w = 11, .box_h = 7, .ofs_x = 0, .ofs_y = 0},
    {.bitmap_index = 8192, .adv_w = 164, .box_w = 10, .box_h = 7, .ofs_x = 0, .ofs_y = 0},
    {.bitmap_index = 8227, .adv_w = 151, .box_w = 9, .box_h = 7, .ofs_x = 0, .ofs_y = 0},
    {.bitmap_index = 8259, .adv_w = 96, .box_w = 6, .box_h = 10, .ofs_x = 0, .ofs_y = 0},
    {.bitmap_index = 8289, .adv_w = 79, .box_w = 5, .box_h = 10, .ofs_x = 0, .ofs_y = -2},
    {.bitmap_index = 8314, .adv_w = 143, .box_w = 9, .box_h = 7, .ofs_x = 0, .ofs_y = 0},
    {.bitmap_index = 8346, .adv_w = 86, .box_w = 5, .box_h = 9, .ofs_x = 0, .ofs_y = -2},
    {.bitmap_index = 8369, .adv_w = 97, .box_w = 6, .box_h = 9, .ofs_x = 0, .ofs_y = 0},
    {.bitmap_index = 8396, .adv_w = 77, .box_w = 5, .box_h = 8, .ofs_x = 0, .ofs_y = 0},
    {.bitmap_index = 8416, .adv_w = 91, .box_w = 6, .box_h = 10, .ofs_x = 0, .ofs_y = 0},
    {.bitmap_index = 8446, .adv_w = 73, .box_w = 4, .box_h = 9, .ofs_x = 0, .ofs_y = 0},
    {.bitmap_index = 8464, .adv_w = 128, .box_w = 8, .box_h = 9, .ofs_x = 0, .ofs_y = 0},
    {.bitmap_index = 8500, .adv_w = 117, .box_w = 7, .box_h = 8, .ofs_x = 0, .ofs_y = 0},
    {.bitmap_index = 8528, .adv_w = 98, .box_w = 6, .box_h = 11, .ofs_x = 0, .ofs_y = -1},
    {.bitmap_index = 8561, .adv_w = 77, .box_w = 5, .box_h = 9, .ofs_x = 0, .ofs_y = -1},
    {.bitmap_index = 8584, .adv_w = 91, .box_w = 6, .box_h = 9, .ofs_x = 0, .ofs_y = 0},
    {.bitmap_index = 8611, .adv_w = 73, .box_w = 4, .box_h = 8, .ofs_x = 0, .ofs_y = 0},
    {.bitmap_index = 8627, .adv_w = 91, .box_w = 6, .box_h = 9, .ofs_x = 0, .ofs_y = 0},
    {.bitmap_index = 8654, .adv_w = 73, .box_w = 4, .box_h = 7, .ofs_x = 0, .ofs_y = 0},
    {.bitmap_index = 8668, .adv_w = 77, .box_w = 5, .box_h = 9, .ofs_x = 0, .ofs_y = 0},
    {.bitmap_index = 8691, .adv_w = 75, .box_w = 5, .box_h = 8, .ofs_x = 0, .ofs_y = 0},
    {.bitmap_index = 8711, .adv_w = 77, .box_w = 5, .box_h = 9, .ofs_x = 0, .ofs_y = 0},
    {.bitmap_index = 8734, .adv_w = 75, .box_w = 5, .box_h = 7, .ofs_x = 0, .ofs_y = 0},
    {.bitmap_index = 8752, .adv_w = 35, .box_w = 4, .box_h = 9, .ofs_x = -1, .ofs_y = 0},
    {.bitmap_index = 8770, .adv_w = 32, .box_w = 3, .box_h = 8, .ofs_x = -1, .ofs_y = 0},
    {.bitmap_index = 8782, .adv_w = 35, .box_w = 4, .box_h = 9, .ofs_x = -1, .ofs_y = 0},
    {.bitmap_index = 8800, .adv_w = 32, .box_w = 4, .box_h = 7, .ofs_x = -1, .ofs_y = 0},
    {.bitmap_index = 8814, .adv_w = 98, .box_w = 6, .box_h = 10, .ofs_x = 0, .ofs_y = 0},
    {.bitmap_index = 8844, .adv_w = 77, .box_w = 5, .box_h = 8, .ofs_x = 0, .ofs_y = 0},
    {.bitmap_index = 8864, .adv_w = 98, .box_w = 6, .box_h = 9, .ofs_x = 0, .ofs_y = 0},
    {.bitmap_index = 8891, .adv_w = 77, .box_w = 5, .box_h = 7, .ofs_x = 0, .ofs_y = 0},
    {.bitmap_index = 8909, .adv_w = 83, .box_w = 5, .box_h = 9, .ofs_x = 0, .ofs_y = 0},
    {.bitmap_index = 8932, .adv_w = 50, .box_w = 4, .box_h = 8, .ofs_x = -1, .ofs_y = 0},
    {.bitmap_index = 8948, .adv_w = 83, .box_w = 5, .box_h = 9, .ofs_x = 0, .ofs_y = 0},
    {.bitmap_index = 8971, .adv_w = 50, .box_w = 3, .box_h = 7, .ofs_x = 0, .ofs_y = 0},
    {.bitmap_index = 8982, .adv_w = 95, .box_w = 6, .box_h = 10, .ofs_x = 0, .ofs_y = 0},
    {.bitmap_index = 9012, .adv_w = 77, .box_w = 5, .box_h = 8, .ofs_x = 0, .ofs_y = 0},
    {.bitmap_index = 9032, .adv_w = 95, .box_w = 6, .box_h = 9, .ofs_x = 0, .ofs_y = 0},
    {.bitmap_index = 9059, .adv_w = 77, .box_w = 5, .box_h = 7, .ofs_x = 0, .ofs_y = 0},
    {.bitmap_index = 9077, .adv_w = 83, .box_w = 5, .box_h = 9, .ofs_x = 0, .ofs_y = -2},
    {.bitmap_index = 9100, .adv_w = 69, .box_w = 4, .box_h = 7, .ofs_x = 0, .ofs_y = -2},
    {.bitmap_index = 9114, .adv_w = 84, .box_w = 5, .box_h = 9, .ofs_x = 0, .ofs_y = -2},
    {.bitmap_index = 9137, .adv_w = 44, .box_w = 3, .box_h = 8, .ofs_x = 0, .ofs_y = -2},
    {.bitmap_index = 9149, .adv_w = 83, .box_w = 5, .box_h = 9, .ofs_x = 0, .ofs_y = -2},
    {.bitmap_index = 9172, .adv_w = 71, .box_w = 4, .box_h = 7, .ofs_x = 0, .ofs_y = -2},
    {.bitmap_index = 9186, .adv_w = 95, .box_w = 6, .box_h = 9, .ofs_x = 0, .ofs_y = 0},
    {.bitmap_index = 9213, .adv_w = 77, .box_w = 6, .box_h = 9, .ofs_x = -1, .ofs_y = 0},
    {.bitmap_index = 9240, .adv_w = 83, .box_w = 5, .box_h = 9, .ofs_x = 0, .ofs_y = -2},
    {.bitmap_index = 9263, .adv_w = 99, .box_w = 7, .box_h = 9, .ofs_x = 0, .ofs_y = -2},
    {.bitmap_index = 9295, .adv_w = 82, .box_w = 5, .box_h = 7, .ofs_x = 0, .ofs_y = 0},
    {.bitmap_index = 9313, .adv_w = 82, .box_w = 5, .box_h = 7, .ofs_x = 0, .ofs_y = 0},
    {.bitmap_index = 9331, .adv_w = 82, .box_w = 5, .box_h = 9, .ofs_x = 0, .ofs_y = -2},
    {.bitmap_index = 9354, .adv_w = 72, .box_w = 5, .box_h = 7, .ofs_x = 0, .ofs_y = -2},
    {.bitmap_index = 9372, .adv_w = 91, .box_w = 6, .box_h = 9, .ofs_x = 0, .ofs_y = 0},
    {.bitmap_index = 9399, .adv_w = 73, .box_w = 4, .box_h = 7, .ofs_x = 0, .ofs_y = 0},
    {.bitmap_index = 9413, .adv_w = 77, .box_w = 5, .box_h = 9, .ofs_x = 0, .ofs_y = -2},
    {.bitmap_index = 9436, .adv_w = 75, .box_w = 5, .box_h = 7, .ofs_x = 0, .ofs_y = -2},
    {.bitmap_index = 9454, .adv_w = 98, .box_w = 6, .box_h = 10, .ofs_x = 0, .ofs_y = 0},
    {.bitmap_index = 9484, .adv_w = 77, .box_w = 5, .box_h = 8, .ofs_x = 0, .ofs_y = 0},
    {.bitmap_index = 9504, .adv_w = 98, .box_w = 6, .box_h = 10, .ofs_x = 0, .ofs_y = 0},
    {.bitmap_index = 9534, .adv_w = 77, .box_w = 5, .box_h = 8, .ofs_x = 0, .ofs_y = 0},
    {.bitmap_index = 9554, .adv_w = 98, .box_w = 6, .box_h = 9, .ofs_x = 0, .ofs_y = 0},
    {.bitmap_index = 9581, .adv_w = 77, .box_w = 5, .box_h = 7, .ofs_x = 0, .ofs_y = 0},
    {.bitmap_index = 9599, .adv_w = 98, .box_w = 6, .box_h = 10, .ofs_x = 0, .ofs_y = 0},
    {.bitmap_index = 9629, .adv_w = 77, .box_w = 5, .box_h = 8, .ofs_x = 0, .ofs_y = 0},
    {.bitmap_index = 9649, .adv_w = 89, .box_w = 6, .box_h = 8, .ofs_x = 0, .ofs_y = 0},
    {.bitmap_index = 9673, .adv_w = 74, .box_w = 5, .box_h = 9, .ofs_x = 0, .ofs_y = -2},
    {.bitmap_index = 9696, .adv_w = 52, .box_w = 5, .box_h = 9, .ofs_x = -1, .ofs_y = -2},
    {.bitmap_index = 9719, .adv_w = 97, .box_w = 6, .box_h = 7, .ofs_x = 0, .ofs_y = -2},
    {.bitmap_index = 9740, .adv_w = 55, .box_w = 5, .box_h = 6, .ofs_x = -1, .ofs_y = 0},
    {.bitmap_index = 9755, .adv_w = 32, .box_w = 3, .box_h = 7, .ofs_x = -1, .ofs_y = -2},
    {.bitmap_index = 9766, .adv_w = 118, .box_w = 7, .box_h = 7, .ofs_x = 0, .ofs_y = 0},
    {.bitmap_index = 9791, .adv_w = 118, .box_w = 7, .box_h = 7, .ofs_x = 0, .ofs_y = -2},
    {.bitmap_index = 9816, .adv_w = 91, .box_w = 6, .box_h = 9, .ofs_x = 0, .ofs_y = -1},
    {.bitmap_index = 9843, .adv_w = 94, .box_w = 6, .box_h = 9, .ofs_x = 0, .ofs_y = -1},
    {.bitmap_index = 9870, .adv_w = 74, .box_w = 5, .box_h = 9, .ofs_x = 0, .ofs_y = -2},
    {.bitmap_index = 9893, .adv_w = 75, .box_w = 5, .box_h = 7, .ofs_x = 0, .ofs_y = 0},
    {.bitmap_index = 9911, .adv_w = 84, .box_w = 5, .box_h = 9, .ofs_x = 0, .ofs_y = -1},
    {.bitmap_index = 9934, .adv_w = 69, .box_w = 4, .box_h = 7, .ofs_x = 0, .ofs_y = -2},
    {.bitmap_index = 9948, .adv_w = 72, .box_w = 5, .box_h = 7, .ofs_x = 0, .ofs_y = -2},
    {.bitmap_index = 9966, .adv_w = 71, .box_w = 5, .box_h = 7, .ofs_x = 0, .ofs_y = 0},
    {.bitmap_index = 9984, .adv_w = 71, .box_w = 4, .box_h = 5, .ofs_x = 0, .ofs_y = 0},
    {.bitmap_index = 9994, .adv_w = 85, .box_w = 5, .box_h = 7, .ofs_x = 0, .ofs_y = 0},
    {.bitmap_index = 10012, .adv_w = 96, .box_w = 7, .box_h = 7, .ofs_x = -1, .ofs_y = 0},
    {.bitmap_index = 10037, .adv_w = 94, .box_w = 6, .box_h = 7, .ofs_x = 0, .ofs_y = 0},
    {.bitmap_index = 10058, .adv_w = 77, .box_w = 5, .box_h = 9, .ofs_x = 0, .ofs_y = -1},
    {.bitmap_index = 10081, .adv_w = 75, .box_w = 5, .box_h = 9, .ofs_x = 0, .ofs_y = -2},
    {.bitmap_index = 10104, .adv_w = 78, .box_w = 5, .box_h = 7, .ofs_x = 0, .ofs_y = 0},
    {.bitmap_index = 10122, .adv_w = 32, .box_w = 4, .box_h = 9, .ofs_x = -1, .ofs_y = -2},
    {.bitmap_index = 10140, .adv_w = 98, .box_w = 7, .box_h = 9, .ofs_x = 0, .ofs_y = -2},
    {.bitmap_index = 10172, .adv_w = 79, .box_w = 6, .box_h = 7, .ofs_x = 0, .ofs_y = -2},
    {.bitmap_index = 10193, .adv_w = 84, .box_w = 6, .box_h = 7, .ofs_x = 0, .ofs_y = 0},
    {.bitmap_index = 10214, .adv_w = 50, .box_w = 4, .box_h = 5, .ofs_x = -1, .ofs_y = 0},
    {.bitmap_index = 10224, .adv_w = 88, .box_w = 6, .box_h = 7, .ofs_x = 0, .ofs_y = 0},
    {.bitmap_index = 10245, .adv_w = 74, .box_w = 5, .box_h = 7, .ofs_x = 0, .ofs_y = -2},
    {.bitmap_index = 10263, .adv_w = 128, .box_w = 8, .box_h = 9, .ofs_x = 0, .ofs_y = -1},
    {.bitmap_index = 10299, .adv_w = 128, .box_w = 8, .box_h = 6, .ofs_x = 0, .ofs_y = 0},
    {.bitmap_index = 10323, .adv_w = 128, .box_w = 8, .box_h = 8, .ofs_x = 0, .ofs_y = -1},
    {.bitmap_index = 10355, .adv_w = 128, .box_w = 8, .box_h = 6, .ofs_x = 0, .ofs_y = 0},
    {.bitmap_index = 10379, .adv_w = 88, .box_w = 6, .box_h = 6, .ofs_x = 0, .ofs_y = 0},
    {.bitmap_index = 10397, .adv_w = 128, .box_w = 8, .box_h = 8, .ofs_x = 0, .ofs_y = -1},
    {.bitmap_index = 10429, .adv_w = 128, .box_w = 8, .box_h = 8, .ofs_x = 0, .ofs_y = -1},
    {.bitmap_index = 10461, .adv_w = 144, .box_w = 9, .box_h = 8, .ofs_x = 0, .ofs_y = -1},
    {.bitmap_index = 10497, .adv_w = 128, .box_w = 8, .box_h = 8, .ofs_x = 0, .ofs_y = -1},
    {.bitmap_index = 10529, .adv_w = 144, .box_w = 9, .box_h = 6, .ofs_x = 0, .ofs_y = 0},
    {.bitmap_index = 10556, .adv_w = 128, .box_w = 8, .box_h = 10, .ofs_x = 0, .ofs_y = -2},
    {.bitmap_index = 10596, .adv_w = 64, .box_w = 4, .box_h = 7, .ofs_x = 0, .ofs_y = -1},
    {.bitmap_index = 10610, .adv_w = 96, .box_w = 6, .box_h = 7, .ofs_x = 0, .ofs_y = -1},
    {.bitmap_index = 10631, .adv_w = 144, .box_w = 9, .box_h = 8, .ofs_x = 0, .ofs_y = -1},
    {.bitmap_index = 10667, .adv_w = 128, .box_w = 8, .box_h = 6, .ofs_x = 0, .ofs_y = 0},
    {.bitmap_index = 10691, .adv_w = 88, .box_w = 6, .box_h = 8, .ofs_x = 0, .ofs_y = -1},
    {.bitmap_index = 10715, .adv_w = 112, .box_w = 5, .box_h = 8, .ofs_x = 1, .ofs_y = -1},
    {.bitmap_index = 10735, .adv_w = 112, .box_w = 7, .box_h = 10, .ofs_x = 0, .ofs_y = -2},
    {.bitmap_index = 10770, .adv_w = 112, .box_w = 7, .box_h = 8, .ofs_x = 0, .ofs_y = -1},
    {.bitmap_index = 10798, .adv_w = 112, .box_w = 7, .box_h = 8, .ofs_x = 0, .ofs_y = -1},
    {.bitmap_index = 10826, .adv_w = 112, .box_w = 5, .box_h = 8, .ofs_x = 1, .ofs_y = -1},
    {.bitmap_index = 10846, .adv_w = 112, .box_w = 9, .box_h = 8, .ofs_x = -1, .ofs_y = -1},
    {.bitmap_index = 10882, .adv_w = 80, .box_w = 5, .box_h = 8, .ofs_x = 0, .ofs_y = -1},
    {.bitmap_index = 10902, .adv_w = 80, .box_w = 5, .box_h = 8, .ofs_x = 0, .ofs_y = -1},
    {.bitmap_index = 10922, .adv_w = 112, .box_w = 7, .box_h = 8, .ofs_x = 0, .ofs_y = -1},
    {.bitmap_index = 10950, .adv_w = 112, .box_w = 7, .box_h = 2, .ofs_x = 0, .ofs_y = 2},
    {.bitmap_index = 10957, .adv_w = 144, .box_w = 9, .box_h = 6, .ofs_x = 0, .ofs_y = 0},
    {.bitmap_index = 10984, .adv_w = 160, .box_w = 11, .box_h = 8, .ofs_x = -1, .ofs_y = -1},
    {.bitmap_index = 11028, .adv_w = 144, .box_w = 11, .box_h = 8, .ofs_x = -1, .ofs_y = -1},
    {.bitmap_index = 11072, .adv_w = 128, .box_w = 8, .box_h = 8, .ofs_x = 0, .ofs_y = -1},
    {.bitmap_index = 11104, .adv_w = 112, .box_w = 7, .box_h = 6, .ofs_x = 0, .ofs_y = 0},
    {.bitmap_index = 11125, .adv_w = 112, .box_w = 7, .box_h = 6, .ofs_x = 0, .ofs_y = 0},
    {.bitmap_index = 11146, .adv_w = 160, .box_w = 11, .box_h = 7, .ofs_x = -1, .ofs_y = -1},
    {.bitmap_index = 11185, .adv_w = 128, .box_w = 8, .box_h = 6, .ofs_x = 0, .ofs_y = 0},
    {.bitmap_index = 11209, .adv_w = 128, .box_w = 8, .box_h = 8, .ofs_x = 0, .ofs_y = -1},
    {.bitmap_index = 11241, .adv_w = 128, .box_w = 9, .box_h = 9, .ofs_x = -1, .ofs_y = -1},
    {.bitmap_index = 11282, .adv_w = 160, .box_w = 10, .box_h = 8, .ofs_x = 0, .ofs_y = -1},
    {.bitmap_index = 11322, .adv_w = 112, .box_w = 8, .box_h = 8, .ofs_x = 0, .ofs_y = -1},
    {.bitmap_index = 11354, .adv_w = 112, .box_w = 7, .box_h = 8, .ofs_x = 0, .ofs_y = -1},
    {.bitmap_index = 11382, .adv_w = 112, .box_w = 7, .box_h = 8, .ofs_x = 0, .ofs_y = -1},
    {.bitmap_index = 11410, .adv_w = 112, .box_w = 7, .box_h = 8, .ofs_x = 0, .ofs_y = -1},
    {.bitmap_index = 11438, .adv_w = 128, .box_w = 8, .box_h = 6, .ofs_x = 0, .ofs_y = 0},
    {.bitmap_index = 11462, .adv_w = 80, .box_w = 7, .box_h = 8, .ofs_x = -1, .ofs_y = -1},
    {.bitmap_index = 11490, .adv_w = 112, .box_w = 7, .box_h = 8, .ofs_x = 0, .ofs_y = -1},
    {.bitmap_index = 11518, .adv_w = 112, .box_w = 7, .box_h = 8, .ofs_x = 0, .ofs_y = -1},
    {.bitmap_index = 11546, .adv_w = 144, .box_w = 9, .box_h = 6, .ofs_x = 0, .ofs_y = 0},
    {.bitmap_index = 11573, .adv_w = 128, .box_w = 10, .box_h = 10, .ofs_x = -1, .ofs_y = -2},
    {.bitmap_index = 11623, .adv_w = 96, .box_w = 6, .box_h = 8, .ofs_x = 0, .ofs_y = -1},
    {.bitmap_index = 11647, .adv_w = 128, .box_w = 8, .box_h = 8, .ofs_x = 0, .ofs_y = -1},
    {.bitmap_index = 11679, .adv_w = 160, .box_w = 10, .box_h = 8, .ofs_x = 0, .ofs_y = -1},
    {.bitmap_index = 11719, .adv_w = 160, .box_w = 10, .box_h = 6, .ofs_x = 0, .ofs_y = 0},
    {.bitmap_index = 11749, .adv_w = 160, .box_w = 10, .box_h = 6, .ofs_x = 0, .ofs_y = 0},
    {.bitmap_index = 11779, .adv_w = 160, .box_w = 10, .box_h = 6, .ofs_x = 0, .ofs_y = 0},
    {.bitmap_index = 11809, .adv_w = 160, .box_w = 10, .box_h = 6, .ofs_x = 0, .ofs_y = 0},
    {.bitmap_index = 11839, .adv_w = 160, .box_w = 10, .box_h = 6, .ofs_x = 0, .ofs_y = 0},
    {.bitmap_index = 11869, .adv_w = 160, .box_w = 11, .box_h = 8, .ofs_x = 0, .ofs_y = -1},
    {.bitmap_index = 11913, .adv_w = 112, .box_w = 7, .box_h = 8, .ofs_x = 0, .ofs_y = -1},
    {.bitmap_index = 11941, .adv_w = 112, .box_w = 9, .box_h = 8, .ofs_x = -1, .ofs_y = -1},
    {.bitmap_index = 11977, .adv_w = 112, .box_w = 7, .box_h = 8, .ofs_x = 0, .ofs_y = -1},
    {.bitmap_index = 12005, .adv_w = 128, .box_w = 9, .box_h = 9, .ofs_x = -1, .ofs_y = -2},
    {.bitmap_index = 12046, .adv_w = 160, .box_w = 10, .box_h = 6, .ofs_x = 0, .ofs_y = 0},
    {.bitmap_index = 12076, .adv_w = 160, .box_w = 10, .box_h = 8, .ofs_x = 0, .ofs_y = -1},
    {.bitmap_index = 12116, .adv_w = 128, .box_w = 9, .box_h = 8, .ofs_x = 0, .ofs_y = -1},
    {.bitmap_index = 12152, .adv_w = 128, .box_w = 8, .box_h = 8, .ofs_x = 0, .ofs_y = -1},
    {.bitmap_index = 12184, .adv_w = 128, .box_w = 9, .box_h = 8, .ofs_x = -1, .ofs_y = -1},
    {.bitmap_index = 12220, .adv_w = 160, .box_w = 10, .box_h = 8, .ofs_x = 0, .ofs_y = -1},
    {.bitmap_index = 12260, .adv_w = 96, .box_w = 7, .box_h = 8, .ofs_x = 0, .ofs_y = -1},
    {.bitmap_index = 12288, .adv_w = 129, .box_w = 9, .box_h = 6, .ofs_x = 0, .ofs_y = 0}
};

/*---------------------
 *  CHARACTER MAPPING
 *--------------------*/

static const uint16_t unicode_list_5[] = {
    0x0, 0x7, 0xa, 0xb, 0xc, 0x10, 0x12, 0x14,
    0x18, 0x1b, 0x20, 0x25, 0x26, 0x27, 0x3d, 0x42,
    0x47, 0x4a, 0x4b, 0x4c, 0x50, 0x51, 0x52, 0x53,
    0x66, 0x67, 0x6d, 0x6f, 0x70, 0x73, 0x76, 0x77,
    0x78, 0x7a, 0x92, 0x94, 0xc1, 0xc3, 0xc4, 0xc6,
    0xc8, 0xdf, 0xe6, 0xe9, 0xf2, 0x11b, 0x123, 0x15a,
    0x184, 0x1ea, 0x23f, 0x240, 0x241, 0x242, 0x243, 0x286,
    0x292, 0x2db, 0x2ec, 0x303, 0x559, 0x6c3, 0x72d, 0x73c,
    0x73f, 0x75e, 0x7c1, 0x8a1
};

/*Collect the unicode lists and glyph_id offsets*/
static const lv_font_fmt_txt_cmap_t cmaps[] =
{
    {
        .range_start = 32, .range_length = 95, .glyph_id_start = 1,
        .unicode_list = NULL, .glyph_id_ofs_list = NULL, .list_length = 0, .type = LV_FONT_FMT_TXT_CMAP_FORMAT0_TINY
    },
    {
        .range_start = 160, .range_length = 13, .glyph_id_start = 96,
        .unicode_list = NULL, .glyph_id_ofs_list = NULL, .list_length = 0, .type = LV_FONT_FMT_TXT_CMAP_FORMAT0_TINY
    },
    {
        .range_start = 174, .range_length = 155, .glyph_id_start = 109,
        .unicode_list = NULL, .glyph_id_ofs_list = NULL, .list_length = 0, .type = LV_FONT_FMT_TXT_CMAP_FORMAT0_TINY
    },
    {
        .range_start = 330, .range_length = 122, .glyph_id_start = 264,
        .unicode_list = NULL, .glyph_id_ofs_list = NULL, .list_length = 0, .type = LV_FONT_FMT_TXT_CMAP_FORMAT0_TINY
    },
    {
        .range_start = 453, .range_length = 139, .glyph_id_start = 386,
        .unicode_list = NULL, .glyph_id_ofs_list = NULL, .list_length = 0, .type = LV_FONT_FMT_TXT_CMAP_FORMAT0_TINY
    },
    {
        .range_start = 61441, .range_length = 2210, .glyph_id_start = 525,
        .unicode_list = unicode_list_5, .glyph_id_ofs_list = NULL, .list_length = 68, .type = LV_FONT_FMT_TXT_CMAP_SPARSE_TINY
    }
};

/*-----------------
 *    KERNING
 *----------------*/


/*Pair left and right glyphs for kerning*/
static const uint16_t kern_pair_glyph_ids[] =
{
    3, 7,
    3, 13,
    3, 15,
    3, 21,
    3, 98,
    7, 3,
    7, 8,
    7, 61,
    7, 109,
    8, 7,
    8, 13,
    8, 15,
    8, 21,
    8, 98,
    9, 93,
    9, 98,
    11, 7,
    11, 13,
    11, 15,
    11, 21,
    11, 33,
    11, 64,
    11, 105,
    12, 19,
    12, 20,
    12, 24,
    12, 61,
    12, 117,
    13, 1,
    13, 2,
    13, 3,
    13, 8,
    13, 17,
    13, 18,
    13, 20,
    13, 22,
    13, 23,
    13, 24,
    13, 25,
    13, 26,
    13, 32,
    13, 33,
    13, 105,
    13, 117,
    14, 19,
    14, 20,
    14, 24,
    14, 61,
    14, 117,
    15, 1,
    15, 2,
    15, 3,
    15, 8,
    15, 17,
    15, 18,
    15, 20,
    15, 22,
    15, 23,
    15, 24,
    15, 25,
    15, 26,
    15, 32,
    15, 33,
    15, 105,
    15, 117,
    16, 13,
    16, 15,
    16, 61,
    17, 13,
    17, 15,
    17, 24,
    17, 61,
    17, 64,
    18, 10,
    18, 62,
    18, 64,
    18, 94,
    19, 21,
    20, 11,
    20, 13,
    20, 15,
    20, 63,
    20, 107,
    20, 111,
    21, 11,
    21, 13,
    21, 15,
    21, 18,
    21, 63,
    21, 109,
    21, 111,
    21, 117,
    22, 11,
    22, 13,
    22, 15,
    22, 63,
    22, 109,
    22, 111,
    23, 13,
    23, 15,
    23, 64,
    24, 4,
    24, 7,
    24, 13,
    24, 15,
    24, 17,
    24, 20,
    24, 21,
    24, 22,
    24, 23,
    24, 24,
    24, 25,
    24, 26,
    24, 27,
    24, 28,
    24, 29,
    24, 64,
    24, 98,
    24, 107,
    25, 11,
    25, 13,
    25, 15,
    25, 63,
    25, 107,
    25, 111,
    26, 13,
    26, 15,
    26, 24,
    26, 61,
    26, 64,
    27, 61,
    28, 61,
    30, 61,
    31, 24,
    31, 61,
    33, 13,
    33, 15,
    33, 16,
    33, 61,
    33, 64,
    33, 109,
    60, 93,
    60, 98,
    61, 3,
    61, 5,
    61, 8,
    61, 11,
    61, 12,
    61, 14,
    61, 16,
    61, 18,
    61, 29,
    61, 30,
    61, 32,
    61, 33,
    61, 61,
    61, 63,
    61, 95,
    61, 98,
    61, 105,
    61, 107,
    61, 108,
    61, 109,
    61, 111,
    61, 112,
    61, 117,
    61, 118,
    61, 122,
    61, 150,
    61, 182,
    63, 7,
    63, 13,
    63, 15,
    63, 21,
    63, 33,
    63, 64,
    63, 105,
    64, 11,
    64, 17,
    64, 18,
    64, 20,
    64, 21,
    64, 22,
    64, 23,
    64, 25,
    64, 26,
    64, 33,
    64, 61,
    64, 63,
    64, 93,
    64, 105,
    64, 111,
    64, 117,
    92, 93,
    92, 98,
    93, 10,
    93, 62,
    93, 64,
    93, 94,
    95, 19,
    95, 20,
    95, 24,
    95, 61,
    95, 117,
    97, 61,
    98, 3,
    98, 8,
    98, 10,
    98, 18,
    98, 61,
    98, 62,
    98, 94,
    98, 109,
    105, 13,
    105, 15,
    105, 16,
    105, 61,
    105, 64,
    105, 109,
    109, 7,
    109, 21,
    109, 33,
    109, 98,
    109, 105,
    111, 7,
    111, 13,
    111, 15,
    111, 21,
    111, 33,
    111, 64,
    111, 105,
    112, 61,
    116, 12,
    116, 14,
    116, 16,
    116, 29,
    116, 64,
    116, 95,
    116, 108,
    116, 118,
    116, 182,
    117, 10,
    117, 62,
    117, 64,
    117, 94,
    118, 19,
    118, 20,
    118, 24,
    118, 61,
    118, 117,
    122, 18,
    122, 19,
    122, 20,
    122, 24,
    122, 25,
    122, 61,
    126, 61,
    150, 61,
    182, 19,
    182, 20,
    182, 24,
    182, 61,
    182, 117
};

/* Kerning between the respective left and right glyphs
 * 4.4 format which needs to scaled with `kern_scale`*/
static const int8_t kern_pair_values[] =
{
    -4, -11, -11, -8, -2, -4, -4, -8,
    -3, -4, -11, -11, -8, -2, 1, -1,
    -4, -17, -17, -6, -2, -9, -2, -4,
    -1, -3, -6, -2, -1, 0, -11, -11,
    -3, -11, -3, -1, -3, -2, -3, -1,
    -11, -6, -6, -6, -4, -1, -3, -6,
    -2, -1, 0, -11, -11, -3, -11, -3,
    -1, -3, -2, -3, -1, -11, -6, -6,
    -6, -5, -5, 0, -3, -3, -2, -2,
    -6, 1, 1, 1, 1, -2, -2, -3,
    -3, -2, -4, -2, -3, -4, -4, -3,
    -3, -1, -3, -5, 0, -3, -3, 0,
    -1, 0, -4, -4, -6, -7, -6, -16,
    -16, -2, -2, -7, -1, -2, 3, -2,
    -1, -4, -4, -12, -20, -6, -8, -2,
    -3, -3, -2, -4, -2, -3, -3, -2,
    -2, -6, -8, -8, -9, -9, -9, -6,
    -6, -5, -5, -5, -1, 1, -1, -10,
    -1, -10, -11, -4, -4, 2, -5, -2,
    -6, -8, -5, -6, -11, -4, -1, -5,
    -4, -4, -9, -11, -6, -6, -4, -4,
    -4, -4, -4, -17, -17, -6, -2, -9,
    -2, -9, -6, -14, -6, -7, -6, -6,
    -6, -6, -5, -10, -9, 4, -5, -9,
    -6, 1, -1, 1, 1, 1, 1, -4,
    -1, -3, -6, -2, -4, -2, -2, -1,
    -4, -7, -1, -1, -1, -6, -6, -5,
    -5, -5, -1, -4, -6, -1, -4, -1,
    -4, -17, -17, -6, -2, -9, -2, -9,
    -5, -5, -4, -5, -4, -5, -4, -5,
    -5, 1, 1, 1, 1, -4, -1, -3,
    -5, -2, -5, -6, -6, -6, -4, -8,
    -12, -5, -4, -1, -3, -6, -2
};

/*Collect the kern pair's data in one place*/
static const lv_font_fmt_txt_kern_pair_t kern_pairs =
{
    .glyph_ids = kern_pair_glyph_ids,
    .values = kern_pair_values,
    .pair_cnt = 263,
    .glyph_ids_size = 1
};

/*--------------------
 *  ALL CUSTOM DATA
 *--------------------*/

#if LVGL_VERSION_MAJOR == 8
/*Store all the custom data of the font*/
static  lv_font_fmt_txt_glyph_cache_t cache;
#endif

#if LVGL_VERSION_MAJOR >= 8
static const lv_font_fmt_txt_dsc_t font_dsc = {
#else
static lv_font_fmt_txt_dsc_t font_dsc = {
#endif
    .glyph_bitmap = glyph_bitmap,
    .glyph_dsc = glyph_dsc,
    .cmaps = cmaps,
    .kern_dsc = &kern_pairs,
    .kern_scale = 16,
    .cmap_num = 6,
    .bpp = 4,
    .kern_classes = 0,
    .bitmap_format = 0,
#if LVGL_VERSION_MAJOR == 8
    .cache = &cache
#endif
};



/*-----------------
 *  PUBLIC FONT
 *----------------*/

/*Initialize a public general font descriptor*/
#if LVGL_VERSION_MAJOR >= 8
const lv_font_t font_pl_8 = {
#else
lv_font_t font_pl_8 = {
#endif
    .get_glyph_dsc = lv_font_get_glyph_dsc_fmt_txt,    /*Function pointer to get glyph's data*/
    .get_glyph_bitmap = lv_font_get_bitmap_fmt_txt,    /*Function pointer to get glyph's bitmap*/
    .line_height = 12,          /*The maximum line height required by the font*/
    .base_line = 2,             /*Baseline measured from the bottom of the line*/
#if !(LVGL_VERSION_MAJOR == 6 && LVGL_VERSION_MINOR == 0)
    .subpx = LV_FONT_SUBPX_NONE,
#endif
#if LV_VERSION_CHECK(7, 4, 0) || LVGL_VERSION_MAJOR >= 8
    .underline_position = -1,
    .underline_thickness = 1,
#endif
    .dsc = &font_dsc,          /*The custom font data. Will be accessed by `get_glyph_bitmap/dsc` */
#if LV_VERSION_CHECK(8, 2, 0) || LVGL_VERSION_MAJOR >= 9
    .fallback = NULL,
#endif
    .user_data = NULL,
};



#endif /*#if FONT_PL_8*/

