/*******************************************************************************
 * Size: 12 px
 * Bpp: 4
 * Opts: --bpp 4 --size 12 --font ../tools/fonts/Inter-Medium.otf -r 0x20-0x7F,0xA0-0x24F --font ../managed_components/lvgl__lvgl/scripts/built_in_font/FontAwesome5-Solid+Brands+Regular.woff -r 61441,61448,61451,61452,61453,61457,61459,61461,61465,61468,61473,61478,61479,61480,61502,61507,61512,61515,61516,61517,61521,61522,61523,61524,61543,61544,61550,61552,61553,61556,61559,61560,61561,61563,61587,61589,61636,61637,61639,61641,61664,61671,61674,61683,61724,61732,61787,61931,62016,62017,62018,62019,62020,62087,62099,62212,62189,62810,63426,63650,0xf185,0xf6c4,0xf0c2,0xf75f,0xf73d,0xf740,0xf2dc,0xf72e --format lvgl --no-compress -o font_pl_12.c
 ******************************************************************************/

#ifdef LV_LVGL_H_INCLUDE_SIMPLE
#include "lvgl.h"
#else
#include "lvgl/lvgl.h"
#endif

#ifndef FONT_PL_12
#define FONT_PL_12 1
#endif

#if FONT_PL_12

/*-----------------
 *    BITMAPS
 *----------------*/

/*Store the image of the glyphs*/
static LV_ATTRIBUTE_LARGE_CONST const uint8_t glyph_bitmap[] = {
    /* U+0020 " " */

    /* U+0021 "!" */
    0xe, 0x80, 0xd8, 0xd, 0x70, 0xd7, 0xd, 0x70,
    0xc7, 0x3, 0x10, 0x95, 0xc, 0x70,

    /* U+0022 "\"" */
    0xc8, 0x9b, 0xb7, 0x8a, 0xa6, 0x89, 0x63, 0x45,

    /* U+0023 "#" */
    0x0, 0x96, 0x8, 0x70, 0x0, 0xc3, 0xb, 0x40,
    0x3f, 0xff, 0xff, 0xf6, 0x3, 0xe1, 0x2f, 0x10,
    0x4, 0xb0, 0x3c, 0x0, 0xbf, 0xff, 0xff, 0xd0,
    0x1a, 0x82, 0x98, 0x10, 0xb, 0x40, 0xa5, 0x0,
    0xd, 0x20, 0xc3, 0x0,

    /* U+0024 "$" */
    0x0, 0x6, 0x30, 0x0, 0x0, 0x7, 0x30, 0x0,
    0x2, 0xcf, 0xfb, 0x10, 0xd, 0xc9, 0x7d, 0xb0,
    0x1f, 0x57, 0x33, 0x70, 0xd, 0xda, 0x40, 0x0,
    0x1, 0x8e, 0xf9, 0x10, 0x0, 0x7, 0x7c, 0xd0,
    0x3a, 0x17, 0x35, 0xf1, 0x1f, 0xb9, 0x8c, 0xd0,
    0x4, 0xcf, 0xfb, 0x20, 0x0, 0x7, 0x30, 0x0,

    /* U+0025 "%" */
    0x3d, 0xe4, 0x0, 0xd, 0x20, 0xa6, 0x4b, 0x0,
    0x97, 0x0, 0x96, 0x5b, 0x4, 0xc0, 0x0, 0x2d,
    0xd3, 0xd, 0x20, 0x0, 0x0, 0x0, 0x97, 0x0,
    0x0, 0x0, 0x4, 0xc0, 0x4d, 0xc2, 0x0, 0xd,
    0x20, 0xc4, 0x78, 0x0, 0x97, 0x0, 0xc3, 0x78,
    0x4, 0xc0, 0x0, 0x5e, 0xd2,

    /* U+0026 "&" */
    0x1, 0xcf, 0xc1, 0x0, 0x9, 0xc3, 0xc9, 0x0,
    0x9, 0x90, 0xa7, 0x0, 0x2, 0xe9, 0xb0, 0x0,
    0x4, 0xff, 0x30, 0x40, 0x1f, 0x57, 0xe4, 0xf0,
    0x5f, 0x0, 0xaf, 0xd0, 0x2f, 0x83, 0x8f, 0xa0,
    0x5, 0xdf, 0xc5, 0xf5,

    /* U+0027 "'" */
    0xc8, 0xb7, 0xa6, 0x63,

    /* U+0028 "(" */
    0x3, 0x60, 0xc9, 0x2f, 0x36, 0xe0, 0x8c, 0xa,
    0xa0, 0xc8, 0xa, 0xa0, 0x8c, 0x5, 0xf0, 0xe,
    0x50, 0x8b,

    /* U+0029 ")" */
    0x36, 0x0, 0x2f, 0x30, 0xd, 0x80, 0x7, 0xd0,
    0x5, 0xf0, 0x3, 0xf1, 0x1, 0xf3, 0x3, 0xf1,
    0x5, 0xf0, 0x9, 0xc0, 0xe, 0x50, 0x5e, 0x0,

    /* U+002A "*" */
    0x0, 0x59, 0x0, 0x1d, 0x8a, 0xc4, 0x3, 0xef,
    0x50, 0x1d, 0xab, 0xd3, 0x1, 0x49, 0x10, 0x0,
    0x1, 0x0,

    /* U+002B "+" */
    0x0, 0x99, 0x0, 0x0, 0x99, 0x0, 0xdf, 0xff,
    0xfe, 0x22, 0xaa, 0x22, 0x0, 0x99, 0x0, 0x0,
    0x99, 0x0, 0x0, 0x0, 0x0,

    /* U+002C "," */
    0x7, 0x50, 0xe5, 0xf, 0x13, 0xc0,

    /* U+002D "-" */
    0x2f, 0xff, 0xb0, 0x22, 0x21,

    /* U+002E "." */
    0xa, 0x50, 0xc7,

    /* U+002F "/" */
    0x0, 0x1f, 0x10, 0x5, 0xd0, 0x0, 0x98, 0x0,
    0xd, 0x40, 0x1, 0xf1, 0x0, 0x5c, 0x0, 0x9,
    0x80, 0x0, 0xd4, 0x0, 0x2f, 0x0, 0x6, 0xc0,
    0x0, 0xa8, 0x0, 0x0,

    /* U+0030 "0" */
    0x0, 0x9e, 0xd6, 0x0, 0x9, 0xe5, 0x6f, 0x50,
    0x1f, 0x50, 0x9, 0xc0, 0x3f, 0x10, 0x5, 0xf0,
    0x5f, 0x0, 0x4, 0xf0, 0x3f, 0x10, 0x5, 0xf0,
    0x1f, 0x50, 0x9, 0xc0, 0xa, 0xe4, 0x6f, 0x50,
    0x0, 0x9e, 0xd7, 0x0,

    /* U+0031 "1" */
    0x4, 0xef, 0x5, 0xfa, 0xf0, 0x42, 0x4f, 0x0,
    0x4, 0xf0, 0x0, 0x4f, 0x0, 0x4, 0xf0, 0x0,
    0x4f, 0x0, 0x4, 0xf0, 0x0, 0x4f, 0x0,

    /* U+0032 "2" */
    0x2, 0xbf, 0xd5, 0x0, 0xdb, 0x48, 0xf3, 0x1b,
    0x20, 0xe, 0x60, 0x0, 0x2, 0xf3, 0x0, 0x0,
    0xca, 0x0, 0x0, 0xbc, 0x0, 0x0, 0xbc, 0x0,
    0x0, 0xae, 0x43, 0x31, 0x2f, 0xff, 0xff, 0x90,

    /* U+0033 "3" */
    0x2, 0xbf, 0xd6, 0x0, 0xdc, 0x47, 0xf4, 0x7,
    0x20, 0xd, 0x70, 0x0, 0x5, 0xf3, 0x0, 0x1f,
    0xf6, 0x0, 0x0, 0x36, 0xe6, 0x15, 0x0, 0x9,
    0xc1, 0xfb, 0x46, 0xf9, 0x3, 0xcf, 0xe9, 0x0,

    /* U+0034 "4" */
    0x0, 0x0, 0xdf, 0x10, 0x0, 0x7, 0xef, 0x10,
    0x0, 0x2f, 0x6f, 0x10, 0x0, 0xb8, 0x2f, 0x10,
    0x5, 0xe0, 0x2f, 0x10, 0x1e, 0x50, 0x2f, 0x10,
    0x5f, 0xff, 0xff, 0xf3, 0x2, 0x22, 0x5f, 0x40,
    0x0, 0x0, 0x3f, 0x10,

    /* U+0035 "5" */
    0xb, 0xff, 0xff, 0x20, 0xd8, 0x33, 0x30, 0xf,
    0x40, 0x0, 0x1, 0xfb, 0xed, 0x50, 0x19, 0x83,
    0x8f, 0x30, 0x0, 0x0, 0xe7, 0x17, 0x0, 0xe,
    0x71, 0xfa, 0x48, 0xf2, 0x3, 0xcf, 0xd4, 0x0,

    /* U+0036 "6" */
    0x0, 0x8e, 0xe9, 0x0, 0x8e, 0x56, 0xf8, 0xf,
    0x40, 0x3, 0x43, 0xf4, 0xce, 0x80, 0x4f, 0xc3,
    0x5f, 0x73, 0xf3, 0x0, 0x9d, 0x1f, 0x40, 0x8,
    0xc0, 0xad, 0x45, 0xf7, 0x1, 0xae, 0xe8, 0x0,

    /* U+0037 "7" */
    0x7f, 0xff, 0xff, 0x51, 0x33, 0x36, 0xf3, 0x0,
    0x0, 0xab, 0x0, 0x0, 0x2f, 0x30, 0x0, 0xa,
    0xb0, 0x0, 0x2, 0xf3, 0x0, 0x0, 0xac, 0x0,
    0x0, 0x2f, 0x40, 0x0, 0xa, 0xc0, 0x0, 0x0,

    /* U+0038 "8" */
    0x1, 0xbf, 0xd6, 0x0, 0xcc, 0x47, 0xf4, 0xf,
    0x60, 0xd, 0x70, 0xab, 0x14, 0xf3, 0x1, 0xdf,
    0xf7, 0x0, 0xdb, 0x46, 0xe7, 0x4f, 0x20, 0x9,
    0xd1, 0xfa, 0x35, 0xea, 0x4, 0xcf, 0xe9, 0x0,

    /* U+0039 "9" */
    0x2, 0xbf, 0xd5, 0x0, 0xdc, 0x47, 0xf3, 0x3f,
    0x30, 0xc, 0xa4, 0xf1, 0x0, 0xac, 0x1f, 0x90,
    0x4f, 0xd0, 0x4e, 0xfd, 0x8c, 0x3, 0x1, 0xa,
    0x80, 0xeb, 0x48, 0xf2, 0x3, 0xcf, 0xc3, 0x0,

    /* U+003A ":" */
    0x9, 0x50, 0xc7, 0x0, 0x0, 0x0, 0x0, 0x0,
    0xa5, 0xc, 0x70,

    /* U+003B ";" */
    0x8, 0x70, 0xa9, 0x0, 0x0, 0x0, 0x0, 0x0,
    0x75, 0xe, 0x50, 0xf1, 0x3c, 0x0,

    /* U+003C "<" */
    0x0, 0x0, 0x0, 0x0, 0x0, 0x69, 0x0, 0x6e,
    0xe5, 0x6e, 0xd6, 0x0, 0xfd, 0x20, 0x0, 0x2a,
    0xfa, 0x20, 0x0, 0x2a, 0xf8, 0x0, 0x0, 0x26,

    /* U+003D "=" */
    0xbf, 0xff, 0xfb, 0x22, 0x22, 0x22, 0x0, 0x0,
    0x0, 0xbf, 0xff, 0xfb, 0x22, 0x22, 0x22,

    /* U+003E ">" */
    0x0, 0x0, 0x0, 0x96, 0x0, 0x0, 0x5e, 0xe6,
    0x0, 0x0, 0x6d, 0xe6, 0x0, 0x2, 0xdf, 0x2,
    0xaf, 0xa2, 0x8f, 0xa2, 0x0, 0x63, 0x0, 0x0,

    /* U+003F "?" */
    0x7, 0xee, 0xa0, 0x4f, 0x64, 0xe8, 0x35, 0x0,
    0xaa, 0x0, 0x4, 0xf5, 0x0, 0x5f, 0x60, 0x0,
    0xb9, 0x0, 0x0, 0x21, 0x0, 0x0, 0x86, 0x0,
    0x0, 0xc8, 0x0,

    /* U+0040 "@" */
    0x0, 0x5, 0xbe, 0xeb, 0x50, 0x0, 0x0, 0xae,
    0x62, 0x25, 0xda, 0x0, 0x6, 0xd1, 0x0, 0x0,
    0xd, 0x60, 0xe, 0x50, 0x8e, 0xcd, 0x45, 0xd0,
    0x1f, 0x6, 0xc0, 0x3f, 0x41, 0xf0, 0x4e, 0xa,
    0x60, 0xb, 0x40, 0xf1, 0x4e, 0xa, 0x60, 0xc,
    0x40, 0xf0, 0x2f, 0x6, 0xc0, 0x3f, 0x74, 0xc0,
    0xf, 0x40, 0x9e, 0xb4, 0xed, 0x30, 0x7, 0xd0,
    0x0, 0x0, 0x0, 0x0, 0x0, 0xbe, 0x62, 0x14,
    0x50, 0x0, 0x0, 0x6, 0xbe, 0xfd, 0x70, 0x0,

    /* U+0041 "A" */
    0x0, 0xc, 0xf3, 0x0, 0x0, 0x1, 0xfb, 0x90,
    0x0, 0x0, 0x7c, 0x5e, 0x0, 0x0, 0xc, 0x60,
    0xf4, 0x0, 0x2, 0xf1, 0xa, 0x90, 0x0, 0x7f,
    0xff, 0xff, 0x0, 0xd, 0x82, 0x22, 0xf5, 0x2,
    0xf2, 0x0, 0xa, 0xa0, 0x8e, 0x0, 0x0, 0x6f,
    0x0,

    /* U+0042 "B" */
    0xf, 0xff, 0xfb, 0x10, 0xf, 0x73, 0x5d, 0xb0,
    0xf, 0x40, 0x7, 0xd0, 0xf, 0x40, 0x1c, 0x90,
    0xf, 0xff, 0xfd, 0x10, 0xf, 0x62, 0x3b, 0xe0,
    0xf, 0x40, 0x2, 0xf3, 0xf, 0x73, 0x3a, 0xf1,
    0xf, 0xff, 0xfd, 0x40,

    /* U+0043 "C" */
    0x0, 0x5c, 0xfd, 0x70, 0x0, 0x6f, 0x95, 0x8f,
    0x80, 0xe, 0x80, 0x0, 0x7f, 0x3, 0xf2, 0x0,
    0x0, 0x0, 0x4f, 0x0, 0x0, 0x0, 0x3, 0xf2,
    0x0, 0x0, 0x0, 0xe, 0x80, 0x0, 0x7f, 0x0,
    0x6f, 0x95, 0x8f, 0x80, 0x0, 0x5c, 0xfd, 0x70,
    0x0,

    /* U+0044 "D" */
    0xf, 0xff, 0xea, 0x20, 0xf, 0x73, 0x5c, 0xf1,
    0xf, 0x40, 0x0, 0xc9, 0xf, 0x40, 0x0, 0x7d,
    0xf, 0x40, 0x0, 0x5f, 0xf, 0x40, 0x0, 0x7d,
    0xf, 0x40, 0x0, 0xd9, 0xf, 0x73, 0x5c, 0xf1,
    0xf, 0xff, 0xea, 0x20,

    /* U+0045 "E" */
    0xf, 0xff, 0xff, 0x70, 0xf7, 0x33, 0x31, 0xf,
    0x40, 0x0, 0x0, 0xf4, 0x0, 0x0, 0xf, 0xff,
    0xff, 0x20, 0xf6, 0x22, 0x20, 0xf, 0x40, 0x0,
    0x0, 0xf7, 0x33, 0x31, 0xf, 0xff, 0xff, 0x70,

    /* U+0046 "F" */
    0xf, 0xff, 0xff, 0x60, 0xf7, 0x33, 0x31, 0xf,
    0x40, 0x0, 0x0, 0xf4, 0x0, 0x0, 0xf, 0xff,
    0xff, 0x0, 0xf6, 0x22, 0x20, 0xf, 0x40, 0x0,
    0x0, 0xf4, 0x0, 0x0, 0xf, 0x40, 0x0, 0x0,

    /* U+0047 "G" */
    0x0, 0x5c, 0xfd, 0x70, 0x0, 0x6f, 0x95, 0x8f,
    0x90, 0xe, 0x80, 0x0, 0x5b, 0x3, 0xf2, 0x0,
    0x0, 0x0, 0x4f, 0x0, 0x2f, 0xff, 0x43, 0xf2,
    0x0, 0x24, 0xf3, 0xe, 0x80, 0x0, 0x6f, 0x0,
    0x6f, 0x95, 0x7f, 0x80, 0x0, 0x5c, 0xfd, 0x70,
    0x0,

    /* U+0048 "H" */
    0xf, 0x40, 0x0, 0x5f, 0xf, 0x40, 0x0, 0x5f,
    0xf, 0x40, 0x0, 0x5f, 0xf, 0x40, 0x0, 0x6f,
    0xf, 0xff, 0xff, 0xff, 0xf, 0x73, 0x33, 0x8f,
    0xf, 0x40, 0x0, 0x5f, 0xf, 0x40, 0x0, 0x5f,
    0xf, 0x40, 0x0, 0x5f,

    /* U+0049 "I" */
    0xf, 0x40, 0xf4, 0xf, 0x40, 0xf4, 0xf, 0x40,
    0xf4, 0xf, 0x40, 0xf4, 0xf, 0x40,

    /* U+004A "J" */
    0x0, 0x0, 0x6e, 0x0, 0x0, 0x6e, 0x0, 0x0,
    0x6e, 0x0, 0x0, 0x6e, 0x0, 0x0, 0x6e, 0x13,
    0x0, 0x6e, 0x7e, 0x0, 0x7e, 0x3f, 0x85, 0xda,
    0x6, 0xef, 0xb1,

    /* U+004B "K" */
    0xf, 0x40, 0x4, 0xf7, 0xf, 0x40, 0x2f, 0x90,
    0xf, 0x41, 0xea, 0x0, 0xf, 0x5c, 0xc0, 0x0,
    0xf, 0xdf, 0xd0, 0x0, 0xf, 0xd2, 0xe8, 0x0,
    0xf, 0x40, 0x5f, 0x30, 0xf, 0x40, 0xa, 0xd0,
    0xf, 0x40, 0x1, 0xe9,

    /* U+004C "L" */
    0xf, 0x40, 0x0, 0x0, 0xf4, 0x0, 0x0, 0xf,
    0x40, 0x0, 0x0, 0xf4, 0x0, 0x0, 0xf, 0x40,
    0x0, 0x0, 0xf4, 0x0, 0x0, 0xf, 0x40, 0x0,
    0x0, 0xf7, 0x33, 0x30, 0xf, 0xff, 0xff, 0x40,

    /* U+004D "M" */
    0xf, 0xf2, 0x0, 0x2, 0xff, 0xf, 0xf7, 0x0,
    0x8, 0xff, 0xf, 0xad, 0x0, 0xe, 0xaf, 0xf,
    0x6f, 0x30, 0x4f, 0x6f, 0xf, 0x4c, 0x90, 0x9b,
    0x5f, 0xf, 0x46, 0xe0, 0xf5, 0x5f, 0xf, 0x41,
    0xf7, 0xe0, 0x5f, 0xf, 0x40, 0xaf, 0x90, 0x5f,
    0xf, 0x40, 0x4f, 0x30, 0x5f,

    /* U+004E "N" */
    0xf, 0xc0, 0x0, 0x3f, 0x10, 0xff, 0x60, 0x3,
    0xf1, 0xf, 0x9f, 0x10, 0x3f, 0x10, 0xf4, 0xca,
    0x3, 0xf1, 0xf, 0x53, 0xf4, 0x3f, 0x10, 0xf5,
    0x9, 0xd4, 0xf1, 0xf, 0x50, 0x1e, 0xaf, 0x10,
    0xf5, 0x0, 0x5f, 0xf1, 0xf, 0x50, 0x0, 0xbf,
    0x10,

    /* U+004F "O" */
    0x0, 0x4c, 0xfd, 0x70, 0x0, 0x6f, 0x95, 0x8f,
    0x90, 0xe, 0x80, 0x0, 0x5f, 0x22, 0xf2, 0x0,
    0x0, 0xe5, 0x4f, 0x0, 0x0, 0xd, 0x72, 0xf2,
    0x0, 0x0, 0xe5, 0xe, 0x80, 0x0, 0x5f, 0x20,
    0x6f, 0x95, 0x7f, 0x90, 0x0, 0x5c, 0xfd, 0x70,
    0x0,

    /* U+0050 "P" */
    0xf, 0xff, 0xea, 0x10, 0xf, 0x73, 0x5d, 0xb0,
    0xf, 0x40, 0x6, 0xf0, 0xf, 0x40, 0x5, 0xf0,
    0xf, 0x40, 0x1c, 0xc0, 0xf, 0xff, 0xfd, 0x20,
    0xf, 0x62, 0x10, 0x0, 0xf, 0x40, 0x0, 0x0,
    0xf, 0x40, 0x0, 0x0,

    /* U+0051 "Q" */
    0x0, 0x4c, 0xfd, 0x70, 0x0, 0x6f, 0x95, 0x8f,
    0x90, 0xe, 0x80, 0x0, 0x5f, 0x22, 0xf2, 0x0,
    0x0, 0xe5, 0x4f, 0x0, 0x0, 0xd, 0x72, 0xf2,
    0x0, 0x0, 0xf5, 0xe, 0x80, 0x7c, 0x5f, 0x20,
    0x6f, 0x95, 0xef, 0x80, 0x0, 0x5c, 0xfd, 0xe6,
    0x0, 0x0, 0x0, 0x2, 0x70,

    /* U+0052 "R" */
    0xf, 0xff, 0xfb, 0x20, 0xf, 0x73, 0x4c, 0xd0,
    0xf, 0x40, 0x5, 0xf1, 0xf, 0x40, 0x1a, 0xe0,
    0xf, 0xff, 0xfe, 0x30, 0xf, 0x62, 0xbc, 0x0,
    0xf, 0x40, 0x3f, 0x40, 0xf, 0x40, 0xc, 0xb0,
    0xf, 0x40, 0x4, 0xf3,

    /* U+0053 "S" */
    0x2, 0xae, 0xea, 0x10, 0xd, 0xc5, 0x5d, 0xb0,
    0x1f, 0x40, 0x3, 0x60, 0xd, 0xc4, 0x0, 0x0,
    0x1, 0x8e, 0xf9, 0x10, 0x0, 0x0, 0x3c, 0xd0,
    0x29, 0x10, 0x4, 0xf1, 0x1f, 0xb5, 0x6d, 0xd0,
    0x3, 0xcf, 0xea, 0x20,

    /* U+0054 "T" */
    0x7f, 0xff, 0xff, 0xf4, 0x13, 0x3c, 0xa3, 0x31,
    0x0, 0xb, 0x90, 0x0, 0x0, 0xb, 0x90, 0x0,
    0x0, 0xb, 0x90, 0x0, 0x0, 0xb, 0x90, 0x0,
    0x0, 0xb, 0x90, 0x0, 0x0, 0xb, 0x90, 0x0,
    0x0, 0xb, 0x90, 0x0,

    /* U+0055 "U" */
    0xf, 0x40, 0x0, 0x6e, 0xf, 0x40, 0x0, 0x6e,
    0xf, 0x40, 0x0, 0x6e, 0xf, 0x40, 0x0, 0x6e,
    0xf, 0x40, 0x0, 0x6e, 0xf, 0x40, 0x0, 0x6e,
    0xe, 0x80, 0x0, 0xac, 0x8, 0xf8, 0x59, 0xf6,
    0x0, 0x7d, 0xfd, 0x60,

    /* U+0056 "V" */
    0x8e, 0x0, 0x0, 0x6f, 0x2, 0xf3, 0x0, 0xb,
    0xa0, 0xd, 0x90, 0x1, 0xf5, 0x0, 0x7e, 0x0,
    0x6f, 0x0, 0x2, 0xf4, 0xb, 0xa0, 0x0, 0xc,
    0x90, 0xf4, 0x0, 0x0, 0x6e, 0x5e, 0x0, 0x0,
    0x1, 0xfc, 0x90, 0x0, 0x0, 0xb, 0xf4, 0x0,
    0x0,

    /* U+0057 "W" */
    0x9d, 0x0, 0xd, 0xd0, 0x0, 0xc9, 0x4f, 0x10,
    0x1f, 0xf1, 0x0, 0xf5, 0xf, 0x40, 0x5d, 0xc5,
    0x4, 0xf1, 0xc, 0x80, 0x99, 0x99, 0x8, 0xc0,
    0x8, 0xc0, 0xd5, 0x5d, 0xc, 0x80, 0x4, 0xf2,
    0xf1, 0x1f, 0x2f, 0x40, 0x0, 0xf8, 0xd0, 0xd,
    0x8f, 0x0, 0x0, 0xbe, 0x90, 0x9, 0xec, 0x0,
    0x0, 0x7f, 0x50, 0x5, 0xf7, 0x0,

    /* U+0058 "X" */
    0x2f, 0x60, 0x1, 0xe8, 0x0, 0x7f, 0x10, 0x9d,
    0x0, 0x0, 0xca, 0x3f, 0x30, 0x0, 0x2, 0xfd,
    0x80, 0x0, 0x0, 0xb, 0xf2, 0x0, 0x0, 0x4,
    0xfc, 0xc0, 0x0, 0x1, 0xe8, 0x2f, 0x60, 0x0,
    0xad, 0x0, 0x7f, 0x20, 0x5f, 0x30, 0x0, 0xcc,
    0x0,

    /* U+0059 "Y" */
    0x6f, 0x20, 0x0, 0xcc, 0x0, 0xcb, 0x0, 0x5f,
    0x30, 0x3, 0xf4, 0xe, 0x90, 0x0, 0xa, 0xc6,
    0xe1, 0x0, 0x0, 0x1f, 0xf6, 0x0, 0x0, 0x0,
    0x8e, 0x0, 0x0, 0x0, 0x7, 0xd0, 0x0, 0x0,
    0x0, 0x7d, 0x0, 0x0, 0x0, 0x7, 0xd0, 0x0,
    0x0,

    /* U+005A "Z" */
    0x4f, 0xff, 0xff, 0xf0, 0x33, 0x33, 0xe9, 0x0,
    0x0, 0x8d, 0x0, 0x0, 0x3f, 0x30, 0x0, 0xd,
    0x90, 0x0, 0x8, 0xd0, 0x0, 0x3, 0xf3, 0x0,
    0x0, 0xda, 0x22, 0x22, 0x4f, 0xff, 0xff, 0xf0,

    /* U+005B "[" */
    0xbf, 0xbc, 0x81, 0xc7, 0xc, 0x70, 0xc7, 0xc,
    0x70, 0xc7, 0xc, 0x70, 0xc7, 0xc, 0x70, 0xcf,
    0xb1, 0x21,

    /* U+005C "\\" */
    0xa8, 0x0, 0x6, 0xc0, 0x0, 0x2f, 0x0, 0x0,
    0xd4, 0x0, 0x9, 0x80, 0x0, 0x5c, 0x0, 0x1,
    0xf1, 0x0, 0xd, 0x40, 0x0, 0x98, 0x0, 0x5,
    0xd0, 0x0, 0x1f, 0x10,

    /* U+005D "]" */
    0x4f, 0xf2, 0x2, 0xf2, 0x0, 0xf2, 0x0, 0xf2,
    0x0, 0xf2, 0x0, 0xf2, 0x0, 0xf2, 0x0, 0xf2,
    0x0, 0xf2, 0x0, 0xf2, 0x4f, 0xf2, 0x2, 0x20,

    /* U+005E "^" */
    0x0, 0xfb, 0x0, 0x6, 0xae, 0x20, 0xd, 0x38,
    0x90, 0x5d, 0x1, 0xf1,

    /* U+005F "_" */
    0xff, 0xff, 0xf8, 0x22, 0x22, 0x21,

    /* U+0060 "`" */
    0xb, 0x50, 0x4, 0xd0,

    /* U+0061 "a" */
    0x6, 0xcf, 0xc2, 0x1e, 0x62, 0xbc, 0x0, 0x2,
    0x9e, 0x9, 0xed, 0xcf, 0x6e, 0x10, 0x6f, 0x6f,
    0x34, 0xdf, 0xa, 0xfc, 0x7f,

    /* U+0062 "b" */
    0x1f, 0x20, 0x0, 0x1, 0xf2, 0x0, 0x0, 0x1f,
    0x6d, 0xe8, 0x1, 0xfc, 0x35, 0xf6, 0x1f, 0x60,
    0xb, 0xb1, 0xf3, 0x0, 0x8d, 0x1f, 0x60, 0xb,
    0xb1, 0xfc, 0x36, 0xf6, 0x1f, 0x5c, 0xe8, 0x0,

    /* U+0063 "c" */
    0x2, 0xbf, 0xd5, 0x0, 0xda, 0x38, 0xf2, 0x4f,
    0x20, 0x3, 0x6, 0xf0, 0x0, 0x0, 0x4f, 0x20,
    0x4, 0x0, 0xda, 0x38, 0xf2, 0x2, 0xbf, 0xd5,
    0x0,

    /* U+0064 "d" */
    0x0, 0x0, 0xb, 0x80, 0x0, 0x0, 0xb8, 0x3,
    0xcf, 0x9b, 0x80, 0xea, 0x38, 0xf8, 0x4f, 0x20,
    0xf, 0x86, 0xf0, 0x0, 0xc8, 0x4f, 0x20, 0xf,
    0x80, 0xea, 0x38, 0xf8, 0x3, 0xde, 0x8b, 0x80,

    /* U+0065 "e" */
    0x2, 0xbf, 0xc3, 0x0, 0xea, 0x28, 0xe1, 0x4f,
    0x10, 0xf, 0x56, 0xfe, 0xee, 0xf7, 0x4f, 0x21,
    0x11, 0x0, 0xea, 0x35, 0xd2, 0x2, 0xbf, 0xc6,
    0x0,

    /* U+0066 "f" */
    0x3, 0xcf, 0x30, 0x9c, 0x30, 0xdf, 0xff, 0x11,
    0xab, 0x10, 0xa, 0xa0, 0x0, 0xaa, 0x0, 0xa,
    0xa0, 0x0, 0xaa, 0x0, 0xa, 0xa0, 0x0,

    /* U+0067 "g" */
    0x3, 0xcf, 0x9b, 0x80, 0xe9, 0x27, 0xf8, 0x4f,
    0x10, 0xf, 0x86, 0xe0, 0x0, 0xc8, 0x4f, 0x20,
    0xd, 0x80, 0xea, 0x27, 0xf8, 0x3, 0xde, 0x8b,
    0x80, 0x0, 0x0, 0xd8, 0xd, 0x82, 0x7f, 0x40,
    0x4b, 0xfd, 0x60,

    /* U+0068 "h" */
    0x1f, 0x20, 0x0, 0x1, 0xf2, 0x0, 0x0, 0x1f,
    0x5d, 0xe7, 0x1, 0xfb, 0x49, 0xf2, 0x1f, 0x40,
    0xf, 0x51, 0xf2, 0x0, 0xe5, 0x1f, 0x20, 0xe,
    0x51, 0xf2, 0x0, 0xe5, 0x1f, 0x20, 0xe, 0x50,

    /* U+0069 "i" */
    0x2e, 0x20, 0x81, 0x1f, 0x21, 0xf2, 0x1f, 0x21,
    0xf2, 0x1f, 0x21, 0xf2, 0x1f, 0x20,

    /* U+006A "j" */
    0x2, 0xe2, 0x0, 0x81, 0x2, 0xf2, 0x2, 0xf2,
    0x2, 0xf2, 0x2, 0xf2, 0x2, 0xf2, 0x2, 0xf2,
    0x2, 0xf2, 0x2, 0xf2, 0x7, 0xf0, 0x3e, 0x70,

    /* U+006B "k" */
    0x1f, 0x20, 0x0, 0x1, 0xf2, 0x0, 0x0, 0x1f,
    0x20, 0x9e, 0x11, 0xf2, 0x7e, 0x20, 0x1f, 0x7f,
    0x40, 0x1, 0xff, 0xf2, 0x0, 0x1f, 0x4c, 0xc0,
    0x1, 0xf2, 0x2f, 0x80, 0x1f, 0x20, 0x5f, 0x30,

    /* U+006C "l" */
    0x1f, 0x21, 0xf2, 0x1f, 0x21, 0xf2, 0x1f, 0x21,
    0xf2, 0x1f, 0x21, 0xf2, 0x1f, 0x20,

    /* U+006D "m" */
    0x1f, 0x5d, 0xc2, 0x8e, 0xc2, 0x1f, 0xa4, 0xcd,
    0x94, 0xea, 0x1f, 0x30, 0x5f, 0x0, 0x8c, 0x1f,
    0x20, 0x4f, 0x0, 0x7c, 0x1f, 0x20, 0x4f, 0x0,
    0x7c, 0x1f, 0x20, 0x4f, 0x0, 0x7c, 0x1f, 0x20,
    0x4f, 0x0, 0x7c,

    /* U+006E "n" */
    0x1f, 0x5d, 0xe7, 0x1, 0xfb, 0x49, 0xf2, 0x1f,
    0x40, 0xf, 0x51, 0xf2, 0x0, 0xe5, 0x1f, 0x20,
    0xe, 0x51, 0xf2, 0x0, 0xe5, 0x1f, 0x20, 0xe,
    0x50,

    /* U+006F "o" */
    0x2, 0xbf, 0xd4, 0x0, 0xda, 0x37, 0xf2, 0x4f,
    0x20, 0xe, 0x86, 0xf0, 0x0, 0xba, 0x4f, 0x20,
    0xe, 0x80, 0xda, 0x37, 0xf2, 0x2, 0xbf, 0xd4,
    0x0,

    /* U+0070 "p" */
    0x1f, 0x5d, 0xe8, 0x1, 0xfc, 0x35, 0xf6, 0x1f,
    0x60, 0xb, 0xb1, 0xf3, 0x0, 0x8d, 0x1f, 0x60,
    0xb, 0xb1, 0xfc, 0x36, 0xf6, 0x1f, 0x6c, 0xe8,
    0x1, 0xf2, 0x0, 0x0, 0x1f, 0x20, 0x0, 0x1,
    0xf2, 0x0, 0x0,

    /* U+0071 "q" */
    0x3, 0xcf, 0x9b, 0x80, 0xe9, 0x27, 0xf8, 0x4f,
    0x10, 0xf, 0x86, 0xf0, 0x0, 0xc8, 0x4f, 0x20,
    0xf, 0x80, 0xea, 0x38, 0xf8, 0x3, 0xde, 0x8b,
    0x80, 0x0, 0x0, 0xb8, 0x0, 0x0, 0xb, 0x80,
    0x0, 0x0, 0xb8,

    /* U+0072 "r" */
    0x1f, 0x6e, 0x61, 0xfc, 0x51, 0x1f, 0x40, 0x1,
    0xf2, 0x0, 0x1f, 0x20, 0x1, 0xf2, 0x0, 0x1f,
    0x20, 0x0,

    /* U+0073 "s" */
    0x6, 0xde, 0xa1, 0x1f, 0x62, 0xa7, 0x1f, 0x71,
    0x0, 0x5, 0xdf, 0xb3, 0x0, 0x1, 0xbc, 0x3f,
    0x52, 0xbc, 0x7, 0xcf, 0xb2,

    /* U+0074 "t" */
    0x7, 0x20, 0xe, 0x50, 0xdf, 0xfa, 0x1e, 0x61,
    0xe, 0x50, 0xe, 0x50, 0xe, 0x50, 0xc, 0x91,
    0x4, 0xdb,

    /* U+0075 "u" */
    0x1f, 0x20, 0xe, 0x51, 0xf2, 0x0, 0xe5, 0x1f,
    0x20, 0xe, 0x51, 0xf2, 0x0, 0xe5, 0x1f, 0x40,
    0x1f, 0x50, 0xeb, 0x4a, 0xf5, 0x4, 0xee, 0x5e,
    0x50,

    /* U+0076 "v" */
    0x8d, 0x0, 0xe, 0x73, 0xf2, 0x4, 0xf1, 0xd,
    0x70, 0x9b, 0x0, 0x7c, 0xe, 0x60, 0x2, 0xf4,
    0xf1, 0x0, 0xc, 0xda, 0x0, 0x0, 0x6f, 0x50,
    0x0,

    /* U+0077 "w" */
    0x8c, 0x0, 0xcb, 0x0, 0xe7, 0x4f, 0x10, 0xff,
    0x1, 0xf2, 0xf, 0x54, 0xcd, 0x35, 0xe0, 0xb,
    0x88, 0x89, 0x79, 0x90, 0x6, 0xcb, 0x45, 0xbd,
    0x50, 0x2, 0xfe, 0x1, 0xef, 0x10, 0x0, 0xdb,
    0x0, 0xcc, 0x0,

    /* U+0078 "x" */
    0x3f, 0x30, 0x7e, 0x0, 0x9c, 0x1f, 0x50, 0x1,
    0xec, 0xb0, 0x0, 0x9, 0xf4, 0x0, 0x2, 0xfa,
    0xc0, 0x0, 0xba, 0xe, 0x60, 0x5f, 0x10, 0x6f,
    0x10,

    /* U+0079 "y" */
    0x9d, 0x0, 0xe, 0x73, 0xf2, 0x3, 0xf1, 0xd,
    0x70, 0x8c, 0x0, 0x8c, 0xd, 0x60, 0x2, 0xf3,
    0xf1, 0x0, 0xd, 0xbb, 0x0, 0x0, 0x7f, 0x60,
    0x0, 0x5, 0xf1, 0x0, 0x4, 0xc9, 0x0, 0x1,
    0xfb, 0x10, 0x0,

    /* U+007A "z" */
    0x2f, 0xff, 0xfd, 0x2, 0x23, 0xf7, 0x0, 0xa,
    0xc0, 0x0, 0x6f, 0x20, 0x2, 0xf5, 0x0, 0xd,
    0xc3, 0x22, 0x4f, 0xff, 0xff,

    /* U+007B "{" */
    0x0, 0x3d, 0x90, 0xb, 0xb1, 0x0, 0xd5, 0x0,
    0xe, 0x40, 0x4, 0xf3, 0x2, 0xf8, 0x0, 0x7,
    0xf2, 0x0, 0xe, 0x40, 0x0, 0xd5, 0x0, 0xc,
    0x90, 0x0, 0x4f, 0x90, 0x0, 0x0,

    /* U+007C "|" */
    0x8a, 0x8a, 0x8a, 0x8a, 0x8a, 0x8a, 0x8a, 0x8a,
    0x8a, 0x8a, 0x8a, 0x8a, 0x8a, 0x8a, 0x8a,

    /* U+007D "}" */
    0x4e, 0x60, 0x0, 0x7f, 0x0, 0x0, 0xf2, 0x0,
    0xf, 0x20, 0x0, 0xe8, 0x0, 0x4, 0xf7, 0x0,
    0xda, 0x20, 0xf, 0x30, 0x0, 0xf2, 0x0, 0x5f,
    0x0, 0x4f, 0x80, 0x0, 0x0, 0x0,

    /* U+007E "~" */
    0x0, 0x0, 0x0, 0x10, 0x7, 0xfc, 0x44, 0xf0,
    0xf, 0x45, 0xef, 0x90, 0x1, 0x0, 0x2, 0x0,

    /* U+00A0 " " */

    /* U+00A1 "¡" */
    0xc, 0x70, 0x95, 0x0, 0x0, 0xc7, 0xd, 0x70,
    0xd7, 0xd, 0x80, 0xd8, 0xe, 0x80, 0x32,

    /* U+00A2 "¢" */
    0x0, 0xb, 0x0, 0x0, 0x2b, 0xfb, 0x40, 0xe,
    0xbc, 0x7e, 0x14, 0xf1, 0xb0, 0x30, 0x6e, 0xb,
    0x0, 0x4, 0xf1, 0xb0, 0x30, 0xe, 0xbc, 0x7f,
    0x10, 0x2b, 0xfc, 0x40, 0x0, 0xb, 0x0, 0x0,

    /* U+00A3 "£" */
    0x0, 0x6d, 0xe9, 0x0, 0x4f, 0x75, 0xe8, 0x8,
    0xc0, 0x4, 0x40, 0x8b, 0x0, 0x0, 0x5f, 0xfe,
    0xe5, 0x0, 0x8c, 0x11, 0x0, 0x7, 0xc0, 0x0,
    0x1, 0xb9, 0x33, 0x8b, 0x6f, 0xff, 0xfe, 0x50,

    /* U+00A4 "¤" */
    0x0, 0x0, 0x0, 0x0, 0x1, 0xc5, 0xbe, 0xb5,
    0xc0, 0xa, 0xe5, 0x27, 0xf7, 0x0, 0xc4, 0x0,
    0x8, 0xa0, 0xf, 0x0, 0x0, 0x2d, 0x0, 0xf0,
    0x0, 0x2, 0xd0, 0xd, 0x40, 0x0, 0x7a, 0x0,
    0xbe, 0x41, 0x6f, 0x80, 0x1b, 0x6d, 0xfc, 0x5b,
    0x0,

    /* U+00A5 "¥" */
    0x9d, 0x0, 0x2f, 0x41, 0xf5, 0xa, 0xb0, 0x8,
    0xc1, 0xf3, 0x0, 0x1f, 0xcb, 0x0, 0x3e, 0xff,
    0xec, 0x0, 0x5, 0xf0, 0x0, 0x3e, 0xef, 0xec,
    0x0, 0x5, 0xf0, 0x0, 0x0, 0x5f, 0x0, 0x0,

    /* U+00A6 "¦" */
    0xd5, 0xd5, 0xd5, 0xd5, 0x21, 0x0, 0x31, 0xd5,
    0xd5, 0xd5, 0xd5,

    /* U+00A7 "§" */
    0x3, 0xcf, 0xb0, 0x0, 0xba, 0x3c, 0x70, 0xb,
    0x90, 0x10, 0x0, 0x4d, 0xb2, 0x0, 0x1d, 0x3,
    0xc5, 0x3, 0xf3, 0x1, 0xf0, 0xa, 0xf9, 0x7e,
    0x0, 0x6, 0xef, 0x20, 0x0, 0x1, 0xd7, 0x0,
    0xd6, 0xb, 0x90, 0x5, 0xff, 0xd2, 0x0, 0x0,
    0x10, 0x0,

    /* U+00A8 "¨" */
    0x17, 0x5, 0x33, 0xd0, 0xb7,

    /* U+00A9 "©" */
    0x0, 0x7, 0xcf, 0xc7, 0x0, 0x0, 0xbd, 0x63,
    0x6e, 0xb0, 0x7, 0xd2, 0xae, 0xb2, 0xe6, 0xc,
    0x5a, 0xb3, 0xaa, 0x6c, 0xf, 0x2e, 0x30, 0x0,
    0x3e, 0xd, 0x4c, 0x91, 0x89, 0x5c, 0x8, 0xc2,
    0xdf, 0xe2, 0xc8, 0x0, 0xdb, 0x32, 0x3c, 0xd0,
    0x0, 0x1a, 0xff, 0xfa, 0x10, 0x0, 0x0, 0x2,
    0x0, 0x0,

    /* U+00AA "ª" */
    0xa, 0xdc, 0x41, 0x50, 0x7c, 0x2a, 0xcc, 0xc9,
    0x90, 0x8c, 0x3c, 0xda, 0xc0,

    /* U+00AB "«" */
    0x0, 0x7d, 0x2e, 0x70, 0x4f, 0x3c, 0xa0, 0x2f,
    0x59, 0xd0, 0x1, 0xe7, 0x7e, 0x10, 0x3, 0xf4,
    0xac, 0x0, 0x5, 0xc1, 0xb6,

    /* U+00AC "¬" */
    0xbf, 0xff, 0xf5, 0x12, 0x22, 0xd5, 0x0, 0x0,
    0x83,

    /* U+00AE "®" */
    0x0, 0x8d, 0xd8, 0x0, 0xb, 0xab, 0xa9, 0xa0,
    0x3b, 0x38, 0x74, 0xb3, 0x57, 0x3c, 0xd1, 0x85,
    0x3b, 0x37, 0x83, 0xb3, 0xb, 0x70, 0x8, 0xb0,
    0x0, 0x8d, 0xd8, 0x0,

    /* U+00AF "¯" */
    0xdf, 0xf6,

    /* U+00B0 "°" */
    0x6, 0xdb, 0x12, 0xe3, 0x99, 0x2e, 0x17, 0xa0,
    0x9f, 0xe2, 0x0, 0x0, 0x0,

    /* U+00B1 "±" */
    0x0, 0x99, 0x0, 0x0, 0x99, 0x0, 0xdf, 0xff,
    0xfd, 0x22, 0xaa, 0x22, 0x0, 0x66, 0x0, 0xdf,
    0xff, 0xfd, 0x22, 0x22, 0x22,

    /* U+00B2 "²" */
    0xa, 0xdb, 0x32, 0x70, 0xa8, 0x0, 0x4e, 0x30,
    0x7d, 0x20, 0x4f, 0xee, 0xb0,

    /* U+00B3 "³" */
    0x9, 0xdc, 0x31, 0x60, 0x89, 0x0, 0xbe, 0x32,
    0x60, 0x7c, 0x1a, 0xec, 0x50,

    /* U+00B4 "´" */
    0x5, 0xb0, 0xc, 0x40,

    /* U+00B5 "µ" */
    0x1f, 0x20, 0xe, 0x50, 0x1f, 0x20, 0xe, 0x50,
    0x1f, 0x20, 0xe, 0x50, 0x1f, 0x20, 0xe, 0x50,
    0x1f, 0x40, 0x1f, 0x50, 0x1f, 0xc4, 0x9f, 0x80,
    0x1f, 0x8e, 0xa6, 0xe2, 0x1f, 0x20, 0x0, 0x0,
    0x1f, 0x20, 0x0, 0x0, 0x1f, 0x20, 0x0, 0x0,

    /* U+00B6 "¶" */
    0x4, 0xcf, 0xff, 0x31, 0xff, 0xf2, 0xf3, 0x5f,
    0xff, 0xf, 0x34, 0xff, 0xf0, 0xf3, 0xd, 0xff,
    0xf, 0x30, 0x18, 0xa0, 0xf3, 0x0, 0x0, 0xf,
    0x30, 0x0, 0x0, 0xf3, 0x0, 0x0, 0xf, 0x30,

    /* U+00B7 "·" */
    0xa, 0x50, 0xc7,

    /* U+00B8 "¸" */
    0x0, 0x9, 0x20, 0x3d, 0x1a, 0x90,

    /* U+00B9 "¹" */
    0x2c, 0xf0, 0x45, 0xf0, 0x1, 0xf0, 0x1, 0xf0,
    0x1, 0xf0,

    /* U+00BA "º" */
    0x8, 0xee, 0x60, 0x5e, 0x13, 0xf2, 0x8a, 0x0,
    0xd5, 0x5e, 0x13, 0xf2, 0x8, 0xee, 0x60,

    /* U+00BB "»" */
    0x3f, 0x4a, 0xc0, 0x0, 0x5f, 0x3d, 0x90, 0x0,
    0x9d, 0x2f, 0x60, 0xb, 0xc3, 0xf4, 0x7, 0xe2,
    0xe7, 0x2, 0xd3, 0x99, 0x0,

    /* U+00BC "¼" */
    0x0, 0x0, 0x0, 0x0, 0x0, 0x4e, 0xa0, 0x0,
    0x3c, 0x0, 0x46, 0xa0, 0x0, 0xd2, 0x0, 0x5,
    0xa0, 0x9, 0x70, 0x0, 0x5, 0xa0, 0x4c, 0x0,
    0x0, 0x5, 0xa1, 0xd2, 0xb, 0xa0, 0x0, 0xa,
    0x60, 0x6c, 0xb0, 0x0, 0x5b, 0x1, 0xd3, 0xb0,
    0x1, 0xd1, 0x6, 0xee, 0xf4, 0x6, 0x40, 0x0,
    0x2, 0x80,

    /* U+00BD "½" */
    0x0, 0x0, 0x0, 0x0, 0x0, 0x4e, 0xa0, 0x0,
    0x3d, 0x0, 0x47, 0xa0, 0x0, 0xd3, 0x0, 0x5,
    0xa0, 0x8, 0x80, 0x0, 0x5, 0xa0, 0x3d, 0x0,
    0x0, 0x5, 0x90, 0xd3, 0x2b, 0xc3, 0x0, 0x8,
    0x80, 0x44, 0x69, 0x0, 0x3c, 0x0, 0x1, 0xc3,
    0x0, 0xd3, 0x0, 0xc, 0x50, 0x7, 0x70, 0x0,
    0x7e, 0xeb,

    /* U+00BE "¾" */
    0xa, 0xc6, 0x0, 0x2, 0xc0, 0x1, 0x42, 0xd0,
    0x0, 0xc4, 0x0, 0x3, 0xe7, 0x0, 0x6a, 0x0,
    0x0, 0x1, 0xf0, 0x1d, 0x10, 0x0, 0x13, 0x1f,
    0x1a, 0x60, 0x0, 0x1, 0xbe, 0x74, 0xc0, 0xd,
    0xa0, 0x0, 0x0, 0xd2, 0x8, 0xca, 0x0, 0x0,
    0x88, 0x2, 0xc4, 0xa0, 0x0, 0x2d, 0x0, 0x7e,
    0xef, 0x30, 0x7, 0x40, 0x0, 0x3, 0x70,

    /* U+00BF "¿" */
    0x0, 0x3e, 0x20, 0x0, 0x2b, 0x10, 0x0, 0x0,
    0x0, 0x0, 0x3f, 0x0, 0x0, 0xae, 0x0, 0xa,
    0xf3, 0x0, 0x3f, 0x40, 0x0, 0x5f, 0x0, 0x58,
    0x2f, 0x84, 0xe9, 0x5, 0xdf, 0xa0,

    /* U+00C0 "À" */
    0x0, 0x1f, 0x20, 0x0, 0x0, 0x0, 0x67, 0x0,
    0x0, 0x0, 0x0, 0x0, 0x0, 0x0, 0x0, 0xcf,
    0x30, 0x0, 0x0, 0x1f, 0xb9, 0x0, 0x0, 0x7,
    0xc5, 0xe0, 0x0, 0x0, 0xc6, 0xf, 0x40, 0x0,
    0x2f, 0x10, 0xa9, 0x0, 0x7, 0xff, 0xff, 0xf0,
    0x0, 0xd8, 0x22, 0x2f, 0x50, 0x2f, 0x20, 0x0,
    0xaa, 0x8, 0xe0, 0x0, 0x6, 0xf0,

    /* U+00C1 "Á" */
    0x0, 0x0, 0xa8, 0x0, 0x0, 0x0, 0x1c, 0x0,
    0x0, 0x0, 0x0, 0x0, 0x0, 0x0, 0x0, 0xcf,
    0x30, 0x0, 0x0, 0x1f, 0xb9, 0x0, 0x0, 0x7,
    0xc5, 0xe0, 0x0, 0x0, 0xc6, 0xf, 0x40, 0x0,
    0x2f, 0x10, 0xa9, 0x0, 0x7, 0xff, 0xff, 0xf0,
    0x0, 0xd8, 0x22, 0x2f, 0x50, 0x2f, 0x20, 0x0,
    0xaa, 0x8, 0xe0, 0x0, 0x6, 0xf0,

    /* U+00C2 "Â" */
    0x0, 0xa, 0xf3, 0x0, 0x0, 0x6, 0xb4, 0xd1,
    0x0, 0x0, 0x0, 0x0, 0x0, 0x0, 0x0, 0xcf,
    0x30, 0x0, 0x0, 0x1f, 0xb9, 0x0, 0x0, 0x7,
    0xc5, 0xe0, 0x0, 0x0, 0xc6, 0xf, 0x40, 0x0,
    0x2f, 0x10, 0xa9, 0x0, 0x7, 0xff, 0xff, 0xf0,
    0x0, 0xd8, 0x22, 0x2f, 0x50, 0x2f, 0x20, 0x0,
    0xaa, 0x8, 0xe0, 0x0, 0x6, 0xf0,

    /* U+00C3 "Ã" */
    0x0, 0x2c, 0x4b, 0x0, 0x0, 0x6, 0x59, 0x80,
    0x0, 0x0, 0x0, 0x0, 0x0, 0x0, 0x0, 0xcf,
    0x30, 0x0, 0x0, 0x1f, 0xb9, 0x0, 0x0, 0x7,
    0xc5, 0xe0, 0x0, 0x0, 0xc6, 0xf, 0x40, 0x0,
    0x2f, 0x10, 0xa9, 0x0, 0x7, 0xff, 0xff, 0xf0,
    0x0, 0xd8, 0x22, 0x2f, 0x50, 0x2f, 0x20, 0x0,
    0xaa, 0x8, 0xe0, 0x0, 0x6, 0xf0,

    /* U+00C4 "Ä" */
    0x0, 0x99, 0x1e, 0x20, 0x0, 0x4, 0x40, 0x70,
    0x0, 0x0, 0x0, 0x0, 0x0, 0x0, 0x0, 0xcf,
    0x30, 0x0, 0x0, 0x1f, 0xb9, 0x0, 0x0, 0x7,
    0xc5, 0xe0, 0x0, 0x0, 0xc6, 0xf, 0x40, 0x0,
    0x2f, 0x10, 0xa9, 0x0, 0x7, 0xff, 0xff, 0xf0,
    0x0, 0xd8, 0x22, 0x2f, 0x50, 0x2f, 0x20, 0x0,
    0xaa, 0x8, 0xe0, 0x0, 0x6, 0xf0,

    /* U+00C5 "Å" */
    0x0, 0x9, 0xc3, 0x0, 0x0, 0x2, 0xb3, 0xa0,
    0x0, 0x0, 0x2b, 0x3a, 0x0, 0x0, 0x0, 0x9c,
    0x30, 0x0, 0x0, 0xc, 0xf3, 0x0, 0x0, 0x1,
    0xfb, 0x90, 0x0, 0x0, 0x7c, 0x5e, 0x0, 0x0,
    0xc, 0x60, 0xf4, 0x0, 0x2, 0xf1, 0xa, 0x90,
    0x0, 0x7f, 0xff, 0xff, 0x0, 0xd, 0x82, 0x22,
    0xf5, 0x2, 0xf2, 0x0, 0xa, 0xa0, 0x8e, 0x0,
    0x0, 0x6f, 0x0,

    /* U+00C6 "Æ" */
    0x0, 0x0, 0xdf, 0xff, 0xff, 0xf3, 0x0, 0x5,
    0xf3, 0xf4, 0x33, 0x30, 0x0, 0xc, 0x82, 0xf1,
    0x0, 0x0, 0x0, 0x3f, 0x12, 0xf1, 0x0, 0x0,
    0x0, 0xa8, 0x2, 0xff, 0xff, 0xf0, 0x2, 0xff,
    0xff, 0xf2, 0x0, 0x0, 0x9, 0xb2, 0x24, 0xf1,
    0x0, 0x0, 0x1f, 0x50, 0x2, 0xf4, 0x33, 0x30,
    0x7e, 0x0, 0x2, 0xff, 0xff, 0xf4,

    /* U+00C7 "Ç" */
    0x0, 0x4c, 0xfd, 0x70, 0x0, 0x5f, 0x95, 0x8f,
    0x80, 0xe, 0x80, 0x0, 0x7f, 0x2, 0xf2, 0x0,
    0x0, 0x0, 0x4f, 0x0, 0x0, 0x0, 0x3, 0xf1,
    0x0, 0x0, 0x0, 0xf, 0x70, 0x0, 0x6e, 0x10,
    0x7f, 0x84, 0x7f, 0x90, 0x0, 0x6d, 0xfe, 0x80,
    0x0, 0x0, 0xb, 0x10, 0x0, 0x0, 0x0, 0x5d,
    0x0, 0x0, 0x0, 0x1a, 0x90, 0x0,

    /* U+00C8 "È" */
    0x0, 0x9a, 0x0, 0x0, 0x0, 0xc1, 0x0, 0x0,
    0x0, 0x0, 0x0, 0xff, 0xff, 0xf7, 0xf, 0x73,
    0x33, 0x10, 0xf4, 0x0, 0x0, 0xf, 0x40, 0x0,
    0x0, 0xff, 0xff, 0xf2, 0xf, 0x62, 0x22, 0x0,
    0xf4, 0x0, 0x0, 0xf, 0x73, 0x33, 0x10, 0xff,
    0xff, 0xf7,

    /* U+00C9 "É" */
    0x0, 0x3, 0xf1, 0x0, 0x0, 0x86, 0x0, 0x0,
    0x0, 0x0, 0x0, 0xff, 0xff, 0xf7, 0xf, 0x73,
    0x33, 0x10, 0xf4, 0x0, 0x0, 0xf, 0x40, 0x0,
    0x0, 0xff, 0xff, 0xf2, 0xf, 0x62, 0x22, 0x0,
    0xf4, 0x0, 0x0, 0xf, 0x73, 0x33, 0x10, 0xff,
    0xff, 0xf7,

    /* U+00CA "Ê" */
    0x0, 0x3f, 0xa0, 0x0, 0x1d, 0x4c, 0x60, 0x0,
    0x0, 0x0, 0x0, 0xff, 0xff, 0xf7, 0xf, 0x73,
    0x33, 0x10, 0xf4, 0x0, 0x0, 0xf, 0x40, 0x0,
    0x0, 0xff, 0xff, 0xf2, 0xf, 0x62, 0x22, 0x0,
    0xf4, 0x0, 0x0, 0xf, 0x73, 0x33, 0x10, 0xff,
    0xff, 0xf7,

    /* U+00CB "Ë" */
    0x2, 0xe1, 0x99, 0x0, 0x7, 0x4, 0x40, 0x0,
    0x0, 0x0, 0x0, 0xff, 0xff, 0xf7, 0xf, 0x73,
    0x33, 0x10, 0xf4, 0x0, 0x0, 0xf, 0x40, 0x0,
    0x0, 0xff, 0xff, 0xf2, 0xf, 0x62, 0x22, 0x0,
    0xf4, 0x0, 0x0, 0xf, 0x73, 0x33, 0x10, 0xff,
    0xff, 0xf7,

    /* U+00CC "Ì" */
    0xa8, 0x1, 0xc0, 0x0, 0x0, 0xf4, 0xf, 0x40,
    0xf4, 0xf, 0x40, 0xf4, 0xf, 0x40, 0xf4, 0xf,
    0x40, 0xf4,

    /* U+00CD "Í" */
    0x4, 0xe0, 0x9, 0x50, 0x0, 0x0, 0xf, 0x40,
    0xf, 0x40, 0xf, 0x40, 0xf, 0x40, 0xf, 0x40,
    0xf, 0x40, 0xf, 0x40, 0xf, 0x40, 0xf, 0x40,

    /* U+00CE "Î" */
    0x4, 0xf9, 0x1, 0xe3, 0xd5, 0x0, 0x0, 0x0,
    0xf, 0x40, 0x0, 0xf4, 0x0, 0xf, 0x40, 0x0,
    0xf4, 0x0, 0xf, 0x40, 0x0, 0xf4, 0x0, 0xf,
    0x40, 0x0, 0xf4, 0x0, 0xf, 0x40,

    /* U+00CF "Ï" */
    0x3e, 0xa, 0x71, 0x70, 0x53, 0x0, 0x0, 0x0,
    0xf, 0x40, 0x0, 0xf4, 0x0, 0xf, 0x40, 0x0,
    0xf4, 0x0, 0xf, 0x40, 0x0, 0xf4, 0x0, 0xf,
    0x40, 0x0, 0xf4, 0x0, 0xf, 0x40,

    /* U+00D0 "Ð" */
    0xc, 0xff, 0xec, 0x40, 0x0, 0xca, 0x34, 0x9f,
    0x50, 0xc, 0x80, 0x0, 0x8d, 0x0, 0xc8, 0x0,
    0x2, 0xf1, 0xcf, 0xfe, 0xa0, 0x1f, 0x31, 0xc9,
    0x11, 0x2, 0xf1, 0xc, 0x80, 0x0, 0x9d, 0x0,
    0xca, 0x35, 0x9f, 0x50, 0xc, 0xff, 0xeb, 0x30,
    0x0,

    /* U+00D1 "Ñ" */
    0x0, 0xb, 0x77, 0x30, 0x0, 0x2, 0x96, 0xb0,
    0x0, 0x0, 0x0, 0x0, 0x0, 0x0, 0xfc, 0x0,
    0x3, 0xf1, 0xf, 0xf6, 0x0, 0x3f, 0x10, 0xf9,
    0xf1, 0x3, 0xf1, 0xf, 0x4c, 0xa0, 0x3f, 0x10,
    0xf5, 0x3f, 0x43, 0xf1, 0xf, 0x50, 0x9d, 0x4f,
    0x10, 0xf5, 0x1, 0xea, 0xf1, 0xf, 0x50, 0x5,
    0xff, 0x10, 0xf5, 0x0, 0xb, 0xf1,

    /* U+00D2 "Ò" */
    0x0, 0xb, 0x80, 0x0, 0x0, 0x0, 0x2c, 0x0,
    0x0, 0x0, 0x0, 0x0, 0x0, 0x0, 0x4, 0xcf,
    0xd7, 0x0, 0x6, 0xf9, 0x58, 0xf9, 0x0, 0xe8,
    0x0, 0x5, 0xf2, 0x2f, 0x20, 0x0, 0xe, 0x54,
    0xf0, 0x0, 0x0, 0xd7, 0x2f, 0x20, 0x0, 0xe,
    0x50, 0xe8, 0x0, 0x5, 0xf2, 0x6, 0xf9, 0x57,
    0xf9, 0x0, 0x5, 0xcf, 0xd7, 0x0,

    /* U+00D3 "Ó" */
    0x0, 0x0, 0x5d, 0x0, 0x0, 0x0, 0x9, 0x40,
    0x0, 0x0, 0x0, 0x0, 0x0, 0x0, 0x4, 0xcf,
    0xd7, 0x0, 0x6, 0xf9, 0x58, 0xf9, 0x0, 0xe8,
    0x0, 0x5, 0xf2, 0x2f, 0x20, 0x0, 0xe, 0x54,
    0xf0, 0x0, 0x0, 0xd7, 0x2f, 0x20, 0x0, 0xe,
    0x50, 0xe8, 0x0, 0x5, 0xf2, 0x6, 0xf9, 0x57,
    0xf9, 0x0, 0x5, 0xcf, 0xd7, 0x0,

    /* U+00D4 "Ô" */
    0x0, 0x7, 0xda, 0x0, 0x0, 0x1, 0x70, 0x63,
    0x0, 0x0, 0x0, 0x0, 0x0, 0x0, 0x4, 0xcf,
    0xd7, 0x0, 0x6, 0xf9, 0x58, 0xf9, 0x0, 0xe8,
    0x0, 0x5, 0xf2, 0x2f, 0x20, 0x0, 0xe, 0x54,
    0xf0, 0x0, 0x0, 0xd7, 0x2f, 0x20, 0x0, 0xe,
    0x50, 0xe8, 0x0, 0x5, 0xf2, 0x6, 0xf9, 0x57,
    0xf9, 0x0, 0x5, 0xcf, 0xd7, 0x0,

    /* U+00D5 "Õ" */
    0x0, 0xa, 0x76, 0x40, 0x0, 0x1, 0xa5, 0xb1,
    0x0, 0x0, 0x0, 0x0, 0x0, 0x0, 0x4, 0xcf,
    0xd7, 0x0, 0x6, 0xf9, 0x58, 0xf9, 0x0, 0xe8,
    0x0, 0x5, 0xf2, 0x2f, 0x20, 0x0, 0xe, 0x54,
    0xf0, 0x0, 0x0, 0xd7, 0x2f, 0x20, 0x0, 0xe,
    0x50, 0xe8, 0x0, 0x5, 0xf2, 0x6, 0xf9, 0x57,
    0xf9, 0x0, 0x5, 0xcf, 0xd7, 0x0,

    /* U+00D6 "Ö" */
    0x0, 0x3d, 0xb, 0x60, 0x0, 0x1, 0x70, 0x53,
    0x0, 0x0, 0x0, 0x0, 0x0, 0x0, 0x4, 0xcf,
    0xd7, 0x0, 0x6, 0xf9, 0x58, 0xf9, 0x0, 0xe8,
    0x0, 0x5, 0xf2, 0x2f, 0x20, 0x0, 0xe, 0x54,
    0xf0, 0x0, 0x0, 0xd7, 0x2f, 0x20, 0x0, 0xe,
    0x50, 0xe8, 0x0, 0x5, 0xf2, 0x6, 0xf9, 0x57,
    0xf9, 0x0, 0x5, 0xcf, 0xd7, 0x0,

    /* U+00D7 "×" */
    0x32, 0x0, 0x23, 0x8e, 0x22, 0xe8, 0x9, 0xed,
    0xa0, 0x1, 0xff, 0x10, 0xc, 0xbb, 0xd1, 0x9c,
    0x0, 0xba, 0x10, 0x0, 0x1,

    /* U+00D8 "Ø" */
    0x0, 0x0, 0x0, 0x0, 0x0, 0x5, 0xcf, 0xd8,
    0xc0, 0x6, 0xf9, 0x59, 0xf9, 0x0, 0xe9, 0x0,
    0x8c, 0xf2, 0x3f, 0x20, 0x3d, 0xe, 0x54, 0xf0,
    0xc, 0x30, 0xd7, 0x2f, 0x18, 0x70, 0xe, 0x50,
    0xe8, 0xb0, 0x5, 0xf2, 0x6, 0xfb, 0x57, 0xf9,
    0x0, 0xa9, 0xcf, 0xd7, 0x0, 0x0, 0x0, 0x0,
    0x0, 0x0,

    /* U+00D9 "Ù" */
    0x0, 0xd, 0x50, 0x0, 0x0, 0x4, 0xa0, 0x0,
    0x0, 0x0, 0x0, 0x0, 0xf, 0x40, 0x0, 0x6e,
    0xf, 0x40, 0x0, 0x6e, 0xf, 0x40, 0x0, 0x6e,
    0xf, 0x40, 0x0, 0x6e, 0xf, 0x40, 0x0, 0x6e,
    0xf, 0x40, 0x0, 0x6e, 0xe, 0x80, 0x0, 0xac,
    0x8, 0xf8, 0x59, 0xf6, 0x0, 0x7d, 0xfd, 0x60,

    /* U+00DA "Ú" */
    0x0, 0x0, 0x7c, 0x0, 0x0, 0x0, 0xb2, 0x0,
    0x0, 0x0, 0x0, 0x0, 0xf, 0x40, 0x0, 0x6e,
    0xf, 0x40, 0x0, 0x6e, 0xf, 0x40, 0x0, 0x6e,
    0xf, 0x40, 0x0, 0x6e, 0xf, 0x40, 0x0, 0x6e,
    0xf, 0x40, 0x0, 0x6e, 0xe, 0x80, 0x0, 0xac,
    0x8, 0xf8, 0x59, 0xf6, 0x0, 0x7d, 0xfd, 0x60,

    /* U+00DB "Û" */
    0x0, 0x9, 0xd8, 0x0, 0x0, 0x26, 0x7, 0x20,
    0x0, 0x0, 0x0, 0x0, 0xf, 0x40, 0x0, 0x6e,
    0xf, 0x40, 0x0, 0x6e, 0xf, 0x40, 0x0, 0x6e,
    0xf, 0x40, 0x0, 0x6e, 0xf, 0x40, 0x0, 0x6e,
    0xf, 0x40, 0x0, 0x6e, 0xe, 0x80, 0x0, 0xac,
    0x8, 0xf8, 0x59, 0xf6, 0x0, 0x7d, 0xfd, 0x60,

    /* U+00DC "Ü" */
    0x0, 0x6b, 0xd, 0x40, 0x0, 0x25, 0x6, 0x10,
    0x0, 0x0, 0x0, 0x0, 0xf, 0x40, 0x0, 0x6e,
    0xf, 0x40, 0x0, 0x6e, 0xf, 0x40, 0x0, 0x6e,
    0xf, 0x40, 0x0, 0x6e, 0xf, 0x40, 0x0, 0x6e,
    0xf, 0x40, 0x0, 0x6e, 0xe, 0x80, 0x0, 0xac,
    0x8, 0xf8, 0x59, 0xf6, 0x0, 0x7d, 0xfd, 0x60,

    /* U+00DD "Ý" */
    0x0, 0x0, 0xb7, 0x0, 0x0, 0x0, 0x2b, 0x0,
    0x0, 0x0, 0x0, 0x0, 0x0, 0x6, 0xf2, 0x0,
    0xc, 0xc0, 0xc, 0xb0, 0x5, 0xf3, 0x0, 0x3f,
    0x40, 0xe9, 0x0, 0x0, 0xac, 0x6e, 0x10, 0x0,
    0x1, 0xff, 0x60, 0x0, 0x0, 0x8, 0xe0, 0x0,
    0x0, 0x0, 0x7d, 0x0, 0x0, 0x0, 0x7, 0xd0,
    0x0, 0x0, 0x0, 0x7d, 0x0, 0x0,

    /* U+00DE "Þ" */
    0x1f, 0x40, 0x0, 0x1, 0xf4, 0x0, 0x0, 0x1f,
    0xff, 0xd8, 0x1, 0xf6, 0x26, 0xe8, 0x1f, 0x40,
    0x9, 0xc1, 0xf4, 0x2, 0xd9, 0x1f, 0xff, 0xfb,
    0x11, 0xf6, 0x21, 0x0, 0x1f, 0x40, 0x0, 0x0,

    /* U+00DF "ß" */
    0x2, 0xcf, 0xd6, 0x0, 0xcc, 0x59, 0xf2, 0xf,
    0x50, 0xf, 0x50, 0xf4, 0x6, 0xe1, 0xf, 0x4a,
    0xf7, 0x0, 0xf4, 0x25, 0xda, 0xf, 0x40, 0x7,
    0xe0, 0xf4, 0x24, 0xdb, 0xf, 0x4b, 0xfb, 0x20,

    /* U+00E0 "à" */
    0x1, 0xc2, 0x0, 0x0, 0x79, 0x0, 0x0, 0x0,
    0x0, 0x6, 0xcf, 0xc2, 0x1e, 0x62, 0xbc, 0x0,
    0x2, 0x9e, 0x9, 0xed, 0xcf, 0x6e, 0x10, 0x6f,
    0x6f, 0x34, 0xdf, 0xa, 0xfc, 0x7f,

    /* U+00E1 "á" */
    0x0, 0x7, 0x90, 0x0, 0xe, 0x20, 0x0, 0x0,
    0x0, 0x6, 0xcf, 0xc2, 0x1e, 0x62, 0xbc, 0x0,
    0x2, 0x9e, 0x9, 0xed, 0xcf, 0x6e, 0x10, 0x6f,
    0x6f, 0x34, 0xdf, 0xa, 0xfc, 0x7f,

    /* U+00E2 "â" */
    0x0, 0x9f, 0x40, 0x5, 0xc3, 0xe1, 0x0, 0x0,
    0x0, 0x6, 0xcf, 0xc2, 0x1e, 0x62, 0xbc, 0x0,
    0x2, 0x9e, 0x9, 0xed, 0xcf, 0x6e, 0x10, 0x6f,
    0x6f, 0x34, 0xdf, 0xa, 0xfc, 0x7f,

    /* U+00E3 "ã" */
    0x3, 0xcd, 0xb0, 0x0, 0x0, 0x0, 0x6, 0xcf,
    0xc2, 0x1e, 0x62, 0xbc, 0x0, 0x2, 0x9e, 0x9,
    0xed, 0xcf, 0x6e, 0x10, 0x6f, 0x6f, 0x34, 0xdf,
    0xa, 0xfc, 0x7f,

    /* U+00E4 "ä" */
    0x8, 0xa1, 0xe3, 0x3, 0x40, 0x71, 0x6, 0xcf,
    0xc2, 0x1e, 0x62, 0xbc, 0x0, 0x2, 0x9e, 0x9,
    0xed, 0xcf, 0x6e, 0x10, 0x6f, 0x6f, 0x34, 0xdf,
    0xa, 0xfc, 0x7f,

    /* U+00E5 "å" */
    0x0, 0x8c, 0x30, 0x1, 0xc1, 0xb0, 0x1, 0xb1,
    0xb0, 0x0, 0x8c, 0x30, 0x6, 0xcf, 0xc2, 0x1e,
    0x62, 0xbc, 0x0, 0x2, 0x9e, 0x9, 0xed, 0xcf,
    0x6e, 0x10, 0x6f, 0x6f, 0x34, 0xdf, 0xa, 0xfc,
    0x7f,

    /* U+00E6 "æ" */
    0x5, 0xcf, 0xb3, 0xbf, 0xc3, 0x1, 0xf7, 0x2b,
    0xf9, 0x28, 0xe0, 0x0, 0x0, 0x5f, 0x0, 0xf,
    0x40, 0x7b, 0xef, 0xfe, 0xee, 0xf6, 0x5f, 0x41,
    0x7f, 0x21, 0x11, 0x6, 0xf4, 0x4d, 0xe9, 0x36,
    0xe2, 0xa, 0xfd, 0x52, 0xbe, 0xc5, 0x0,

    /* U+00E7 "ç" */
    0x2, 0xbf, 0xd4, 0x0, 0xdb, 0x38, 0xf1, 0x4f,
    0x20, 0x4, 0x6, 0xf0, 0x0, 0x0, 0x5f, 0x10,
    0x0, 0x1, 0xf6, 0x2, 0xe2, 0x7, 0xfd, 0xfa,
    0x0, 0x3, 0xd3, 0x0, 0x0, 0x6, 0xc0, 0x0,
    0x0, 0xaa, 0x0,

    /* U+00E8 "è" */
    0x0, 0xa5, 0x0, 0x0, 0x3, 0xd0, 0x0, 0x0,
    0x0, 0x0, 0x0, 0x2b, 0xfc, 0x30, 0xe, 0xa2,
    0x8e, 0x14, 0xf1, 0x0, 0xf5, 0x6f, 0xee, 0xef,
    0x74, 0xf2, 0x11, 0x10, 0xe, 0xa3, 0x5d, 0x20,
    0x2b, 0xfc, 0x60,

    /* U+00E9 "é" */
    0x0, 0x4, 0xb0, 0x0, 0x0, 0xb5, 0x0, 0x0,
    0x0, 0x0, 0x0, 0x2b, 0xfc, 0x30, 0xe, 0xa2,
    0x8e, 0x14, 0xf1, 0x0, 0xf5, 0x6f, 0xee, 0xef,
    0x74, 0xf2, 0x11, 0x10, 0xe, 0xa3, 0x5d, 0x20,
    0x2b, 0xfc, 0x60,

    /* U+00EA "ê" */
    0x0, 0x5f, 0x70, 0x0, 0x2e, 0x2e, 0x40, 0x0,
    0x0, 0x0, 0x0, 0x2b, 0xfc, 0x30, 0xe, 0xa2,
    0x8e, 0x14, 0xf1, 0x0, 0xf5, 0x6f, 0xee, 0xef,
    0x74, 0xf2, 0x11, 0x10, 0xe, 0xa3, 0x5d, 0x20,
    0x2b, 0xfc, 0x60,

    /* U+00EB "ë" */
    0x4, 0xd0, 0xc6, 0x0, 0x16, 0x5, 0x20, 0x2,
    0xbf, 0xc3, 0x0, 0xea, 0x28, 0xe1, 0x4f, 0x10,
    0xf, 0x56, 0xfe, 0xee, 0xf7, 0x4f, 0x21, 0x11,
    0x0, 0xea, 0x35, 0xd2, 0x2, 0xbf, 0xc6, 0x0,

    /* U+00EC "ì" */
    0xb, 0x50, 0x4, 0xc0, 0x0, 0x0, 0x1, 0xf2,
    0x1, 0xf2, 0x1, 0xf2, 0x1, 0xf2, 0x1, 0xf2,
    0x1, 0xf2, 0x1, 0xf2,

    /* U+00ED "í" */
    0x5, 0xb0, 0xc, 0x40, 0x0, 0x0, 0x1f, 0x20,
    0x1f, 0x20, 0x1f, 0x20, 0x1f, 0x20, 0x1f, 0x20,
    0x1f, 0x20, 0x1f, 0x20,

    /* U+00EE "î" */
    0x2, 0x72, 0x2, 0xd5, 0xd2, 0x0, 0x0, 0x0,
    0x1f, 0x20, 0x1, 0xf2, 0x0, 0x1f, 0x20, 0x1,
    0xf2, 0x0, 0x1f, 0x20, 0x1, 0xf2, 0x0, 0x1f,
    0x20,

    /* U+00EF "ï" */
    0x5d, 0xc, 0x52, 0x60, 0x62, 0x1, 0xf2, 0x0,
    0x1f, 0x20, 0x1, 0xf2, 0x0, 0x1f, 0x20, 0x1,
    0xf2, 0x0, 0x1f, 0x20, 0x1, 0xf2, 0x0,

    /* U+00F0 "ð" */
    0x0, 0x10, 0x0, 0x0, 0x1d, 0x78, 0x70, 0x0,
    0x9f, 0xc0, 0x0, 0x15, 0xc, 0x40, 0x3, 0xde,
    0xae, 0x0, 0xe8, 0x17, 0xf4, 0x4f, 0x10, 0xf,
    0x66, 0xe0, 0x0, 0xc7, 0x4f, 0x10, 0xf, 0x50,
    0xe9, 0x28, 0xe0, 0x2, 0xcf, 0xc3, 0x0,

    /* U+00F1 "ñ" */
    0x0, 0xbd, 0xc2, 0x0, 0x0, 0x0, 0x0, 0x1f,
    0x5d, 0xe7, 0x1, 0xfb, 0x49, 0xf2, 0x1f, 0x40,
    0xf, 0x51, 0xf2, 0x0, 0xe5, 0x1f, 0x20, 0xe,
    0x51, 0xf2, 0x0, 0xe5, 0x1f, 0x20, 0xe, 0x50,

    /* U+00F2 "ò" */
    0x0, 0xa6, 0x0, 0x0, 0x3, 0xd0, 0x0, 0x0,
    0x0, 0x0, 0x0, 0x2b, 0xfd, 0x40, 0xd, 0xa3,
    0x7f, 0x24, 0xf2, 0x0, 0xe8, 0x6f, 0x0, 0xb,
    0xa4, 0xf2, 0x0, 0xe8, 0xd, 0xa3, 0x7f, 0x20,
    0x2b, 0xfd, 0x40,

    /* U+00F3 "ó" */
    0x0, 0x3, 0xc0, 0x0, 0x0, 0xa6, 0x0, 0x0,
    0x0, 0x0, 0x0, 0x2b, 0xfd, 0x40, 0xd, 0xa3,
    0x7f, 0x24, 0xf2, 0x0, 0xe8, 0x6f, 0x0, 0xb,
    0xa4, 0xf2, 0x0, 0xe8, 0xd, 0xa3, 0x7f, 0x20,
    0x2b, 0xfd, 0x40,

    /* U+00F4 "ô" */
    0x0, 0x4f, 0x80, 0x0, 0x1e, 0x3d, 0x50, 0x0,
    0x0, 0x0, 0x0, 0x2b, 0xfd, 0x40, 0xd, 0xa3,
    0x7f, 0x24, 0xf2, 0x0, 0xe8, 0x6f, 0x0, 0xb,
    0xa4, 0xf2, 0x0, 0xe8, 0xd, 0xa3, 0x7f, 0x20,
    0x2b, 0xfd, 0x40,

    /* U+00F5 "õ" */
    0x0, 0xbd, 0xc2, 0x0, 0x0, 0x0, 0x0, 0x2,
    0xbf, 0xd4, 0x0, 0xda, 0x37, 0xf2, 0x4f, 0x20,
    0xe, 0x86, 0xf0, 0x0, 0xba, 0x4f, 0x20, 0xe,
    0x80, 0xda, 0x37, 0xf2, 0x2, 0xbf, 0xd4, 0x0,

    /* U+00F6 "ö" */
    0x3, 0xe0, 0xb7, 0x0, 0x17, 0x5, 0x30, 0x2,
    0xbf, 0xd4, 0x0, 0xda, 0x37, 0xf2, 0x4f, 0x20,
    0xe, 0x86, 0xf0, 0x0, 0xba, 0x4f, 0x20, 0xe,
    0x80, 0xda, 0x37, 0xf2, 0x2, 0xbf, 0xd4, 0x0,

    /* U+00F7 "÷" */
    0x0, 0xaa, 0x0, 0x0, 0x77, 0x0, 0x0, 0x0,
    0x0, 0xcf, 0xff, 0xfd, 0x22, 0x22, 0x22, 0x0,
    0xaa, 0x0, 0x0, 0x77, 0x0,

    /* U+00F8 "ø" */
    0x0, 0x0, 0x0, 0x0, 0x2b, 0xfd, 0x98, 0xd,
    0xa3, 0xaf, 0x34, 0xf2, 0x2d, 0xd8, 0x6e, 0xc,
    0x3a, 0xa4, 0xfb, 0x50, 0xe8, 0xf, 0xd3, 0x7f,
    0x24, 0xbb, 0xfd, 0x40, 0x0, 0x0, 0x0, 0x0,

    /* U+00F9 "ù" */
    0x0, 0xa6, 0x0, 0x0, 0x3, 0xd0, 0x0, 0x0,
    0x0, 0x0, 0x1, 0xf2, 0x0, 0xe5, 0x1f, 0x20,
    0xe, 0x51, 0xf2, 0x0, 0xe5, 0x1f, 0x20, 0xe,
    0x51, 0xf4, 0x1, 0xf5, 0xe, 0xb4, 0xaf, 0x50,
    0x4e, 0xe5, 0xe5,

    /* U+00FA "ú" */
    0x0, 0x3, 0xc0, 0x0, 0x0, 0xa6, 0x0, 0x0,
    0x0, 0x0, 0x1, 0xf2, 0x0, 0xe5, 0x1f, 0x20,
    0xe, 0x51, 0xf2, 0x0, 0xe5, 0x1f, 0x20, 0xe,
    0x51, 0xf4, 0x1, 0xf5, 0xe, 0xb4, 0xaf, 0x50,
    0x4e, 0xe5, 0xe5,

    /* U+00FB "û" */
    0x0, 0x17, 0x30, 0x0, 0x1d, 0x5d, 0x30, 0x0,
    0x0, 0x0, 0x1, 0xf2, 0x0, 0xe5, 0x1f, 0x20,
    0xe, 0x51, 0xf2, 0x0, 0xe5, 0x1f, 0x20, 0xe,
    0x51, 0xf4, 0x1, 0xf5, 0xe, 0xb4, 0xaf, 0x50,
    0x4e, 0xe5, 0xe5,

    /* U+00FC "ü" */
    0x3, 0xd0, 0xb7, 0x0, 0x17, 0x5, 0x30, 0x1f,
    0x20, 0xe, 0x51, 0xf2, 0x0, 0xe5, 0x1f, 0x20,
    0xe, 0x51, 0xf2, 0x0, 0xe5, 0x1f, 0x40, 0x1f,
    0x50, 0xeb, 0x4a, 0xf5, 0x4, 0xee, 0x5e, 0x50,

    /* U+00FD "ý" */
    0x0, 0x7, 0xc0, 0x0, 0x0, 0xb2, 0x0, 0x9d,
    0x0, 0xe, 0x73, 0xf2, 0x3, 0xf1, 0xd, 0x70,
    0x8c, 0x0, 0x8c, 0xd, 0x60, 0x2, 0xf3, 0xf1,
    0x0, 0xd, 0xbb, 0x0, 0x0, 0x7f, 0x60, 0x0,
    0x5, 0xf1, 0x0, 0x4, 0xc9, 0x0, 0x1, 0xfb,
    0x10, 0x0,

    /* U+00FE "þ" */
    0x1f, 0x20, 0x0, 0x1, 0xf2, 0x0, 0x0, 0x1f,
    0x6d, 0xe8, 0x1, 0xfc, 0x35, 0xf6, 0x1f, 0x60,
    0xb, 0xb1, 0xf3, 0x0, 0x8d, 0x1f, 0x60, 0xb,
    0xb1, 0xfc, 0x36, 0xf6, 0x1f, 0x6c, 0xe8, 0x1,
    0xf2, 0x0, 0x0, 0x1f, 0x20, 0x0, 0x1, 0xf2,
    0x0, 0x0,

    /* U+00FF "ÿ" */
    0x6, 0xc0, 0xd4, 0x0, 0x26, 0x6, 0x10, 0x9d,
    0x0, 0xe, 0x73, 0xf2, 0x3, 0xf1, 0xd, 0x70,
    0x8c, 0x0, 0x8c, 0xd, 0x60, 0x2, 0xf3, 0xf1,
    0x0, 0xd, 0xbb, 0x0, 0x0, 0x7f, 0x60, 0x0,
    0x5, 0xf1, 0x0, 0x4, 0xc9, 0x0, 0x1, 0xfb,
    0x10, 0x0,

    /* U+0100 "Ā" */
    0x0, 0x6f, 0xfd, 0x0, 0x0, 0x0, 0x0, 0x0,
    0x0, 0x0, 0x0, 0x0, 0x0, 0x0, 0x0, 0xcf,
    0x30, 0x0, 0x0, 0x1f, 0xb9, 0x0, 0x0, 0x7,
    0xc5, 0xe0, 0x0, 0x0, 0xc6, 0xf, 0x40, 0x0,
    0x2f, 0x10, 0xa9, 0x0, 0x7, 0xff, 0xff, 0xf0,
    0x0, 0xd8, 0x22, 0x2f, 0x50, 0x2f, 0x20, 0x0,
    0xaa, 0x8, 0xe0, 0x0, 0x6, 0xf0,

    /* U+0101 "ā" */
    0x4, 0xff, 0xf0, 0x0, 0x0, 0x0, 0x6, 0xcf,
    0xc2, 0x1e, 0x62, 0xbc, 0x0, 0x2, 0x9e, 0x9,
    0xed, 0xcf, 0x6e, 0x10, 0x6f, 0x6f, 0x34, 0xdf,
    0xa, 0xfc, 0x7f,

    /* U+0102 "Ă" */
    0x0, 0x67, 0x1c, 0x0, 0x0, 0x1, 0xbd, 0x50,
    0x0, 0x0, 0x0, 0x0, 0x0, 0x0, 0x0, 0xcf,
    0x30, 0x0, 0x0, 0x1f, 0xb9, 0x0, 0x0, 0x7,
    0xc5, 0xe0, 0x0, 0x0, 0xc6, 0xf, 0x40, 0x0,
    0x2f, 0x10, 0xa9, 0x0, 0x7, 0xff, 0xff, 0xf0,
    0x0, 0xd8, 0x22, 0x2f, 0x50, 0x2f, 0x20, 0x0,
    0xaa, 0x8, 0xe0, 0x0, 0x6, 0xf0,

    /* U+0103 "ă" */
    0x5, 0x80, 0xc0, 0x0, 0xad, 0x60, 0x0, 0x0,
    0x0, 0x6, 0xcf, 0xc2, 0x1e, 0x62, 0xbc, 0x0,
    0x2, 0x9e, 0x9, 0xed, 0xcf, 0x6e, 0x10, 0x6f,
    0x6f, 0x34, 0xdf, 0xa, 0xfc, 0x7f,

    /* U+0104 "Ą" */
    0x0, 0xc, 0xf3, 0x0, 0x0, 0x1, 0xfd, 0x90,
    0x0, 0x0, 0x7e, 0x7e, 0x0, 0x0, 0xc, 0xa2,
    0xf4, 0x0, 0x2, 0xf5, 0xe, 0x90, 0x0, 0x7f,
    0x10, 0x9f, 0x0, 0xd, 0xff, 0xff, 0xf5, 0x2,
    0xf7, 0x22, 0x2e, 0xa0, 0x8e, 0x0, 0x0, 0x7f,
    0x0, 0x0, 0x0, 0x9, 0xb0, 0x0, 0x0, 0x0,
    0xf5, 0x0, 0x0, 0x0, 0x8, 0xe5,

    /* U+0105 "ą" */
    0x6, 0xcf, 0xc2, 0x1, 0xe6, 0x2b, 0xc0, 0x0,
    0x2, 0x9f, 0x0, 0x9e, 0xdc, 0xf0, 0x6e, 0x10,
    0x6f, 0x6, 0xf3, 0x4d, 0xf0, 0xa, 0xfc, 0x7f,
    0x0, 0x0, 0xc, 0x50, 0x0, 0x2, 0xf2, 0x0,
    0x0, 0xb, 0xe2,

    /* U+0106 "Ć" */
    0x0, 0x0, 0x5d, 0x0, 0x0, 0x0, 0x9, 0x40,
    0x0, 0x0, 0x0, 0x0, 0x0, 0x0, 0x5, 0xcf,
    0xd7, 0x0, 0x6, 0xf9, 0x58, 0xf8, 0x0, 0xe8,
    0x0, 0x7, 0xf0, 0x3f, 0x20, 0x0, 0x0, 0x4,
    0xf0, 0x0, 0x0, 0x0, 0x3f, 0x20, 0x0, 0x0,
    0x0, 0xe8, 0x0, 0x7, 0xf0, 0x6, 0xf9, 0x58,
    0xf8, 0x0, 0x5, 0xcf, 0xd7, 0x0,

    /* U+0107 "ć" */
    0x0, 0x3, 0xc0, 0x0, 0x0, 0xa6, 0x0, 0x0,
    0x0, 0x0, 0x0, 0x2b, 0xfd, 0x50, 0xd, 0xa3,
    0x8f, 0x24, 0xf2, 0x0, 0x30, 0x6f, 0x0, 0x0,
    0x4, 0xf2, 0x0, 0x40, 0xd, 0xa3, 0x8f, 0x20,
    0x2b, 0xfd, 0x50,

    /* U+0108 "Ĉ" */
    0x0, 0x7, 0xda, 0x0, 0x0, 0x1, 0x70, 0x63,
    0x0, 0x0, 0x0, 0x0, 0x0, 0x0, 0x5, 0xcf,
    0xd7, 0x0, 0x6, 0xf9, 0x58, 0xf8, 0x0, 0xe8,
    0x0, 0x7, 0xf0, 0x3f, 0x20, 0x0, 0x0, 0x4,
    0xf0, 0x0, 0x0, 0x0, 0x3f, 0x20, 0x0, 0x0,
    0x0, 0xe8, 0x0, 0x7, 0xf0, 0x6, 0xf9, 0x58,
    0xf8, 0x0, 0x5, 0xcf, 0xd7, 0x0,

    /* U+0109 "ĉ" */
    0x0, 0x4f, 0x80, 0x0, 0x1e, 0x3d, 0x50, 0x0,
    0x0, 0x0, 0x0, 0x2b, 0xfd, 0x50, 0xd, 0xa3,
    0x8f, 0x24, 0xf2, 0x0, 0x30, 0x6f, 0x0, 0x0,
    0x4, 0xf2, 0x0, 0x40, 0xd, 0xa3, 0x8f, 0x20,
    0x2b, 0xfd, 0x50,

    /* U+010A "Ċ" */
    0x0, 0x1, 0xe3, 0x0, 0x0, 0x0, 0x8, 0x10,
    0x0, 0x0, 0x0, 0x0, 0x0, 0x0, 0x5, 0xcf,
    0xd7, 0x0, 0x6, 0xf9, 0x58, 0xf8, 0x0, 0xe8,
    0x0, 0x7, 0xf0, 0x3f, 0x20, 0x0, 0x0, 0x4,
    0xf0, 0x0, 0x0, 0x0, 0x3f, 0x20, 0x0, 0x0,
    0x0, 0xe8, 0x0, 0x7, 0xf0, 0x6, 0xf9, 0x58,
    0xf8, 0x0, 0x5, 0xcf, 0xd7, 0x0,

    /* U+010B "ċ" */
    0x0, 0x1e, 0x40, 0x0, 0x0, 0x81, 0x0, 0x2,
    0xbf, 0xd5, 0x0, 0xda, 0x38, 0xf2, 0x4f, 0x20,
    0x3, 0x6, 0xf0, 0x0, 0x0, 0x4f, 0x20, 0x4,
    0x0, 0xda, 0x38, 0xf2, 0x2, 0xbf, 0xd5, 0x0,

    /* U+010C "Č" */
    0x0, 0x1d, 0x5d, 0x30, 0x0, 0x0, 0x17, 0x30,
    0x0, 0x0, 0x0, 0x0, 0x0, 0x0, 0x5, 0xcf,
    0xd7, 0x0, 0x6, 0xf9, 0x58, 0xf8, 0x0, 0xe8,
    0x0, 0x7, 0xf0, 0x3f, 0x20, 0x0, 0x0, 0x4,
    0xf0, 0x0, 0x0, 0x0, 0x3f, 0x20, 0x0, 0x0,
    0x0, 0xe8, 0x0, 0x7, 0xf0, 0x6, 0xf9, 0x58,
    0xf8, 0x0, 0x5, 0xcf, 0xd7, 0x0,

    /* U+010D "č" */
    0x2, 0xe3, 0xd4, 0x0, 0x5, 0xf8, 0x0, 0x0,
    0x0, 0x0, 0x0, 0x2b, 0xfd, 0x50, 0xd, 0xa3,
    0x8f, 0x24, 0xf2, 0x0, 0x30, 0x6f, 0x0, 0x0,
    0x4, 0xf2, 0x0, 0x40, 0xd, 0xa3, 0x8f, 0x20,
    0x2b, 0xfd, 0x50,

    /* U+010E "Ď" */
    0x2, 0xe3, 0xd4, 0x0, 0x0, 0x5f, 0x80, 0x0,
    0x0, 0x0, 0x0, 0x0, 0xf, 0xff, 0xea, 0x20,
    0xf, 0x73, 0x5c, 0xf1, 0xf, 0x40, 0x0, 0xc9,
    0xf, 0x40, 0x0, 0x7d, 0xf, 0x40, 0x0, 0x5f,
    0xf, 0x40, 0x0, 0x7d, 0xf, 0x40, 0x0, 0xd9,
    0xf, 0x73, 0x5c, 0xf1, 0xf, 0xff, 0xea, 0x20,

    /* U+010F "ď" */
    0x0, 0x0, 0x0, 0xa, 0x60, 0x0, 0x0, 0xb8,
    0xa4, 0x0, 0x0, 0xb, 0x83, 0x10, 0x3c, 0xf9,
    0xb8, 0x0, 0xe, 0xa3, 0x8f, 0x80, 0x4, 0xf2,
    0x0, 0xf8, 0x0, 0x6f, 0x0, 0xc, 0x80, 0x4,
    0xf2, 0x0, 0xf8, 0x0, 0xe, 0xa3, 0x8f, 0x80,
    0x0, 0x3d, 0xe8, 0xb8, 0x0,

    /* U+0110 "Đ" */
    0xc, 0xff, 0xec, 0x40, 0x0, 0xca, 0x34, 0x9f,
    0x50, 0xc, 0x80, 0x0, 0x8d, 0x0, 0xc8, 0x0,
    0x2, 0xf1, 0xcf, 0xfe, 0xa0, 0x1f, 0x31, 0xc9,
    0x11, 0x2, 0xf1, 0xc, 0x80, 0x0, 0x9d, 0x0,
    0xca, 0x35, 0x9f, 0x50, 0xc, 0xff, 0xeb, 0x30,
    0x0,

    /* U+0111 "đ" */
    0x0, 0x8, 0xef, 0xf5, 0x0, 0x0, 0xb, 0x80,
    0x3, 0xcf, 0x9b, 0x80, 0xe, 0xa3, 0x8f, 0x80,
    0x4f, 0x20, 0xf, 0x80, 0x6f, 0x0, 0xc, 0x80,
    0x4f, 0x20, 0xf, 0x80, 0xe, 0xa3, 0x8f, 0x80,
    0x3, 0xde, 0x8b, 0x80,

    /* U+0112 "Ē" */
    0x0, 0xef, 0xf6, 0x0, 0x0, 0x0, 0x0, 0x0,
    0x0, 0x0, 0x0, 0xff, 0xff, 0xf7, 0xf, 0x73,
    0x33, 0x10, 0xf4, 0x0, 0x0, 0xf, 0x40, 0x0,
    0x0, 0xff, 0xff, 0xf2, 0xf, 0x62, 0x22, 0x0,
    0xf4, 0x0, 0x0, 0xf, 0x73, 0x33, 0x10, 0xff,
    0xff, 0xf7,

    /* U+0113 "ē" */
    0x1, 0xff, 0xf3, 0x0, 0x0, 0x0, 0x0, 0x2,
    0xbf, 0xc3, 0x0, 0xea, 0x28, 0xe1, 0x4f, 0x10,
    0xf, 0x56, 0xfe, 0xee, 0xf7, 0x4f, 0x21, 0x11,
    0x0, 0xea, 0x35, 0xd2, 0x2, 0xbf, 0xc6, 0x0,

    /* U+0114 "Ĕ" */
    0x0, 0xc0, 0x76, 0x0, 0x6, 0xdb, 0x10, 0x0,
    0x0, 0x0, 0x0, 0xff, 0xff, 0xf7, 0xf, 0x73,
    0x33, 0x10, 0xf4, 0x0, 0x0, 0xf, 0x40, 0x0,
    0x0, 0xff, 0xff, 0xf2, 0xf, 0x62, 0x22, 0x0,
    0xf4, 0x0, 0x0, 0xf, 0x73, 0x33, 0x10, 0xff,
    0xff, 0xf7,

    /* U+0115 "ĕ" */
    0x2, 0xa0, 0x93, 0x0, 0x8, 0xd9, 0x0, 0x0,
    0x0, 0x0, 0x0, 0x2b, 0xfc, 0x30, 0xe, 0xa2,
    0x8e, 0x14, 0xf1, 0x0, 0xf5, 0x6f, 0xee, 0xef,
    0x74, 0xf2, 0x11, 0x10, 0xe, 0xa3, 0x5d, 0x20,
    0x2b, 0xfc, 0x60,

    /* U+0116 "Ė" */
    0x0, 0xd, 0x50, 0x0, 0x0, 0x72, 0x0, 0x0,
    0x0, 0x0, 0x0, 0xff, 0xff, 0xf7, 0xf, 0x73,
    0x33, 0x10, 0xf4, 0x0, 0x0, 0xf, 0x40, 0x0,
    0x0, 0xff, 0xff, 0xf2, 0xf, 0x62, 0x22, 0x0,
    0xf4, 0x0, 0x0, 0xf, 0x73, 0x33, 0x10, 0xff,
    0xff, 0xf7,

    /* U+0117 "ė" */
    0x0, 0x1e, 0x30, 0x0, 0x0, 0x81, 0x0, 0x2,
    0xbf, 0xc3, 0x0, 0xea, 0x28, 0xe1, 0x4f, 0x10,
    0xf, 0x56, 0xfe, 0xee, 0xf7, 0x4f, 0x21, 0x11,
    0x0, 0xea, 0x35, 0xd2, 0x2, 0xbf, 0xc6, 0x0,

    /* U+0118 "Ę" */
    0xf, 0xff, 0xff, 0x70, 0xf7, 0x33, 0x31, 0xf,
    0x40, 0x0, 0x0, 0xf4, 0x0, 0x0, 0xf, 0xff,
    0xff, 0x20, 0xf6, 0x22, 0x20, 0xf, 0x40, 0x0,
    0x0, 0xf7, 0x33, 0x31, 0xf, 0xff, 0xff, 0x70,
    0x0, 0x4, 0xe1, 0x0, 0x0, 0x9a, 0x0, 0x0,
    0x4, 0xe9,

    /* U+0119 "ę" */
    0x2, 0xbf, 0xc3, 0x0, 0xea, 0x28, 0xe1, 0x4f,
    0x10, 0xf, 0x56, 0xfe, 0xee, 0xf7, 0x4f, 0x21,
    0x11, 0x0, 0xea, 0x35, 0xe2, 0x2, 0xbf, 0xfd,
    0x0, 0x0, 0xe, 0x60, 0x0, 0x1, 0xf2, 0x0,
    0x0, 0xa, 0xe2,

    /* U+011A "Ě" */
    0x1, 0xe4, 0xc6, 0x0, 0x3, 0xfa, 0x0, 0x0,
    0x0, 0x0, 0x0, 0xff, 0xff, 0xf7, 0xf, 0x73,
    0x33, 0x10, 0xf4, 0x0, 0x0, 0xf, 0x40, 0x0,
    0x0, 0xff, 0xff, 0xf2, 0xf, 0x62, 0x22, 0x0,
    0xf4, 0x0, 0x0, 0xf, 0x73, 0x33, 0x10, 0xff,
    0xff, 0xf7,

    /* U+011B "ě" */
    0x2, 0xe2, 0xe3, 0x0, 0x6, 0xf7, 0x0, 0x0,
    0x0, 0x0, 0x0, 0x2b, 0xfc, 0x30, 0xe, 0xa2,
    0x8e, 0x14, 0xf1, 0x0, 0xf5, 0x6f, 0xee, 0xef,
    0x74, 0xf2, 0x11, 0x10, 0xe, 0xa3, 0x5d, 0x20,
    0x2b, 0xfc, 0x60,

    /* U+011C "Ĝ" */
    0x0, 0x7, 0xd9, 0x0, 0x0, 0x1, 0x70, 0x63,
    0x0, 0x0, 0x0, 0x0, 0x0, 0x0, 0x5, 0xcf,
    0xd7, 0x0, 0x6, 0xf9, 0x58, 0xf9, 0x0, 0xe8,
    0x0, 0x5, 0xb0, 0x3f, 0x20, 0x0, 0x0, 0x4,
    0xf0, 0x2, 0xff, 0xf4, 0x3f, 0x20, 0x2, 0x4f,
    0x30, 0xe8, 0x0, 0x6, 0xf0, 0x6, 0xf9, 0x57,
    0xf8, 0x0, 0x5, 0xcf, 0xd7, 0x0,

    /* U+011D "ĝ" */
    0x0, 0x17, 0x20, 0x0, 0xb, 0xad, 0x0, 0x2,
    0x70, 0x53, 0x0, 0x3c, 0xf9, 0xb8, 0xe, 0x92,
    0x7f, 0x84, 0xf1, 0x0, 0xf8, 0x6e, 0x0, 0xc,
    0x84, 0xf2, 0x0, 0xd8, 0xe, 0xa2, 0x7f, 0x80,
    0x3d, 0xe8, 0xb8, 0x0, 0x0, 0xd, 0x80, 0xd8,
    0x27, 0xf4, 0x4, 0xbf, 0xd6, 0x0,

    /* U+011E "Ğ" */
    0x0, 0x2a, 0x9, 0x30, 0x0, 0x0, 0x8d, 0x90,
    0x0, 0x0, 0x0, 0x0, 0x0, 0x0, 0x5, 0xcf,
    0xd7, 0x0, 0x6, 0xf9, 0x58, 0xf9, 0x0, 0xe8,
    0x0, 0x5, 0xb0, 0x3f, 0x20, 0x0, 0x0, 0x4,
    0xf0, 0x2, 0xff, 0xf4, 0x3f, 0x20, 0x2, 0x4f,
    0x30, 0xe8, 0x0, 0x6, 0xf0, 0x6, 0xf9, 0x57,
    0xf8, 0x0, 0x5, 0xcf, 0xd7, 0x0,

    /* U+011F "ğ" */
    0x1, 0xb0, 0x94, 0x0, 0x7, 0xda, 0x0, 0x0,
    0x0, 0x0, 0x0, 0x3c, 0xf9, 0xb8, 0xe, 0x92,
    0x7f, 0x84, 0xf1, 0x0, 0xf8, 0x6e, 0x0, 0xc,
    0x84, 0xf2, 0x0, 0xd8, 0xe, 0xa2, 0x7f, 0x80,
    0x3d, 0xe8, 0xb8, 0x0, 0x0, 0xd, 0x80, 0xd8,
    0x27, 0xf4, 0x4, 0xbf, 0xd6, 0x0,

    /* U+0120 "Ġ" */
    0x0, 0x1, 0xe3, 0x0, 0x0, 0x0, 0x8, 0x10,
    0x0, 0x0, 0x0, 0x0, 0x0, 0x0, 0x5, 0xcf,
    0xd7, 0x0, 0x6, 0xf9, 0x58, 0xf9, 0x0, 0xe8,
    0x0, 0x5, 0xb0, 0x3f, 0x20, 0x0, 0x0, 0x4,
    0xf0, 0x2, 0xff, 0xf4, 0x3f, 0x20, 0x2, 0x4f,
    0x30, 0xe8, 0x0, 0x6, 0xf0, 0x6, 0xf9, 0x57,
    0xf8, 0x0, 0x5, 0xcf, 0xd7, 0x0,

    /* U+0121 "ġ" */
    0x0, 0x1e, 0x30, 0x0, 0x0, 0x81, 0x0, 0x3,
    0xcf, 0x9b, 0x80, 0xe9, 0x27, 0xf8, 0x4f, 0x10,
    0xf, 0x86, 0xe0, 0x0, 0xc8, 0x4f, 0x20, 0xd,
    0x80, 0xea, 0x27, 0xf8, 0x3, 0xde, 0x8b, 0x80,
    0x0, 0x0, 0xd8, 0xd, 0x82, 0x7f, 0x40, 0x4b,
    0xfd, 0x60,

    /* U+0122 "Ģ" */
    0x0, 0x5c, 0xfd, 0x70, 0x0, 0x6f, 0x95, 0x8f,
    0x90, 0xe, 0x80, 0x0, 0x5b, 0x3, 0xf2, 0x0,
    0x0, 0x0, 0x4f, 0x0, 0x2f, 0xff, 0x43, 0xf2,
    0x0, 0x24, 0xf3, 0xe, 0x80, 0x0, 0x6f, 0x0,
    0x6f, 0x95, 0x7f, 0x80, 0x0, 0x5c, 0xfd, 0x70,
    0x0, 0x0, 0x4, 0x0, 0x0, 0x0, 0x4, 0xe0,
    0x0, 0x0, 0x0, 0x78, 0x0, 0x0,

    /* U+0123 "ģ" */
    0x0, 0x0, 0x0, 0x0, 0x0, 0x97, 0x0, 0x0,
    0xd, 0x30, 0x0, 0x0, 0x70, 0x0, 0x3, 0xcf,
    0x9b, 0x80, 0xe9, 0x27, 0xf8, 0x4f, 0x10, 0xf,
    0x86, 0xe0, 0x0, 0xc8, 0x4f, 0x20, 0xd, 0x80,
    0xea, 0x27, 0xf8, 0x3, 0xde, 0x8b, 0x80, 0x0,
    0x0, 0xd8, 0xd, 0x82, 0x7f, 0x40, 0x4b, 0xfd,
    0x60,

    /* U+0124 "Ĥ" */
    0x0, 0x7, 0xf6, 0x0, 0x0, 0x3e, 0x2e, 0x20,
    0x0, 0x0, 0x0, 0x0, 0xf, 0x40, 0x0, 0x5f,
    0xf, 0x40, 0x0, 0x5f, 0xf, 0x40, 0x0, 0x5f,
    0xf, 0x40, 0x0, 0x6f, 0xf, 0xff, 0xff, 0xff,
    0xf, 0x73, 0x33, 0x8f, 0xf, 0x40, 0x0, 0x5f,
    0xf, 0x40, 0x0, 0x5f, 0xf, 0x40, 0x0, 0x5f,

    /* U+0125 "ĥ" */
    0x6, 0xf7, 0x0, 0x0, 0x3e, 0x2e, 0x30, 0x0,
    0x0, 0x0, 0x0, 0x0, 0x1, 0xf2, 0x0, 0x0,
    0x1, 0xf2, 0x0, 0x0, 0x1, 0xf5, 0xde, 0x70,
    0x1, 0xfb, 0x49, 0xf2, 0x1, 0xf4, 0x0, 0xf5,
    0x1, 0xf2, 0x0, 0xe5, 0x1, 0xf2, 0x0, 0xe5,
    0x1, 0xf2, 0x0, 0xe5, 0x1, 0xf2, 0x0, 0xe5,

    /* U+0126 "Ħ" */
    0xc, 0x90, 0x0, 0x1f, 0x30, 0xc9, 0x0, 0x1,
    0xf3, 0x7f, 0xff, 0xff, 0xff, 0xe0, 0xc9, 0x0,
    0x1, 0xf3, 0xc, 0xff, 0xff, 0xff, 0x30, 0xca,
    0x33, 0x34, 0xf3, 0xc, 0x90, 0x0, 0x1f, 0x30,
    0xc9, 0x0, 0x1, 0xf3, 0xc, 0x90, 0x0, 0x1f,
    0x30,

    /* U+0127 "ħ" */
    0xef, 0xfe, 0x0, 0x1, 0xf2, 0x0, 0x0, 0x1f,
    0x5d, 0xe7, 0x1, 0xfb, 0x49, 0xf2, 0x1f, 0x40,
    0xf, 0x51, 0xf2, 0x0, 0xe5, 0x1f, 0x20, 0xe,
    0x51, 0xf2, 0x0, 0xe5, 0x1f, 0x20, 0xe, 0x50,

    /* U+0128 "Ĩ" */
    0xa, 0x86, 0x51, 0xa5, 0xc1, 0x0, 0x0, 0x0,
    0xf, 0x40, 0x0, 0xf4, 0x0, 0xf, 0x40, 0x0,
    0xf4, 0x0, 0xf, 0x40, 0x0, 0xf4, 0x0, 0xf,
    0x40, 0x0, 0xf4, 0x0, 0xf, 0x40,

    /* U+0129 "ĩ" */
    0x1c, 0xdc, 0x10, 0x0, 0x0, 0x1, 0xf2, 0x0,
    0x1f, 0x20, 0x1, 0xf2, 0x0, 0x1f, 0x20, 0x1,
    0xf2, 0x0, 0x1f, 0x20, 0x1, 0xf2, 0x0,

    /* U+012A "Ī" */
    0xf, 0xff, 0x40, 0x0, 0x0, 0x0, 0x0, 0x0,
    0xf, 0x40, 0x0, 0xf4, 0x0, 0xf, 0x40, 0x0,
    0xf4, 0x0, 0xf, 0x40, 0x0, 0xf4, 0x0, 0xf,
    0x40, 0x0, 0xf4, 0x0, 0xf, 0x40,

    /* U+012B "ī" */
    0x2f, 0xff, 0x20, 0x0, 0x0, 0x1, 0xf2, 0x0,
    0x1f, 0x20, 0x1, 0xf2, 0x0, 0x1f, 0x20, 0x1,
    0xf2, 0x0, 0x1f, 0x20, 0x1, 0xf2, 0x0,

    /* U+012C "Ĭ" */
    0x1b, 0x8, 0x40, 0x7d, 0xa0, 0x0, 0x0, 0x0,
    0xf, 0x40, 0x0, 0xf4, 0x0, 0xf, 0x40, 0x0,
    0xf4, 0x0, 0xf, 0x40, 0x0, 0xf4, 0x0, 0xf,
    0x40, 0x0, 0xf4, 0x0, 0xf, 0x40,

    /* U+012D "ĭ" */
    0x2a, 0xa, 0x30, 0x8d, 0x90, 0x0, 0x0, 0x0,
    0x1f, 0x20, 0x1, 0xf2, 0x0, 0x1f, 0x20, 0x1,
    0xf2, 0x0, 0x1f, 0x20, 0x1, 0xf2, 0x0, 0x1f,
    0x20,

    /* U+012E "Į" */
    0xf, 0x40, 0xf4, 0xf, 0x40, 0xf4, 0xf, 0x40,
    0xf4, 0xf, 0x40, 0xf4, 0xf, 0x44, 0xe1, 0xc8,
    0x7, 0xe6,

    /* U+012F "į" */
    0x2, 0xe2, 0x0, 0x81, 0x1, 0xf2, 0x1, 0xf2,
    0x1, 0xf2, 0x1, 0xf2, 0x1, 0xf2, 0x1, 0xf2,
    0x1, 0xf2, 0x7, 0xc0, 0xf, 0x50, 0x9, 0xe4,

    /* U+0130 "İ" */
    0xe, 0x40, 0x71, 0x0, 0x0, 0xf4, 0xf, 0x40,
    0xf4, 0xf, 0x40, 0xf4, 0xf, 0x40, 0xf4, 0xf,
    0x40, 0xf4,

    /* U+0131 "ı" */
    0x1f, 0x21, 0xf2, 0x1f, 0x21, 0xf2, 0x1f, 0x21,
    0xf2, 0x1f, 0x20,

    /* U+0132 "Ĳ" */
    0xf, 0x40, 0x0, 0x1, 0xf3, 0xf, 0x40, 0x0,
    0x1, 0xf3, 0xf, 0x40, 0x0, 0x1, 0xf3, 0xf,
    0x40, 0x0, 0x1, 0xf3, 0xf, 0x40, 0x0, 0x1,
    0xf3, 0xf, 0x40, 0x30, 0x1, 0xf3, 0xf, 0x42,
    0xf3, 0x3, 0xf2, 0xf, 0x40, 0xeb, 0x4b, 0xe0,
    0xf, 0x40, 0x3c, 0xfc, 0x30,

    /* U+0133 "ĳ" */
    0x2e, 0x22, 0xe3, 0x8, 0x10, 0x81, 0x1f, 0x21,
    0xf2, 0x1f, 0x21, 0xf2, 0x1f, 0x21, 0xf2, 0x1f,
    0x21, 0xf2, 0x1f, 0x21, 0xf2, 0x1f, 0x21, 0xf2,
    0x1f, 0x21, 0xf2, 0x0, 0x1, 0xf2, 0x0, 0x7,
    0xf1, 0x0, 0x2e, 0x70,

    /* U+0134 "Ĵ" */
    0x0, 0x0, 0xbd, 0x50, 0x0, 0x4, 0x51, 0x70,
    0x0, 0x0, 0x0, 0x0, 0x0, 0x0, 0x6e, 0x0,
    0x0, 0x0, 0x6e, 0x0, 0x0, 0x0, 0x6e, 0x0,
    0x0, 0x0, 0x6e, 0x0, 0x0, 0x0, 0x6e, 0x0,
    0x13, 0x0, 0x6e, 0x0, 0x7e, 0x0, 0x7e, 0x0,
    0x3f, 0x85, 0xda, 0x0, 0x6, 0xef, 0xb1, 0x0,

    /* U+0135 "ĵ" */
    0x8, 0xd9, 0x2, 0x70, 0x62, 0x2, 0xf2, 0x0,
    0x2f, 0x20, 0x2, 0xf2, 0x0, 0x2f, 0x20, 0x2,
    0xf2, 0x0, 0x2f, 0x20, 0x2, 0xf2, 0x0, 0x2f,
    0x20, 0x7, 0xf0, 0x3, 0xe7, 0x0,

    /* U+0136 "Ķ" */
    0xf, 0x40, 0x4, 0xf7, 0xf, 0x40, 0x2f, 0x90,
    0xf, 0x41, 0xea, 0x0, 0xf, 0x5c, 0xc0, 0x0,
    0xf, 0xdf, 0xd0, 0x0, 0xf, 0xd2, 0xe8, 0x0,
    0xf, 0x40, 0x5f, 0x30, 0xf, 0x40, 0xa, 0xd0,
    0xf, 0x40, 0x1, 0xe9, 0x0, 0x2, 0x30, 0x0,
    0x0, 0x9, 0x80, 0x0, 0x0, 0xd, 0x20, 0x0,

    /* U+0137 "ķ" */
    0x1f, 0x20, 0x0, 0x1, 0xf2, 0x0, 0x0, 0x1f,
    0x20, 0x9e, 0x11, 0xf2, 0x7e, 0x20, 0x1f, 0x7f,
    0x40, 0x1, 0xff, 0xf2, 0x0, 0x1f, 0x4c, 0xc0,
    0x1, 0xf2, 0x2f, 0x80, 0x1f, 0x20, 0x5f, 0x30,
    0x0, 0x40, 0x0, 0x0, 0x5c, 0x0, 0x0, 0x9,
    0x70, 0x0,

    /* U+0138 "ĸ" */
    0x1f, 0x20, 0x8e, 0x11, 0xf2, 0x3f, 0x40, 0x1f,
    0x3d, 0x80, 0x1, 0xff, 0xe0, 0x0, 0x1f, 0x3e,
    0x70, 0x1, 0xf2, 0x4f, 0x30, 0x1f, 0x20, 0x8e,
    0x10,

    /* U+0139 "Ĺ" */
    0x4, 0xe0, 0x0, 0x0, 0x94, 0x0, 0x0, 0x0,
    0x0, 0x0, 0x0, 0xf4, 0x0, 0x0, 0xf, 0x40,
    0x0, 0x0, 0xf4, 0x0, 0x0, 0xf, 0x40, 0x0,
    0x0, 0xf4, 0x0, 0x0, 0xf, 0x40, 0x0, 0x0,
    0xf4, 0x0, 0x0, 0xf, 0x73, 0x33, 0x0, 0xff,
    0xff, 0xf4,

    /* U+013A "ĺ" */
    0x6, 0xc0, 0xb, 0x30, 0x0, 0x0, 0x1f, 0x20,
    0x1f, 0x20, 0x1f, 0x20, 0x1f, 0x20, 0x1f, 0x20,
    0x1f, 0x20, 0x1f, 0x20, 0x1f, 0x20, 0x1f, 0x20,

    /* U+013B "Ļ" */
    0xf, 0x40, 0x0, 0x0, 0xf4, 0x0, 0x0, 0xf,
    0x40, 0x0, 0x0, 0xf4, 0x0, 0x0, 0xf, 0x40,
    0x0, 0x0, 0xf4, 0x0, 0x0, 0xf, 0x40, 0x0,
    0x0, 0xf7, 0x33, 0x30, 0xf, 0xff, 0xff, 0x40,
    0x0, 0x40, 0x0, 0x0, 0x3e, 0x0, 0x0, 0x6,
    0x90, 0x0,

    /* U+013C "ļ" */
    0x1f, 0x21, 0xf2, 0x1f, 0x21, 0xf2, 0x1f, 0x21,
    0xf2, 0x1f, 0x21, 0xf2, 0x1f, 0x20, 0x40, 0x4d,
    0x8, 0x80,

    /* U+013D "Ľ" */
    0x0, 0x1, 0x40, 0x0, 0xf4, 0x4c, 0x0, 0xf,
    0x44, 0xa0, 0x0, 0xf4, 0x0, 0x0, 0xf, 0x40,
    0x0, 0x0, 0xf4, 0x0, 0x0, 0xf, 0x40, 0x0,
    0x0, 0xf4, 0x0, 0x0, 0xf, 0x73, 0x33, 0x0,
    0xff, 0xff, 0xf4,

    /* U+013E "ľ" */
    0x0, 0x5, 0x1, 0xf2, 0xf0, 0x1f, 0x2e, 0x1,
    0xf2, 0x0, 0x1f, 0x20, 0x1, 0xf2, 0x0, 0x1f,
    0x20, 0x1, 0xf2, 0x0, 0x1f, 0x20, 0x1, 0xf2,
    0x0,

    /* U+013F "Ŀ" */
    0xf, 0x40, 0x0, 0x0, 0xf4, 0x0, 0x0, 0xf,
    0x40, 0x0, 0x0, 0xf4, 0x6d, 0x0, 0xf, 0x42,
    0x70, 0x0, 0xf4, 0x0, 0x0, 0xf, 0x40, 0x0,
    0x0, 0xf7, 0x33, 0x30, 0xf, 0xff, 0xff, 0x40,

    /* U+0140 "ŀ" */
    0x1f, 0x20, 0x1, 0xf2, 0x0, 0x1f, 0x20, 0x1,
    0xf2, 0xa4, 0x1f, 0x2d, 0x61, 0xf2, 0x0, 0x1f,
    0x20, 0x1, 0xf2, 0x0, 0x1f, 0x20, 0x0,

    /* U+0141 "Ł" */
    0xa, 0xb0, 0x0, 0x0, 0xab, 0x0, 0x0, 0xa,
    0xb2, 0x80, 0x0, 0xae, 0xf8, 0x0, 0x5e, 0xd2,
    0x0, 0xa, 0xdb, 0x0, 0x0, 0xa, 0xb0, 0x0,
    0x0, 0xac, 0x33, 0x32, 0xa, 0xff, 0xff, 0xa0,

    /* U+0142 "ł" */
    0x1, 0xf2, 0x0, 0x1f, 0x20, 0x1, 0xf9, 0x10,
    0x5f, 0xa0, 0x1e, 0xf2, 0x0, 0x2f, 0x20, 0x1,
    0xf2, 0x0, 0x1f, 0x20, 0x1, 0xf2, 0x0,

    /* U+0143 "Ń" */
    0x0, 0x0, 0x6d, 0x0, 0x0, 0x0, 0xa, 0x30,
    0x0, 0x0, 0x0, 0x0, 0x0, 0x0, 0xfc, 0x0,
    0x3, 0xf1, 0xf, 0xf6, 0x0, 0x3f, 0x10, 0xf9,
    0xf1, 0x3, 0xf1, 0xf, 0x4c, 0xa0, 0x3f, 0x10,
    0xf5, 0x3f, 0x43, 0xf1, 0xf, 0x50, 0x9d, 0x4f,
    0x10, 0xf5, 0x1, 0xea, 0xf1, 0xf, 0x50, 0x5,
    0xff, 0x10, 0xf5, 0x0, 0xb, 0xf1,

    /* U+0144 "ń" */
    0x0, 0x3, 0xc0, 0x0, 0x0, 0xa6, 0x0, 0x0,
    0x0, 0x0, 0x1, 0xf5, 0xde, 0x70, 0x1f, 0xb4,
    0x9f, 0x21, 0xf4, 0x0, 0xf5, 0x1f, 0x20, 0xe,
    0x51, 0xf2, 0x0, 0xe5, 0x1f, 0x20, 0xe, 0x51,
    0xf2, 0x0, 0xe5,

    /* U+0145 "Ņ" */
    0xf, 0xc0, 0x0, 0x3f, 0x10, 0xff, 0x60, 0x3,
    0xf1, 0xf, 0x9f, 0x10, 0x3f, 0x10, 0xf4, 0xca,
    0x3, 0xf1, 0xf, 0x53, 0xf4, 0x3f, 0x10, 0xf5,
    0x9, 0xd4, 0xf1, 0xf, 0x50, 0x1e, 0xaf, 0x10,
    0xf5, 0x0, 0x5f, 0xf1, 0xf, 0x50, 0x0, 0xbf,
    0x10, 0x0, 0x4, 0x0, 0x0, 0x0, 0x4, 0xe0,
    0x0, 0x0, 0x0, 0x78, 0x0, 0x0,

    /* U+0146 "ņ" */
    0x1f, 0x5d, 0xe7, 0x1, 0xfb, 0x49, 0xf2, 0x1f,
    0x40, 0xf, 0x51, 0xf2, 0x0, 0xe5, 0x1f, 0x20,
    0xe, 0x51, 0xf2, 0x0, 0xe5, 0x1f, 0x20, 0xe,
    0x50, 0x0, 0x40, 0x0, 0x0, 0x3e, 0x0, 0x0,
    0x6, 0x90, 0x0,

    /* U+0147 "Ň" */
    0x0, 0x3e, 0x2e, 0x30, 0x0, 0x0, 0x6f, 0x70,
    0x0, 0x0, 0x0, 0x0, 0x0, 0x0, 0xfc, 0x0,
    0x3, 0xf1, 0xf, 0xf6, 0x0, 0x3f, 0x10, 0xf9,
    0xf1, 0x3, 0xf1, 0xf, 0x4c, 0xa0, 0x3f, 0x10,
    0xf5, 0x3f, 0x43, 0xf1, 0xf, 0x50, 0x9d, 0x4f,
    0x10, 0xf5, 0x1, 0xea, 0xf1, 0xf, 0x50, 0x5,
    0xff, 0x10, 0xf5, 0x0, 0xb, 0xf1,

    /* U+0148 "ň" */
    0x1, 0x70, 0x63, 0x0, 0x7, 0xda, 0x0, 0x0,
    0x0, 0x0, 0x1, 0xf5, 0xde, 0x70, 0x1f, 0xb4,
    0x9f, 0x21, 0xf4, 0x0, 0xf5, 0x1f, 0x20, 0xe,
    0x51, 0xf2, 0x0, 0xe5, 0x1f, 0x20, 0xe, 0x51,
    0xf2, 0x0, 0xe5,

    /* U+014A "Ŋ" */
    0xf, 0xc0, 0x0, 0x3f, 0x10, 0xff, 0x60, 0x3,
    0xf1, 0xf, 0x9f, 0x10, 0x3f, 0x10, 0xf4, 0xca,
    0x3, 0xf1, 0xf, 0x53, 0xf4, 0x3f, 0x10, 0xf5,
    0x9, 0xd4, 0xf1, 0xf, 0x50, 0x1e, 0xaf, 0x10,
    0xf5, 0x0, 0x5f, 0xf1, 0xf, 0x50, 0x0, 0xbf,
    0x20, 0x0, 0x0, 0x2, 0xf2, 0x0, 0x0, 0x1,
    0x7f, 0x10, 0x0, 0x0, 0x5e, 0x80,

    /* U+014B "ŋ" */
    0x1f, 0x5d, 0xe7, 0x1, 0xfb, 0x49, 0xf2, 0x1f,
    0x40, 0x1f, 0x51, 0xf2, 0x0, 0xe5, 0x1f, 0x20,
    0xe, 0x51, 0xf2, 0x0, 0xe5, 0x1f, 0x20, 0xe,
    0x50, 0x0, 0x0, 0xe5, 0x0, 0x0, 0x4f, 0x40,
    0x0, 0x3f, 0xa0,

    /* U+014C "Ō" */
    0x0, 0xf, 0xff, 0x30, 0x0, 0x0, 0x0, 0x0,
    0x0, 0x0, 0x0, 0x0, 0x0, 0x0, 0x4, 0xcf,
    0xd7, 0x0, 0x6, 0xf9, 0x58, 0xf9, 0x0, 0xe8,
    0x0, 0x5, 0xf2, 0x2f, 0x20, 0x0, 0xe, 0x54,
    0xf0, 0x0, 0x0, 0xd7, 0x2f, 0x20, 0x0, 0xe,
    0x50, 0xe8, 0x0, 0x5, 0xf2, 0x6, 0xf9, 0x57,
    0xf9, 0x0, 0x5, 0xcf, 0xd7, 0x0,

    /* U+014D "ō" */
    0x0, 0xff, 0xf4, 0x0, 0x0, 0x0, 0x0, 0x2,
    0xbf, 0xd4, 0x0, 0xda, 0x37, 0xf2, 0x4f, 0x20,
    0xe, 0x86, 0xf0, 0x0, 0xba, 0x4f, 0x20, 0xe,
    0x80, 0xda, 0x37, 0xf2, 0x2, 0xbf, 0xd4, 0x0,

    /* U+014E "Ŏ" */
    0x0, 0x1b, 0x9, 0x40, 0x0, 0x0, 0x7d, 0xa0,
    0x0, 0x0, 0x0, 0x0, 0x0, 0x0, 0x4, 0xcf,
    0xd7, 0x0, 0x6, 0xf9, 0x58, 0xf9, 0x0, 0xe8,
    0x0, 0x5, 0xf2, 0x2f, 0x20, 0x0, 0xe, 0x54,
    0xf0, 0x0, 0x0, 0xd7, 0x2f, 0x20, 0x0, 0xe,
    0x50, 0xe8, 0x0, 0x5, 0xf2, 0x6, 0xf9, 0x57,
    0xf9, 0x0, 0x5, 0xcf, 0xd7, 0x0,

    /* U+014F "ŏ" */
    0x1, 0xb0, 0x84, 0x0, 0x7, 0xda, 0x0, 0x0,
    0x0, 0x0, 0x0, 0x2b, 0xfd, 0x40, 0xd, 0xa3,
    0x7f, 0x24, 0xf2, 0x0, 0xe8, 0x6f, 0x0, 0xb,
    0xa4, 0xf2, 0x0, 0xe8, 0xd, 0xa3, 0x7f, 0x20,
    0x2b, 0xfd, 0x40,

    /* U+0150 "Ő" */
    0x0, 0xd, 0x5a, 0x90, 0x0, 0x2, 0xb2, 0xb0,
    0x0, 0x0, 0x0, 0x0, 0x0, 0x0, 0x4, 0xcf,
    0xd7, 0x0, 0x6, 0xf9, 0x58, 0xf9, 0x0, 0xe8,
    0x0, 0x5, 0xf2, 0x2f, 0x20, 0x0, 0xe, 0x54,
    0xf0, 0x0, 0x0, 0xd7, 0x2f, 0x20, 0x0, 0xe,
    0x50, 0xe8, 0x0, 0x5, 0xf2, 0x6, 0xf9, 0x57,
    0xf9, 0x0, 0x5, 0xcf, 0xd7, 0x0,

    /* U+0151 "ő" */
    0x0, 0xa5, 0x88, 0x0, 0x2e, 0x2e, 0x10, 0x0,
    0x0, 0x0, 0x0, 0x2b, 0xfd, 0x40, 0xd, 0xa3,
    0x7f, 0x24, 0xf2, 0x0, 0xe8, 0x6f, 0x0, 0xb,
    0xa4, 0xf2, 0x0, 0xe8, 0xd, 0xa3, 0x7f, 0x20,
    0x2b, 0xfd, 0x40,

    /* U+0152 "Œ" */
    0x0, 0x4c, 0xff, 0xff, 0xff, 0xf5, 0x5, 0xf8,
    0x45, 0xf5, 0x33, 0x31, 0xe, 0x70, 0x2, 0xf2,
    0x0, 0x0, 0x2f, 0x10, 0x2, 0xf2, 0x0, 0x0,
    0x4f, 0x0, 0x2, 0xff, 0xff, 0xf0, 0x2f, 0x10,
    0x2, 0xf5, 0x22, 0x20, 0xe, 0x70, 0x2, 0xf2,
    0x0, 0x0, 0x5, 0xf8, 0x35, 0xf5, 0x33, 0x31,
    0x0, 0x4c, 0xff, 0xff, 0xff, 0xf5,

    /* U+0153 "œ" */
    0x2, 0xbf, 0xc4, 0x2c, 0xfc, 0x20, 0xd, 0xa3,
    0x7f, 0xf9, 0x39, 0xd0, 0x4f, 0x20, 0xe, 0xf0,
    0x1, 0xf3, 0x6f, 0x0, 0xb, 0xfe, 0xee, 0xf6,
    0x4f, 0x20, 0xe, 0xe1, 0x11, 0x10, 0xd, 0xa3,
    0x7f, 0xf9, 0x36, 0xd1, 0x2, 0xbf, 0xc4, 0x2c,
    0xfc, 0x50,

    /* U+0154 "Ŕ" */
    0x0, 0x1, 0xf2, 0x0, 0x0, 0x6, 0x70, 0x0,
    0x0, 0x0, 0x0, 0x0, 0xf, 0xff, 0xfb, 0x20,
    0xf, 0x73, 0x4c, 0xd0, 0xf, 0x40, 0x5, 0xf1,
    0xf, 0x40, 0x1a, 0xe0, 0xf, 0xff, 0xfe, 0x30,
    0xf, 0x62, 0xbc, 0x0, 0xf, 0x40, 0x3f, 0x40,
    0xf, 0x40, 0xc, 0xb0, 0xf, 0x40, 0x4, 0xf3,

    /* U+0155 "ŕ" */
    0x0, 0x4c, 0x0, 0xb, 0x50, 0x0, 0x0, 0x1,
    0xf6, 0xe6, 0x1f, 0xc5, 0x11, 0xf4, 0x0, 0x1f,
    0x20, 0x1, 0xf2, 0x0, 0x1f, 0x20, 0x1, 0xf2,
    0x0,

    /* U+0156 "Ŗ" */
    0xf, 0xff, 0xfb, 0x20, 0xf, 0x73, 0x4c, 0xd0,
    0xf, 0x40, 0x5, 0xf1, 0xf, 0x40, 0x1a, 0xe0,
    0xf, 0xff, 0xfe, 0x30, 0xf, 0x62, 0xbc, 0x0,
    0xf, 0x40, 0x3f, 0x40, 0xf, 0x40, 0xc, 0xb0,
    0xf, 0x40, 0x4, 0xf3, 0x0, 0x3, 0x20, 0x0,
    0x0, 0xc, 0x50, 0x0, 0x0, 0xe, 0x0, 0x0,

    /* U+0157 "ŗ" */
    0x1f, 0x6e, 0x61, 0xfc, 0x51, 0x1f, 0x40, 0x1,
    0xf2, 0x0, 0x1f, 0x20, 0x1, 0xf2, 0x0, 0x1f,
    0x20, 0x0, 0x40, 0x0, 0x4d, 0x0, 0x8, 0x80,
    0x0,

    /* U+0158 "Ř" */
    0x0, 0xd5, 0xa8, 0x0, 0x0, 0x2e, 0xc0, 0x0,
    0x0, 0x0, 0x0, 0x0, 0xf, 0xff, 0xfb, 0x20,
    0xf, 0x73, 0x4c, 0xd0, 0xf, 0x40, 0x5, 0xf1,
    0xf, 0x40, 0x1a, 0xe0, 0xf, 0xff, 0xfe, 0x30,
    0xf, 0x62, 0xbc, 0x0, 0xf, 0x40, 0x3f, 0x40,
    0xf, 0x40, 0xc, 0xb0, 0xf, 0x40, 0x4, 0xf3,

    /* U+0159 "ř" */
    0x27, 0x6, 0x20, 0x8d, 0x90, 0x0, 0x0, 0x1,
    0xf6, 0xe6, 0x1f, 0xc5, 0x11, 0xf4, 0x0, 0x1f,
    0x20, 0x1, 0xf2, 0x0, 0x1f, 0x20, 0x1, 0xf2,
    0x0,

    /* U+015A "Ś" */
    0x0, 0x1, 0xf3, 0x0, 0x0, 0x6, 0x80, 0x0,
    0x0, 0x0, 0x0, 0x0, 0x2, 0xae, 0xea, 0x10,
    0xd, 0xc5, 0x5d, 0xb0, 0x1f, 0x40, 0x3, 0x60,
    0xd, 0xc4, 0x0, 0x0, 0x1, 0x8e, 0xf9, 0x10,
    0x0, 0x0, 0x3c, 0xd0, 0x29, 0x10, 0x4, 0xf1,
    0x1f, 0xb5, 0x6d, 0xd0, 0x3, 0xcf, 0xea, 0x20,

    /* U+015B "ś" */
    0x0, 0x8, 0x80, 0x0, 0xe, 0x10, 0x0, 0x0,
    0x0, 0x6, 0xde, 0xa1, 0x1f, 0x62, 0xa7, 0x1f,
    0x71, 0x0, 0x5, 0xdf, 0xb3, 0x0, 0x1, 0xbc,
    0x3f, 0x52, 0xbc, 0x7, 0xcf, 0xb2,

    /* U+015C "Ŝ" */
    0x0, 0x3d, 0xc1, 0x0, 0x0, 0x72, 0x45, 0x0,
    0x0, 0x0, 0x0, 0x0, 0x2, 0xae, 0xea, 0x10,
    0xd, 0xc5, 0x5d, 0xb0, 0x1f, 0x40, 0x3, 0x60,
    0xd, 0xc4, 0x0, 0x0, 0x1, 0x8e, 0xf9, 0x10,
    0x0, 0x0, 0x3c, 0xd0, 0x29, 0x10, 0x4, 0xf1,
    0x1f, 0xb5, 0x6d, 0xd0, 0x3, 0xcf, 0xea, 0x20,

    /* U+015D "ŝ" */
    0x0, 0xaf, 0x30, 0x6, 0xc3, 0xe1, 0x0, 0x0,
    0x0, 0x6, 0xde, 0xa1, 0x1f, 0x62, 0xa7, 0x1f,
    0x71, 0x0, 0x5, 0xdf, 0xb3, 0x0, 0x1, 0xbc,
    0x3f, 0x52, 0xbc, 0x7, 0xcf, 0xb2,

    /* U+015E "Ş" */
    0x2, 0xae, 0xea, 0x10, 0xd, 0xc5, 0x5d, 0xb0,
    0x1f, 0x40, 0x3, 0x70, 0xd, 0xc4, 0x0, 0x0,
    0x1, 0x9e, 0xe8, 0x10, 0x0, 0x0, 0x3c, 0xc0,
    0x28, 0x10, 0x4, 0xf1, 0x1f, 0xb4, 0x5c, 0xd0,
    0x4, 0xdf, 0xfb, 0x20, 0x0, 0x8, 0x60, 0x0,
    0x0, 0x2, 0xb3, 0x0, 0x0, 0x8, 0xb1, 0x0,

    /* U+015F "ş" */
    0x6, 0xde, 0xa1, 0x1f, 0x62, 0xb7, 0x1f, 0x71,
    0x0, 0x5, 0xdf, 0xb2, 0x0, 0x2, 0xbc, 0x2f,
    0x42, 0xbc, 0x7, 0xdf, 0xb2, 0x0, 0x1b, 0x10,
    0x0, 0x7, 0x90, 0x0, 0x4b, 0x50,

    /* U+0160 "Š" */
    0x0, 0xa8, 0xb6, 0x0, 0x0, 0x7, 0x50, 0x0,
    0x0, 0x0, 0x0, 0x0, 0x2, 0xae, 0xea, 0x10,
    0xd, 0xc5, 0x5d, 0xb0, 0x1f, 0x40, 0x3, 0x60,
    0xd, 0xc4, 0x0, 0x0, 0x1, 0x8e, 0xf9, 0x10,
    0x0, 0x0, 0x3c, 0xd0, 0x29, 0x10, 0x4, 0xf1,
    0x1f, 0xb5, 0x6d, 0xd0, 0x3, 0xcf, 0xea, 0x20,

    /* U+0161 "š" */
    0x6, 0xc3, 0xd1, 0x0, 0xaf, 0x30, 0x0, 0x0,
    0x0, 0x6, 0xde, 0xa1, 0x1f, 0x62, 0xa7, 0x1f,
    0x71, 0x0, 0x5, 0xdf, 0xb3, 0x0, 0x1, 0xbc,
    0x3f, 0x52, 0xbc, 0x7, 0xcf, 0xb2,

    /* U+0162 "Ţ" */
    0x7f, 0xff, 0xff, 0xf4, 0x13, 0x3c, 0xa3, 0x31,
    0x0, 0xb, 0x90, 0x0, 0x0, 0xb, 0x90, 0x0,
    0x0, 0xb, 0x90, 0x0, 0x0, 0xb, 0x90, 0x0,
    0x0, 0xb, 0x90, 0x0, 0x0, 0xb, 0x90, 0x0,
    0x0, 0xb, 0x90, 0x0, 0x0, 0x6, 0x30, 0x0,
    0x0, 0x6, 0xa1, 0x0, 0x0, 0x8, 0xc2, 0x0,

    /* U+0163 "ţ" */
    0xe, 0x50, 0xd, 0xff, 0xa0, 0x1e, 0x61, 0x0,
    0xe5, 0x0, 0xe, 0x50, 0x0, 0xe5, 0x0, 0xd,
    0x91, 0x0, 0x5f, 0xb0, 0x0, 0xb3, 0x0, 0x4,
    0xd0, 0x1, 0xa9, 0x0,

    /* U+0164 "Ť" */
    0x0, 0xc6, 0x99, 0x0, 0x0, 0x1e, 0xd0, 0x0,
    0x0, 0x0, 0x0, 0x0, 0x7f, 0xff, 0xff, 0xf4,
    0x13, 0x3c, 0xa3, 0x31, 0x0, 0xb, 0x90, 0x0,
    0x0, 0xb, 0x90, 0x0, 0x0, 0xb, 0x90, 0x0,
    0x0, 0xb, 0x90, 0x0, 0x0, 0xb, 0x90, 0x0,
    0x0, 0xb, 0x90, 0x0, 0x0, 0xb, 0x90, 0x0,

    /* U+0165 "ť" */
    0x0, 0x5, 0x0, 0x0, 0xe1, 0xb, 0x4e, 0x0,
    0xe5, 0x0, 0xdf, 0xfa, 0x1, 0xe6, 0x10, 0xe,
    0x50, 0x0, 0xe5, 0x0, 0xe, 0x50, 0x0, 0xc9,
    0x10, 0x4, 0xdb, 0x0,

    /* U+0166 "Ŧ" */
    0x7f, 0xff, 0xff, 0xf4, 0x13, 0x3c, 0xa3, 0x31,
    0x0, 0xb, 0x90, 0x0, 0x0, 0xb, 0x90, 0x0,
    0x7, 0xef, 0xfe, 0x50, 0x0, 0x1c, 0xa1, 0x0,
    0x0, 0xb, 0x90, 0x0, 0x0, 0xb, 0x90, 0x0,
    0x0, 0xb, 0x90, 0x0,

    /* U+0167 "ŧ" */
    0x7, 0x20, 0xe, 0x50, 0xdf, 0xfa, 0x1e, 0x61,
    0xcf, 0xf9, 0x1e, 0x61, 0xe, 0x50, 0xc, 0x92,
    0x4, 0xeb,

    /* U+0168 "Ũ" */
    0x0, 0xb, 0x69, 0x20, 0x0, 0x47, 0x7b, 0x0,
    0x0, 0x0, 0x0, 0x0, 0xf, 0x40, 0x0, 0x6e,
    0xf, 0x40, 0x0, 0x6e, 0xf, 0x40, 0x0, 0x6e,
    0xf, 0x40, 0x0, 0x6e, 0xf, 0x40, 0x0, 0x6e,
    0xf, 0x40, 0x0, 0x6e, 0xe, 0x80, 0x0, 0xac,
    0x8, 0xf8, 0x59, 0xf6, 0x0, 0x7d, 0xfd, 0x60,

    /* U+0169 "ũ" */
    0x0, 0xbd, 0xc2, 0x0, 0x0, 0x0, 0x0, 0x1f,
    0x20, 0xe, 0x51, 0xf2, 0x0, 0xe5, 0x1f, 0x20,
    0xe, 0x51, 0xf2, 0x0, 0xe5, 0x1f, 0x40, 0x1f,
    0x50, 0xeb, 0x4a, 0xf5, 0x4, 0xee, 0x5e, 0x50,

    /* U+016A "Ū" */
    0x0, 0x3f, 0xff, 0x10, 0x0, 0x0, 0x0, 0x0,
    0x0, 0x0, 0x0, 0x0, 0xf, 0x40, 0x0, 0x6e,
    0xf, 0x40, 0x0, 0x6e, 0xf, 0x40, 0x0, 0x6e,
    0xf, 0x40, 0x0, 0x6e, 0xf, 0x40, 0x0, 0x6e,
    0xf, 0x40, 0x0, 0x6e, 0xe, 0x80, 0x0, 0xac,
    0x8, 0xf8, 0x59, 0xf6, 0x0, 0x7d, 0xfd, 0x60,

    /* U+016B "ū" */
    0x0, 0xff, 0xf3, 0x0, 0x0, 0x0, 0x0, 0x1f,
    0x20, 0xe, 0x51, 0xf2, 0x0, 0xe5, 0x1f, 0x20,
    0xe, 0x51, 0xf2, 0x0, 0xe5, 0x1f, 0x40, 0x1f,
    0x50, 0xeb, 0x4a, 0xf5, 0x4, 0xee, 0x5e, 0x50,

    /* U+016C "Ŭ" */
    0x0, 0x39, 0xa, 0x20, 0x0, 0x9, 0xd8, 0x0,
    0x0, 0x0, 0x0, 0x0, 0xf, 0x40, 0x0, 0x6e,
    0xf, 0x40, 0x0, 0x6e, 0xf, 0x40, 0x0, 0x6e,
    0xf, 0x40, 0x0, 0x6e, 0xf, 0x40, 0x0, 0x6e,
    0xf, 0x40, 0x0, 0x6e, 0xe, 0x80, 0x0, 0xac,
    0x8, 0xf8, 0x59, 0xf6, 0x0, 0x7d, 0xfd, 0x60,

    /* U+016D "ŭ" */
    0x1, 0xb0, 0x84, 0x0, 0x7, 0xda, 0x0, 0x0,
    0x0, 0x0, 0x1, 0xf2, 0x0, 0xe5, 0x1f, 0x20,
    0xe, 0x51, 0xf2, 0x0, 0xe5, 0x1f, 0x20, 0xe,
    0x51, 0xf4, 0x1, 0xf5, 0xe, 0xb4, 0xaf, 0x50,
    0x4e, 0xe5, 0xe5,

    /* U+016E "Ů" */
    0x0, 0x7, 0xc6, 0x0, 0x0, 0xd, 0xd, 0x0,
    0x0, 0x7, 0xc6, 0x0, 0x0, 0x0, 0x0, 0x0,
    0xf, 0x40, 0x0, 0x6e, 0xf, 0x40, 0x0, 0x6e,
    0xf, 0x40, 0x0, 0x6e, 0xf, 0x40, 0x0, 0x6e,
    0xf, 0x40, 0x0, 0x6e, 0xf, 0x40, 0x0, 0x6e,
    0xe, 0x80, 0x0, 0xac, 0x8, 0xf8, 0x59, 0xf6,
    0x0, 0x7d, 0xfd, 0x60,

    /* U+016F "ů" */
    0x0, 0x4c, 0x70, 0x0, 0xc, 0x1c, 0x0, 0x0,
    0xc1, 0xc0, 0x0, 0x4, 0xc7, 0x0, 0x1f, 0x20,
    0xe, 0x51, 0xf2, 0x0, 0xe5, 0x1f, 0x20, 0xe,
    0x51, 0xf2, 0x0, 0xe5, 0x1f, 0x40, 0x1f, 0x50,
    0xeb, 0x4a, 0xf5, 0x4, 0xee, 0x5e, 0x50,

    /* U+0170 "Ű" */
    0x0, 0xf, 0x3d, 0x60, 0x0, 0x49, 0x4a, 0x0,
    0x0, 0x0, 0x0, 0x0, 0xf, 0x40, 0x0, 0x6e,
    0xf, 0x40, 0x0, 0x6e, 0xf, 0x40, 0x0, 0x6e,
    0xf, 0x40, 0x0, 0x6e, 0xf, 0x40, 0x0, 0x6e,
    0xf, 0x40, 0x0, 0x6e, 0xe, 0x80, 0x0, 0xac,
    0x8, 0xf8, 0x59, 0xf6, 0x0, 0x7d, 0xfd, 0x60,

    /* U+0171 "ű" */
    0x0, 0xa5, 0x88, 0x0, 0x2e, 0x2e, 0x10, 0x0,
    0x0, 0x0, 0x1, 0xf2, 0x0, 0xe5, 0x1f, 0x20,
    0xe, 0x51, 0xf2, 0x0, 0xe5, 0x1f, 0x20, 0xe,
    0x51, 0xf4, 0x1, 0xf5, 0xe, 0xb4, 0xaf, 0x50,
    0x4e, 0xe5, 0xe5,

    /* U+0172 "Ų" */
    0xf, 0x40, 0x0, 0x6e, 0xf, 0x40, 0x0, 0x6e,
    0xf, 0x40, 0x0, 0x6e, 0xf, 0x40, 0x0, 0x6e,
    0xf, 0x40, 0x0, 0x6e, 0xf, 0x40, 0x0, 0x6e,
    0xe, 0x70, 0x0, 0x9d, 0x8, 0xf7, 0x48, 0xf9,
    0x0, 0x8d, 0xff, 0xd1, 0x0, 0x3, 0xf8, 0x0,
    0x0, 0x8, 0xc0, 0x0, 0x0, 0x3, 0xda, 0x0,

    /* U+0173 "ų" */
    0x1f, 0x20, 0xe, 0x51, 0xf2, 0x0, 0xe5, 0x1f,
    0x20, 0xe, 0x51, 0xf2, 0x0, 0xe5, 0x1f, 0x40,
    0x1f, 0x50, 0xeb, 0x4a, 0xf5, 0x4, 0xee, 0x5e,
    0x50, 0x0, 0x7, 0xc0, 0x0, 0x0, 0xc7, 0x0,
    0x0, 0x6, 0xe7,

    /* U+0174 "Ŵ" */
    0x0, 0x0, 0xd, 0xd1, 0x0, 0x0, 0x0, 0x0,
    0xa8, 0x7b, 0x0, 0x0, 0x0, 0x0, 0x0, 0x0,
    0x0, 0x0, 0x9d, 0x0, 0xd, 0xd0, 0x0, 0xc9,
    0x4f, 0x10, 0x1f, 0xf1, 0x0, 0xf5, 0xf, 0x40,
    0x5d, 0xc5, 0x4, 0xf1, 0xc, 0x80, 0x99, 0x99,
    0x8, 0xc0, 0x8, 0xc0, 0xd5, 0x5d, 0xc, 0x80,
    0x4, 0xf2, 0xf1, 0x1f, 0x2f, 0x40, 0x0, 0xf8,
    0xd0, 0xd, 0x8f, 0x0, 0x0, 0xbe, 0x90, 0x9,
    0xec, 0x0, 0x0, 0x7f, 0x50, 0x5, 0xf7, 0x0,

    /* U+0175 "ŵ" */
    0x0, 0x0, 0x66, 0x0, 0x0, 0x0, 0x9, 0x9a,
    0x80, 0x0, 0x0, 0x0, 0x0, 0x0, 0x0, 0x8c,
    0x0, 0xcb, 0x0, 0xe7, 0x4f, 0x10, 0xff, 0x1,
    0xf2, 0xf, 0x54, 0xcd, 0x35, 0xe0, 0xb, 0x88,
    0x89, 0x79, 0x90, 0x6, 0xcb, 0x45, 0xbd, 0x50,
    0x2, 0xfe, 0x1, 0xef, 0x10, 0x0, 0xdb, 0x0,
    0xcc, 0x0,

    /* U+0176 "Ŷ" */
    0x0, 0xb, 0xd2, 0x0, 0x0, 0x7, 0xa4, 0xc0,
    0x0, 0x0, 0x0, 0x0, 0x0, 0x6, 0xf2, 0x0,
    0xc, 0xc0, 0xc, 0xb0, 0x5, 0xf3, 0x0, 0x3f,
    0x40, 0xe9, 0x0, 0x0, 0xac, 0x6e, 0x10, 0x0,
    0x1, 0xff, 0x60, 0x0, 0x0, 0x8, 0xe0, 0x0,
    0x0, 0x0, 0x7d, 0x0, 0x0, 0x0, 0x7, 0xd0,
    0x0, 0x0, 0x0, 0x7d, 0x0, 0x0,

    /* U+0177 "ŷ" */
    0x0, 0x27, 0x10, 0x0, 0xc, 0xac, 0x0, 0x3,
    0x60, 0x62, 0x9, 0xd0, 0x0, 0xe7, 0x3f, 0x20,
    0x3f, 0x10, 0xd7, 0x8, 0xc0, 0x8, 0xc0, 0xd6,
    0x0, 0x2f, 0x3f, 0x10, 0x0, 0xdb, 0xb0, 0x0,
    0x7, 0xf6, 0x0, 0x0, 0x5f, 0x10, 0x0, 0x4c,
    0x90, 0x0, 0x1f, 0xb1, 0x0, 0x0,

    /* U+0178 "Ÿ" */
    0x0, 0xa7, 0x2e, 0x10, 0x0, 0x5, 0x30, 0x70,
    0x0, 0x0, 0x0, 0x0, 0x0, 0x6, 0xf2, 0x0,
    0xc, 0xc0, 0xc, 0xb0, 0x5, 0xf3, 0x0, 0x3f,
    0x40, 0xe9, 0x0, 0x0, 0xac, 0x6e, 0x10, 0x0,
    0x1, 0xff, 0x60, 0x0, 0x0, 0x8, 0xe0, 0x0,
    0x0, 0x0, 0x7d, 0x0, 0x0, 0x0, 0x7, 0xd0,
    0x0, 0x0, 0x0, 0x7d, 0x0, 0x0,

    /* U+0179 "Ź" */
    0x0, 0x1, 0xf2, 0x0, 0x0, 0x67, 0x0, 0x0,
    0x0, 0x0, 0x4, 0xff, 0xff, 0xff, 0x3, 0x33,
    0x3e, 0x90, 0x0, 0x8, 0xd0, 0x0, 0x3, 0xf3,
    0x0, 0x0, 0xd9, 0x0, 0x0, 0x8d, 0x0, 0x0,
    0x3f, 0x30, 0x0, 0xd, 0xa2, 0x22, 0x24, 0xff,
    0xff, 0xff,

    /* U+017A "ź" */
    0x0, 0x7, 0x90, 0x0, 0xe, 0x20, 0x0, 0x0,
    0x0, 0x2f, 0xff, 0xfd, 0x2, 0x23, 0xf7, 0x0,
    0xa, 0xc0, 0x0, 0x6f, 0x20, 0x2, 0xf5, 0x0,
    0xd, 0xc3, 0x22, 0x4f, 0xff, 0xff,

    /* U+017B "Ż" */
    0x0, 0xc, 0x70, 0x0, 0x0, 0x63, 0x0, 0x0,
    0x0, 0x0, 0x4, 0xff, 0xff, 0xff, 0x3, 0x33,
    0x3e, 0x90, 0x0, 0x8, 0xd0, 0x0, 0x3, 0xf3,
    0x0, 0x0, 0xd9, 0x0, 0x0, 0x8d, 0x0, 0x0,
    0x3f, 0x30, 0x0, 0xd, 0xa2, 0x22, 0x24, 0xff,
    0xff, 0xff,

    /* U+017C "ż" */
    0x0, 0x5d, 0x0, 0x0, 0x27, 0x0, 0x2f, 0xff,
    0xfd, 0x2, 0x23, 0xf7, 0x0, 0xa, 0xc0, 0x0,
    0x6f, 0x20, 0x2, 0xf5, 0x0, 0xd, 0xc3, 0x22,
    0x4f, 0xff, 0xff,

    /* U+017D "Ž" */
    0x0, 0xd5, 0xa8, 0x0, 0x2, 0xec, 0x0, 0x0,
    0x0, 0x0, 0x4, 0xff, 0xff, 0xff, 0x3, 0x33,
    0x3e, 0x90, 0x0, 0x8, 0xd0, 0x0, 0x3, 0xf3,
    0x0, 0x0, 0xd9, 0x0, 0x0, 0x8d, 0x0, 0x0,
    0x3f, 0x30, 0x0, 0xd, 0xa2, 0x22, 0x24, 0xff,
    0xff, 0xff,

    /* U+017E "ž" */
    0x4, 0x50, 0x70, 0x0, 0xbd, 0x50, 0x0, 0x0,
    0x0, 0x2f, 0xff, 0xfd, 0x2, 0x23, 0xf7, 0x0,
    0xa, 0xc0, 0x0, 0x6f, 0x20, 0x2, 0xf5, 0x0,
    0xd, 0xc3, 0x22, 0x4f, 0xff, 0xff,

    /* U+017F "ſ" */
    0x7, 0xeb, 0x1f, 0x72, 0x1f, 0x20, 0x1f, 0x20,
    0x1f, 0x20, 0x1f, 0x20, 0x1f, 0x20, 0x1f, 0x20,
    0x1f, 0x20,

    /* U+0180 "ƀ" */
    0xef, 0xfe, 0x0, 0x1, 0xf2, 0x0, 0x0, 0x1f,
    0x6d, 0xe8, 0x1, 0xfc, 0x35, 0xf6, 0x1f, 0x60,
    0xb, 0xb1, 0xf3, 0x0, 0x8d, 0x1f, 0x60, 0xb,
    0xb1, 0xfc, 0x36, 0xf6, 0x1f, 0x5c, 0xe8, 0x0,

    /* U+0181 "Ɓ" */
    0x2d, 0xff, 0xff, 0xea, 0x0, 0x9c, 0x5f, 0x53,
    0x6e, 0x80, 0x43, 0x2f, 0x20, 0xa, 0xb0, 0x0,
    0x2f, 0x20, 0x2e, 0x60, 0x0, 0x2f, 0xff, 0xfb,
    0x0, 0x0, 0x2f, 0x42, 0x4c, 0xc0, 0x0, 0x2f,
    0x20, 0x5, 0xf1, 0x0, 0x2f, 0x53, 0x4b, 0xe0,
    0x0, 0x2f, 0xff, 0xfc, 0x30,

    /* U+0182 "Ƃ" */
    0xf, 0xff, 0xff, 0x60, 0xf, 0x73, 0x33, 0x10,
    0xf, 0x40, 0x0, 0x0, 0xf, 0xff, 0xfb, 0x30,
    0xf, 0x62, 0x3b, 0xe0, 0xf, 0x40, 0x2, 0xf3,
    0xf, 0x40, 0x3, 0xf3, 0xf, 0x62, 0x3c, 0xd0,
    0xf, 0xff, 0xfb, 0x20,

    /* U+0183 "ƃ" */
    0x1f, 0xff, 0xfd, 0x1, 0xf3, 0x11, 0x10, 0x1f,
    0x6d, 0xe8, 0x1, 0xfc, 0x35, 0xf6, 0x1f, 0x60,
    0xb, 0xb1, 0xf3, 0x0, 0x8d, 0x1f, 0x60, 0xb,
    0xb1, 0xfc, 0x36, 0xf6, 0x1f, 0x5c, 0xe8, 0x0,

    /* U+0184 "Ƅ" */
    0x8, 0xff, 0x20, 0x0, 0x0, 0x2f, 0x7f, 0x20,
    0x0, 0x0, 0x69, 0x3f, 0x20, 0x0, 0x0, 0x0,
    0x3f, 0xff, 0xea, 0x10, 0x0, 0x3f, 0x42, 0x5d,
    0xb0, 0x0, 0x3f, 0x20, 0x5, 0xf0, 0x0, 0x3f,
    0x20, 0x6, 0xf0, 0x0, 0x3f, 0x42, 0x4d, 0xb0,
    0x0, 0x3f, 0xff, 0xea, 0x10,

    /* U+0185 "ƅ" */
    0xa, 0xfd, 0x0, 0x0, 0x4e, 0x7d, 0x0, 0x0,
    0x45, 0x6f, 0xff, 0xc2, 0x0, 0x6e, 0x23, 0xcc,
    0x0, 0x6d, 0x0, 0x6f, 0x0, 0x6e, 0x23, 0xcc,
    0x0, 0x6f, 0xff, 0xc2,

    /* U+0186 "Ɔ" */
    0x0, 0x9e, 0xeb, 0x30, 0x0, 0xbe, 0x75, 0xbf,
    0x30, 0x3f, 0x40, 0x0, 0xbb, 0x0, 0x0, 0x0,
    0x5, 0xf0, 0x0, 0x0, 0x0, 0x3f, 0x10, 0x0,
    0x0, 0x5, 0xf0, 0x3f, 0x40, 0x0, 0xbb, 0x0,
    0xbe, 0x75, 0xbf, 0x30, 0x0, 0x9e, 0xeb, 0x30,
    0x0,

    /* U+0187 "Ƈ" */
    0x0, 0x0, 0x0, 0x5, 0xe7, 0x0, 0x0, 0x0,
    0xe, 0x73, 0x0, 0x5c, 0xfd, 0x7f, 0x20, 0x6,
    0xf9, 0x58, 0xff, 0x20, 0xe, 0x80, 0x0, 0x7f,
    0x20, 0x3f, 0x20, 0x0, 0x0, 0x0, 0x4f, 0x0,
    0x0, 0x0, 0x0, 0x3f, 0x20, 0x0, 0x0, 0x0,
    0xe, 0x80, 0x0, 0x7f, 0x0, 0x6, 0xf9, 0x58,
    0xf8, 0x0, 0x0, 0x5c, 0xfd, 0x70, 0x0,

    /* U+0188 "ƈ" */
    0x0, 0x0, 0xb, 0xc0, 0x2b, 0xfe, 0xf0, 0xd,
    0xa3, 0x8f, 0x34, 0xf2, 0x0, 0x30, 0x6f, 0x0,
    0x0, 0x4, 0xf2, 0x0, 0x40, 0xd, 0xa3, 0x8f,
    0x20, 0x2b, 0xfd, 0x50,

    /* U+0189 "Ɖ" */
    0xc, 0xff, 0xec, 0x40, 0x0, 0xca, 0x34, 0x9f,
    0x50, 0xc, 0x80, 0x0, 0x8d, 0x0, 0xc8, 0x0,
    0x2, 0xf1, 0xcf, 0xfe, 0xa0, 0x1f, 0x31, 0xc9,
    0x11, 0x2, 0xf1, 0xc, 0x80, 0x0, 0x9d, 0x0,
    0xca, 0x35, 0x9f, 0x50, 0xc, 0xff, 0xeb, 0x30,
    0x0,

    /* U+018A "Ɗ" */
    0x2d, 0xff, 0xff, 0xd9, 0x10, 0x9c, 0x5f, 0x53,
    0x5c, 0xd0, 0x43, 0x2f, 0x20, 0x0, 0xe7, 0x0,
    0x2f, 0x20, 0x0, 0x9b, 0x0, 0x2f, 0x20, 0x0,
    0x7d, 0x0, 0x2f, 0x20, 0x0, 0x9b, 0x0, 0x2f,
    0x20, 0x0, 0xe7, 0x0, 0x2f, 0x53, 0x6d, 0xd0,
    0x0, 0x2f, 0xff, 0xd9, 0x10,

    /* U+018B "Ƌ" */
    0x6, 0xff, 0xff, 0xf0, 0x1, 0x33, 0x38, 0xf0,
    0x0, 0x0, 0x6, 0xf0, 0x2, 0xbf, 0xff, 0xf0,
    0xe, 0xc4, 0x38, 0xf0, 0x3f, 0x40, 0x6, 0xf0,
    0x3f, 0x50, 0x6, 0xf0, 0xd, 0xc4, 0x38, 0xf0,
    0x2, 0xbf, 0xff, 0xf0,

    /* U+018C "ƌ" */
    0x6, 0xff, 0xff, 0x80, 0x1, 0x11, 0xc8, 0x3,
    0xcf, 0x9b, 0x80, 0xea, 0x38, 0xf8, 0x4f, 0x20,
    0xf, 0x86, 0xf0, 0x0, 0xc8, 0x4f, 0x20, 0xf,
    0x80, 0xea, 0x38, 0xf8, 0x3, 0xde, 0x8b, 0x80,

    /* U+018D "ƍ" */
    0x2, 0xcf, 0xc2, 0x0, 0xea, 0x3b, 0xd0, 0x4f,
    0x20, 0x3f, 0x36, 0xf0, 0x0, 0xf5, 0x5f, 0x10,
    0x2f, 0x41, 0xf8, 0x8, 0xd0, 0x6, 0xfe, 0xa1,
    0x0, 0x8, 0xf3, 0x0, 0x1, 0x2b, 0xe1, 0x0,
    0xcf, 0xff, 0x90,

    /* U+018E "Ǝ" */
    0x4f, 0xff, 0xff, 0x40, 0x33, 0x34, 0xf4, 0x0,
    0x0, 0xf, 0x40, 0x0, 0x0, 0xf4, 0xe, 0xff,
    0xff, 0x40, 0x22, 0x23, 0xf4, 0x0, 0x0, 0xf,
    0x40, 0x33, 0x34, 0xf4, 0x3f, 0xff, 0xff, 0x40,

    /* U+018F "Ə" */
    0x0, 0x8d, 0xfc, 0x40, 0x0, 0xaf, 0x85, 0x9f,
    0x50, 0x1b, 0x40, 0x0, 0x7e, 0x0, 0x0, 0x0,
    0x1, 0xf2, 0x4f, 0xff, 0xff, 0xff, 0x43, 0xf3,
    0x22, 0x25, 0xf2, 0x1f, 0x60, 0x0, 0x9e, 0x0,
    0x8f, 0x85, 0x9f, 0x60, 0x0, 0x7d, 0xfc, 0x50,
    0x0,

    /* U+0190 "Ɛ" */
    0x1, 0xbf, 0xd7, 0x0, 0xbc, 0x47, 0xf5, 0xf,
    0x60, 0x6, 0x40, 0xab, 0x10, 0x0, 0x1, 0xdf,
    0xa0, 0x0, 0xeb, 0x41, 0x0, 0x4f, 0x20, 0x3,
    0x41, 0xfb, 0x46, 0xf9, 0x3, 0xcf, 0xe9, 0x0,

    /* U+0191 "Ƒ" */
    0x0, 0xff, 0xff, 0xf6, 0x0, 0xf7, 0x33, 0x31,
    0x0, 0xf4, 0x0, 0x0, 0x0, 0xf4, 0x0, 0x0,
    0x0, 0xff, 0xff, 0xf0, 0x0, 0xf6, 0x22, 0x20,
    0x0, 0xf4, 0x0, 0x0, 0x0, 0xf4, 0x0, 0x0,
    0x0, 0xf4, 0x0, 0x0, 0x0, 0xf4, 0x0, 0x0,
    0x5, 0xf2, 0x0, 0x0, 0x3f, 0x90, 0x0, 0x0,

    /* U+0192 "ƒ" */
    0x0, 0xae, 0x90, 0x4f, 0x51, 0x5f, 0xff, 0x30,
    0x6f, 0x10, 0x5, 0xf0, 0x0, 0x5f, 0x0, 0x5,
    0xf0, 0x0, 0x5f, 0x0, 0x5, 0xf0, 0x0, 0x5f,
    0x0, 0x2a, 0xd0, 0xa, 0xe4, 0x0,

    /* U+0193 "Ɠ" */
    0x0, 0x0, 0x0, 0x6, 0xe6, 0x0, 0x0, 0x0,
    0xf, 0x71, 0x0, 0x5c, 0xfc, 0xaf, 0x30, 0x6,
    0xf9, 0x58, 0xff, 0x30, 0xe, 0x80, 0x0, 0x5b,
    0x20, 0x3f, 0x20, 0x0, 0x0, 0x0, 0x4f, 0x0,
    0x2f, 0xff, 0x40, 0x3f, 0x20, 0x2, 0x4f, 0x30,
    0xe, 0x80, 0x0, 0x6f, 0x0, 0x6, 0xf9, 0x57,
    0xf8, 0x0, 0x0, 0x5c, 0xfd, 0x70, 0x0,

    /* U+0194 "Ɣ" */
    0x9e, 0x0, 0x0, 0xd9, 0x2f, 0x40, 0x4, 0xf3,
    0xb, 0xb0, 0xa, 0xc0, 0x4, 0xf1, 0x1f, 0x50,
    0x0, 0xd8, 0x7e, 0x0, 0x0, 0x7e, 0xe7, 0x0,
    0x0, 0x1f, 0xf1, 0x0, 0x0, 0xc, 0xc0, 0x0,
    0x0, 0x2f, 0xf2, 0x0, 0x0, 0x8c, 0xc8, 0x0,
    0x0, 0xbb, 0xbb, 0x0, 0x0, 0x4d, 0xd4, 0x0,

    /* U+0195 "ƕ" */
    0x1f, 0x20, 0x0, 0x0, 0x0, 0x1, 0xf2, 0x0,
    0x0, 0x0, 0x0, 0x1f, 0x6d, 0xe8, 0x0, 0xa,
    0xa1, 0xfb, 0x37, 0xf3, 0x0, 0xa9, 0x1f, 0x40,
    0xf, 0x60, 0xb, 0x81, 0xf2, 0x0, 0xe6, 0x0,
    0xd7, 0x1f, 0x20, 0xd, 0x70, 0x2f, 0x21, 0xf2,
    0x0, 0xac, 0x4b, 0xc0, 0x1f, 0x20, 0x1, 0xcf,
    0xb1, 0x0,

    /* U+0196 "Ɩ" */
    0x1f, 0x20, 0x1f, 0x20, 0x1f, 0x20, 0x1f, 0x20,
    0x1f, 0x20, 0x1f, 0x20, 0x1f, 0x20, 0x1f, 0x60,
    0x9, 0xf3,

    /* U+0197 "Ɨ" */
    0x9, 0xb0, 0x0, 0x9b, 0x0, 0x9, 0xb0, 0x0,
    0x9b, 0x0, 0xbe, 0xfc, 0x0, 0x9b, 0x0, 0x9,
    0xb0, 0x0, 0x9b, 0x0, 0x9, 0xb0, 0x0,

    /* U+0198 "Ƙ" */
    0x0, 0x0, 0x0, 0x0, 0x0, 0xf4, 0x0, 0x4e,
    0xf1, 0xf, 0x40, 0x2f, 0xa2, 0x0, 0xf4, 0x1e,
    0xa0, 0x0, 0xf, 0x5d, 0xb0, 0x0, 0x0, 0xfe,
    0xf8, 0x0, 0x0, 0xf, 0xe6, 0xf4, 0x0, 0x0,
    0xf5, 0x9, 0xe1, 0x0, 0xf, 0x40, 0xc, 0xb0,
    0x0, 0xf4, 0x0, 0x2f, 0x80,

    /* U+0199 "ƙ" */
    0x8, 0xe6, 0x0, 0x1, 0xf5, 0x0, 0x0, 0x1f,
    0x20, 0x9e, 0x11, 0xf2, 0x7e, 0x20, 0x1f, 0x7f,
    0x40, 0x1, 0xff, 0xf2, 0x0, 0x1f, 0x4c, 0xc0,
    0x1, 0xf2, 0x2f, 0x80, 0x1f, 0x20, 0x5f, 0x30,

    /* U+019A "ƚ" */
    0x1, 0xf2, 0x0, 0x1f, 0x20, 0x1, 0xf2, 0x0,
    0x1f, 0x20, 0x7f, 0xff, 0x70, 0x1f, 0x20, 0x1,
    0xf2, 0x0, 0x1f, 0x20, 0x1, 0xf2, 0x0,

    /* U+019B "ƛ" */
    0xe, 0xd2, 0x20, 0x0, 0x4, 0xef, 0x70, 0x0,
    0x3, 0x9f, 0x20, 0x0, 0x0, 0xae, 0x80, 0x0,
    0x1, 0xf6, 0xe0, 0x0, 0x6, 0xd0, 0xe5, 0x0,
    0xc, 0x80, 0x8b, 0x0, 0x2f, 0x20, 0x2f, 0x30,
    0x8d, 0x0, 0x6, 0xe9,

    /* U+019C "Ɯ" */
    0xf, 0x50, 0x2f, 0x30, 0x4f, 0x10, 0xf5, 0x2,
    0xf3, 0x4, 0xf1, 0xf, 0x50, 0x2f, 0x30, 0x4f,
    0x10, 0xf5, 0x2, 0xf3, 0x4, 0xf1, 0xf, 0x50,
    0x2f, 0x30, 0x4f, 0x10, 0xf5, 0x2, 0xf3, 0x4,
    0xf1, 0xf, 0x60, 0x2f, 0x40, 0x4f, 0x10, 0xdc,
    0x4b, 0xfa, 0x4c, 0xf1, 0x4, 0xee, 0x75, 0xee,
    0x9f, 0x10,

    /* U+019D "Ɲ" */
    0x0, 0xfc, 0x0, 0x3, 0xf1, 0x0, 0xff, 0x60,
    0x3, 0xf1, 0x0, 0xf9, 0xf1, 0x3, 0xf1, 0x0,
    0xf4, 0xca, 0x3, 0xf1, 0x0, 0xf5, 0x3f, 0x43,
    0xf1, 0x0, 0xf5, 0x9, 0xd4, 0xf1, 0x0, 0xf5,
    0x1, 0xea, 0xf1, 0x0, 0xf5, 0x0, 0x5f, 0xf1,
    0x0, 0xf5, 0x0, 0xb, 0xf1, 0x0, 0xf4, 0x0,
    0x0, 0x0, 0x5, 0xf3, 0x0, 0x0, 0x0, 0x3f,
    0xa0, 0x0, 0x0, 0x0,

    /* U+019E "ƞ" */
    0x1f, 0x5d, 0xe7, 0x1, 0xfb, 0x49, 0xf2, 0x1f,
    0x40, 0x1f, 0x51, 0xf2, 0x0, 0xe5, 0x1f, 0x20,
    0xe, 0x51, 0xf2, 0x0, 0xe5, 0x1f, 0x20, 0xe,
    0x50, 0x0, 0x0, 0xe5, 0x0, 0x0, 0xe, 0x50,
    0x0, 0x0, 0xe5,

    /* U+019F "Ɵ" */
    0x0, 0x4c, 0xfd, 0x70, 0x0, 0x6f, 0x95, 0x7f,
    0x90, 0xe, 0x80, 0x0, 0x5f, 0x22, 0xf2, 0x0,
    0x0, 0xe5, 0x4f, 0xfe, 0xee, 0xef, 0x72, 0xf3,
    0x11, 0x12, 0xe5, 0xe, 0x70, 0x0, 0x4f, 0x20,
    0x6f, 0x95, 0x7f, 0x90, 0x0, 0x5c, 0xfd, 0x70,
    0x0,

    /* U+01A0 "Ơ" */
    0x0, 0x0, 0x0, 0x2, 0x20, 0x0, 0x0, 0x0,
    0xa8, 0x0, 0x4c, 0xff, 0xfe, 0x40, 0x6e, 0x40,
    0x3d, 0x90, 0xe, 0x60, 0x0, 0x3f, 0x22, 0xf1,
    0x0, 0x0, 0xe5, 0x4f, 0x0, 0x0, 0xd, 0x72,
    0xf2, 0x0, 0x0, 0xf5, 0xe, 0x80, 0x0, 0x5f,
    0x20, 0x6f, 0x95, 0x8f, 0x90, 0x0, 0x5c, 0xfd,
    0x70, 0x0,

    /* U+01A1 "ơ" */
    0x0, 0x0, 0x0, 0x30, 0x0, 0x0, 0x3e, 0x2,
    0xbf, 0xff, 0x90, 0xe9, 0x26, 0xe1, 0x4f, 0x10,
    0xd, 0x76, 0xf0, 0x0, 0xba, 0x4f, 0x20, 0xe,
    0x80, 0xda, 0x37, 0xf3, 0x2, 0xbf, 0xd5, 0x0,

    /* U+01A2 "Ƣ" */
    0x0, 0x7d, 0xfd, 0x87, 0xeb, 0x8, 0xe5, 0x25,
    0xfe, 0xeb, 0x1f, 0x60, 0x0, 0xe7, 0xab, 0x3f,
    0x30, 0x0, 0xe7, 0xab, 0x4f, 0x20, 0x0, 0xe7,
    0xab, 0x3f, 0x30, 0x0, 0xe7, 0xab, 0x1f, 0x70,
    0x0, 0xe7, 0xab, 0x8, 0xf7, 0x47, 0xf6, 0xab,
    0x0, 0x7d, 0xfc, 0x60, 0xab, 0x0, 0x0, 0x0,
    0x0, 0xab, 0x0, 0x0, 0x0, 0x0, 0xab, 0x0,
    0x0, 0x0, 0x0, 0xab,

    /* U+01A3 "ƣ" */
    0x4, 0xdf, 0xb7, 0xe9, 0x1f, 0x73, 0xef, 0xf9,
    0x6f, 0x0, 0xd9, 0xc9, 0x8d, 0x0, 0xd8, 0xc9,
    0x7f, 0x0, 0xd8, 0xc9, 0x2f, 0x84, 0xe8, 0xc9,
    0x4, 0xde, 0xb1, 0xc9, 0x0, 0x0, 0x0, 0xc9,
    0x0, 0x0, 0x0, 0xc9, 0x0, 0x0, 0x0, 0xc9,

    /* U+01A4 "Ƥ" */
    0x2d, 0xff, 0xff, 0xe9, 0x9, 0xc5, 0xf5, 0x35,
    0xe8, 0x43, 0x2f, 0x20, 0x9, 0xd0, 0x2, 0xf2,
    0x0, 0x8e, 0x0, 0x2f, 0x20, 0x2d, 0xa0, 0x2,
    0xff, 0xff, 0xc1, 0x0, 0x2f, 0x52, 0x10, 0x0,
    0x2, 0xf2, 0x0, 0x0, 0x0, 0x2f, 0x20, 0x0,
    0x0,

    /* U+01A5 "ƥ" */
    0x7, 0xe6, 0x0, 0x0, 0xf5, 0x0, 0x0, 0x1f,
    0x6d, 0xe8, 0x1, 0xfc, 0x35, 0xf6, 0x1f, 0x60,
    0xb, 0xb1, 0xf3, 0x0, 0x8d, 0x1f, 0x60, 0xb,
    0xb1, 0xfc, 0x36, 0xf6, 0x1f, 0x6c, 0xe8, 0x1,
    0xf2, 0x0, 0x0, 0x1f, 0x20, 0x0, 0x1, 0xf2,
    0x0, 0x0,

    /* U+01A6 "Ʀ" */
    0x4d, 0x10, 0x0, 0x0, 0x5, 0xff, 0xfe, 0x80,
    0x0, 0x5f, 0x44, 0x8f, 0x70, 0x5, 0xf1, 0x0,
    0xca, 0x0, 0x5f, 0x10, 0x4f, 0x70, 0x5, 0xff,
    0xff, 0x90, 0x0, 0x5f, 0x44, 0xf6, 0x0, 0x5,
    0xf1, 0xa, 0xe0, 0x0, 0x5f, 0x10, 0x2f, 0x60,
    0x5, 0xf1, 0x0, 0x9e, 0x0, 0x0, 0x0, 0x1,
    0xf7, 0x0, 0x0, 0x0, 0x9, 0xe1,

    /* U+01A7 "Ƨ" */
    0x3, 0xbf, 0xe9, 0x0, 0xe, 0xb5, 0x6e, 0x90,
    0x17, 0x10, 0x8, 0xd0, 0x0, 0x1, 0x6e, 0x90,
    0x3, 0xbf, 0xc6, 0x0, 0x1f, 0x91, 0x0, 0x0,
    0x5f, 0x0, 0x3, 0x90, 0x1f, 0xb5, 0x6d, 0xc0,
    0x3, 0xcf, 0xea, 0x10,

    /* U+01A8 "ƨ" */
    0x6, 0xcf, 0xb1, 0x1d, 0x42, 0xd9, 0x0, 0x3,
    0xd8, 0x8, 0xff, 0x91, 0x4f, 0x40, 0x0, 0x4f,
    0x52, 0xcb, 0x7, 0xee, 0xa2,

    /* U+01A9 "Ʃ" */
    0x1f, 0xff, 0xff, 0xf6, 0xb, 0xe4, 0x22, 0x21,
    0x0, 0xbd, 0x10, 0x0, 0x0, 0xb, 0xc0, 0x0,
    0x0, 0x2, 0xf5, 0x0, 0x0, 0x2e, 0x90, 0x0,
    0x1, 0xda, 0x0, 0x0, 0x1d, 0xc3, 0x22, 0x21,
    0x5f, 0xff, 0xff, 0xf7,

    /* U+01AA "ƪ" */
    0x7, 0xed, 0x30, 0x2, 0xf7, 0xad, 0x0, 0x3f,
    0x37, 0xf0, 0x0, 0xaf, 0xff, 0x0, 0x0, 0x27,
    0xf0, 0x0, 0x0, 0x5f, 0x0, 0x0, 0x5, 0xf0,
    0x0, 0x0, 0x5f, 0x0, 0x0, 0x5, 0xf0, 0x0,
    0x0, 0x5f, 0x0, 0x0, 0x4, 0xf6, 0x0, 0x0,
    0xa, 0xf3,

    /* U+01AB "ƫ" */
    0xe, 0x50, 0xd, 0xff, 0xa0, 0x1e, 0x61, 0x0,
    0xe5, 0x0, 0xe, 0x50, 0x0, 0xe5, 0x0, 0xd,
    0x60, 0x0, 0x8f, 0xa0, 0x0, 0x7e, 0x0, 0x18,
    0xf0, 0xa, 0xe6, 0x0,

    /* U+01AC "Ƭ" */
    0x1c, 0xff, 0xff, 0xf8, 0x7d, 0x39, 0xd3, 0x31,
    0x34, 0x7, 0xd0, 0x0, 0x0, 0x7, 0xd0, 0x0,
    0x0, 0x7, 0xd0, 0x0, 0x0, 0x7, 0xd0, 0x0,
    0x0, 0x7, 0xd0, 0x0, 0x0, 0x7, 0xd0, 0x0,
    0x0, 0x7, 0xd0, 0x0,

    /* U+01AD "ƭ" */
    0x6, 0xea, 0xe, 0x81, 0xdf, 0xfa, 0xe, 0x50,
    0xe, 0x40, 0xe, 0x40, 0xe, 0x50, 0xd, 0x92,
    0x5, 0xda,

    /* U+01AE "Ʈ" */
    0x7f, 0xff, 0xff, 0xf4, 0x13, 0x3c, 0xa3, 0x31,
    0x0, 0xb, 0x90, 0x0, 0x0, 0xb, 0x90, 0x0,
    0x0, 0xb, 0x90, 0x0, 0x0, 0xb, 0x90, 0x0,
    0x0, 0xb, 0x90, 0x0, 0x0, 0xb, 0x90, 0x0,
    0x0, 0xb, 0x90, 0x0, 0x0, 0xb, 0x90, 0x0,
    0x0, 0xa, 0xb2, 0x0, 0x0, 0x3, 0xcd, 0x0,

    /* U+01AF "Ư" */
    0x0, 0x0, 0x0, 0x0, 0x40, 0x0, 0x0, 0x0,
    0x3f, 0xf, 0x40, 0x0, 0x6f, 0xa0, 0xf4, 0x0,
    0x6, 0xe0, 0xf, 0x40, 0x0, 0x6e, 0x0, 0xf4,
    0x0, 0x6, 0xe0, 0xf, 0x40, 0x0, 0x6e, 0x0,
    0xf4, 0x0, 0x6, 0xe0, 0xe, 0x80, 0x0, 0xac,
    0x0, 0x8f, 0x85, 0x9f, 0x60, 0x0, 0x7d, 0xfd,
    0x60, 0x0,

    /* U+01B0 "ư" */
    0x0, 0x0, 0x0, 0x42, 0x0, 0x0, 0x0, 0xb5,
    0x1f, 0x20, 0xe, 0xe2, 0x1f, 0x20, 0xe, 0x50,
    0x1f, 0x20, 0xe, 0x50, 0x1f, 0x20, 0xe, 0x50,
    0x1f, 0x40, 0x1f, 0x50, 0xe, 0xb4, 0xaf, 0x50,
    0x4, 0xee, 0x5e, 0x50,

    /* U+01B1 "Ʊ" */
    0x5f, 0xfe, 0xa, 0xff, 0x91, 0x4d, 0xb0, 0x7f,
    0x62, 0xa, 0xb0, 0x0, 0x8d, 0x0, 0xf3, 0x0,
    0x0, 0xf4, 0x4f, 0x0, 0x0, 0xc, 0x83, 0xf1,
    0x0, 0x0, 0xe7, 0xf, 0x80, 0x0, 0x5f, 0x30,
    0x6f, 0x95, 0x8f, 0xa0, 0x0, 0x5c, 0xfd, 0x70,
    0x0,

    /* U+01B2 "Ʋ" */
    0x5f, 0x10, 0xae, 0x50, 0x5f, 0x10, 0x3b, 0xf0,
    0x5f, 0x10, 0x6, 0xf1, 0x5f, 0x10, 0x5, 0xf1,
    0x5f, 0x10, 0x5, 0xf1, 0x5f, 0x10, 0x5, 0xf1,
    0x4f, 0x40, 0x8, 0xf0, 0xe, 0xc5, 0x6e, 0xa0,
    0x2, 0xbf, 0xe9, 0x0,

    /* U+01B3 "Ƴ" */
    0x0, 0x0, 0x0, 0x0, 0x5, 0xf2, 0x0, 0x7,
    0xf7, 0xc, 0xb0, 0x3, 0xf5, 0x0, 0x2f, 0x40,
    0xca, 0x0, 0x0, 0x9d, 0x6f, 0x10, 0x0, 0x0,
    0xef, 0x60, 0x0, 0x0, 0x7, 0xe0, 0x0, 0x0,
    0x0, 0x6e, 0x0, 0x0, 0x0, 0x6, 0xe0, 0x0,
    0x0, 0x0, 0x6e, 0x0, 0x0,

    /* U+01B4 "ƴ" */
    0x0, 0x0, 0x0, 0xcf, 0x10, 0x0, 0x0, 0x6e,
    0x20, 0x9d, 0x0, 0xc, 0x90, 0x3, 0xf2, 0x2,
    0xf3, 0x0, 0xd, 0x70, 0x7e, 0x0, 0x0, 0x8c,
    0xd, 0x80, 0x0, 0x2, 0xf3, 0xf2, 0x0, 0x0,
    0xd, 0xbc, 0x0, 0x0, 0x0, 0x7f, 0x60, 0x0,
    0x0, 0x5, 0xf1, 0x0, 0x0, 0x4, 0xca, 0x0,
    0x0, 0x1, 0xfb, 0x10, 0x0, 0x0,

    /* U+01B5 "Ƶ" */
    0x4f, 0xff, 0xff, 0xf0, 0x33, 0x33, 0xe9, 0x0,
    0x0, 0x8e, 0x0, 0x0, 0x3f, 0x40, 0x8, 0xef,
    0xfe, 0x40, 0x19, 0xe2, 0x10, 0x3, 0xf4, 0x0,
    0x0, 0xda, 0x22, 0x22, 0x4f, 0xff, 0xff, 0xf0,

    /* U+01B6 "ƶ" */
    0x2f, 0xff, 0xfd, 0x2, 0x23, 0xf7, 0x0, 0xa,
    0xc0, 0x8, 0xdf, 0xd3, 0x2, 0xf5, 0x0, 0xd,
    0xc2, 0x22, 0x4f, 0xff, 0xff,

    /* U+01B7 "Ʒ" */
    0xf, 0xff, 0xff, 0xf6, 0x3, 0x33, 0x3c, 0xd1,
    0x0, 0x0, 0x9c, 0x10, 0x0, 0xa, 0xc1, 0x0,
    0x0, 0x1f, 0xfb, 0x20, 0x0, 0x0, 0x2c, 0xe0,
    0x0, 0x0, 0x1, 0xf6, 0x0, 0x0, 0x0, 0xc9,
    0x25, 0x0, 0x0, 0xd8, 0x4f, 0x20, 0x2, 0xf5,
    0xc, 0xd5, 0x5d, 0xc0, 0x1, 0x9e, 0xea, 0x10,

    /* U+01B8 "Ƹ" */
    0x2f, 0xff, 0xff, 0xf3, 0xb, 0xe4, 0x44, 0x40,
    0x0, 0xcb, 0x0, 0x0, 0x0, 0xc, 0xa0, 0x0,
    0x0, 0x4a, 0xf5, 0x0, 0x7, 0xf9, 0x61, 0x0,
    0x1f, 0x70, 0x0, 0x0, 0x4f, 0x10, 0x0, 0x0,
    0x5f, 0x0, 0x0, 0x22, 0x2f, 0x40, 0x0, 0xd8,
    0xa, 0xe6, 0x4b, 0xf2, 0x0, 0x8d, 0xfb, 0x30,

    /* U+01B9 "ƹ" */
    0xf, 0xff, 0xff, 0x60, 0xaf, 0x43, 0x31, 0x0,
    0xda, 0x0, 0x0, 0x2, 0xf6, 0x0, 0x1, 0x9e,
    0xd0, 0x0, 0xdc, 0x53, 0x0, 0x3f, 0x20, 0x0,
    0x4, 0xf2, 0x0, 0x68, 0xe, 0xc5, 0x7f, 0x70,
    0x2b, 0xfe, 0x80,

    /* U+01BA "ƺ" */
    0x1f, 0xff, 0xff, 0x0, 0x22, 0x8f, 0x60, 0x0,
    0x6f, 0x60, 0x0, 0xf, 0xfb, 0x10, 0x0, 0x2,
    0xe7, 0x0, 0x1, 0x6f, 0x70, 0xa, 0xfd, 0x60,
    0x5, 0xf4, 0x2, 0x30, 0x4f, 0x53, 0xea, 0x0,
    0x8e, 0xea, 0x10,

    /* U+01BB "ƻ" */
    0x3, 0xcf, 0xd6, 0x0, 0xeb, 0x47, 0xf4, 0x7,
    0x10, 0xe, 0x60, 0x0, 0x6, 0xe1, 0x3, 0xee,
    0xff, 0x80, 0x5, 0xf6, 0x11, 0x1, 0xe9, 0x0,
    0x0, 0xce, 0x33, 0x31, 0x2f, 0xff, 0xff, 0x90,

    /* U+01BC "Ƽ" */
    0x7f, 0xff, 0xff, 0x41, 0xba, 0x33, 0x31, 0xc,
    0x70, 0x0, 0x0, 0xeb, 0xee, 0x70, 0x8, 0x94,
    0x6f, 0x50, 0x0, 0x0, 0xca, 0x7, 0x20, 0xb,
    0xa0, 0xdc, 0x46, 0xf5, 0x2, 0xbf, 0xd6, 0x0,

    /* U+01BD "ƽ" */
    0x5f, 0xff, 0xfe, 0x1, 0x8e, 0x33, 0x30, 0x8,
    0xec, 0xd6, 0x0, 0x69, 0x39, 0xf1, 0x2, 0x10,
    0x2f, 0x40, 0xbd, 0x4a, 0xf1, 0x2, 0xbf, 0xd5,
    0x0,

    /* U+01BE "ƾ" */
    0x0, 0x46, 0x0, 0x0, 0x9d, 0x0, 0xa, 0xff,
    0xf0, 0x0, 0x9d, 0x10, 0x0, 0x7f, 0x20, 0x0,
    0xb, 0xe4, 0x13, 0x0, 0xbd, 0x2f, 0x82, 0xbd,
    0x5, 0xdf, 0xc3,

    /* U+01BF "ƿ" */
    0xeb, 0xee, 0x70, 0xec, 0x37, 0xf3, 0xe7, 0x0,
    0xe8, 0xe7, 0x0, 0xba, 0xe7, 0x0, 0xd8, 0xe7,
    0x3, 0xf5, 0xe7, 0x5e, 0xb0, 0xef, 0xe7, 0x0,
    0xe9, 0x0, 0x0, 0xe7, 0x0, 0x0,

    /* U+01C0 "ǀ" */
    0xd2, 0xd2, 0xd2, 0xd2, 0xd2, 0xd2, 0xd2, 0xd2,
    0xd2,

    /* U+01C1 "ǁ" */
    0x1d, 0x87, 0x1d, 0x87, 0x1d, 0x87, 0x1d, 0x87,
    0x1d, 0x87, 0x1d, 0x87, 0x1d, 0x87, 0x1d, 0x87,
    0x1d, 0x87,

    /* U+01C2 "ǂ" */
    0x0, 0xf0, 0x0, 0xf, 0x0, 0x7e, 0xfe, 0x70,
    0xf, 0x0, 0x0, 0xf0, 0x7, 0xef, 0xe7, 0x0,
    0xf0, 0x0, 0xf, 0x0, 0x0, 0xf0, 0x0,

    /* U+01C3 "ǃ" */
    0xe, 0x80, 0xd8, 0xd, 0x70, 0xd7, 0xd, 0x70,
    0xc7, 0x3, 0x10, 0x95, 0xc, 0x70,

    /* U+01C5 "ǅ" */
    0x0, 0x0, 0x0, 0x0, 0x0, 0x72, 0x36, 0x0,
    0xff, 0xfe, 0xa2, 0x0, 0x4, 0xcd, 0x30, 0xf,
    0x73, 0x5c, 0xf1, 0x0, 0x2, 0x20, 0x0, 0xf4,
    0x0, 0xc, 0x90, 0x7f, 0xff, 0xf8, 0xf, 0x40,
    0x0, 0x7d, 0x1, 0x22, 0x7f, 0x30, 0xf4, 0x0,
    0x5, 0xf0, 0x0, 0x1e, 0x70, 0xf, 0x40, 0x0,
    0x7d, 0x0, 0xb, 0xb0, 0x0, 0xf4, 0x0, 0xd,
    0x90, 0x7, 0xe1, 0x0, 0xf, 0x73, 0x5c, 0xf1,
    0x3, 0xf8, 0x33, 0x20, 0xff, 0xfe, 0xa2, 0x0,
    0x9f, 0xff, 0xfa,

    /* U+01C6 "ǆ" */
    0x0, 0x0, 0x0, 0x0, 0x1e, 0x2b, 0x60, 0x0,
    0x0, 0xb, 0x80, 0x4, 0xdb, 0x0, 0x0, 0x0,
    0xb, 0x80, 0x0, 0x21, 0x0, 0x3, 0xcf, 0x9b,
    0x80, 0xbf, 0xff, 0xf4, 0xe, 0xb5, 0x9f, 0x80,
    0x34, 0x4a, 0xe1, 0x4f, 0x20, 0xf, 0x80, 0x0,
    0x3f, 0x30, 0x6f, 0x0, 0xc, 0x80, 0x1, 0xe7,
    0x0, 0x4f, 0x20, 0xf, 0x80, 0xb, 0xb0, 0x0,
    0xe, 0xc6, 0xaf, 0x80, 0x8f, 0x65, 0x52, 0x3,
    0xde, 0x8b, 0x80, 0xdf, 0xff, 0xf6,

    /* U+01C7 "Ǉ" */
    0xf, 0x40, 0x0, 0x0, 0x0, 0x9, 0xb0, 0xf4,
    0x0, 0x0, 0x0, 0x0, 0x9b, 0xf, 0x40, 0x0,
    0x0, 0x0, 0x9, 0xb0, 0xf4, 0x0, 0x0, 0x0,
    0x0, 0x9b, 0xf, 0x40, 0x0, 0x0, 0x0, 0x9,
    0xb0, 0xf4, 0x0, 0x0, 0x22, 0x0, 0x9b, 0xf,
    0x40, 0x0, 0xa, 0xb0, 0xb, 0xa0, 0xf6, 0x22,
    0x20, 0x6f, 0x66, 0xf7, 0xf, 0xff, 0xff, 0x40,
    0x9e, 0xe9, 0x0,

    /* U+01C8 "ǈ" */
    0xf, 0x40, 0x0, 0x5, 0xd0, 0xf, 0x40, 0x0,
    0x2, 0x70, 0xf, 0x40, 0x0, 0x5, 0xe0, 0xf,
    0x40, 0x0, 0x5, 0xe0, 0xf, 0x40, 0x0, 0x5,
    0xe0, 0xf, 0x40, 0x0, 0x5, 0xe0, 0xf, 0x40,
    0x0, 0x5, 0xe0, 0xf, 0x73, 0x33, 0x5, 0xe0,
    0xf, 0xff, 0xff, 0x45, 0xe0, 0x0, 0x0, 0x0,
    0x5, 0xe0, 0x0, 0x0, 0x0, 0x1a, 0xd0, 0x0,
    0x0, 0x0, 0x6e, 0x40,

    /* U+01C9 "ǉ" */
    0x1f, 0x22, 0xe3, 0x1f, 0x20, 0x81, 0x1f, 0x21,
    0xf2, 0x1f, 0x21, 0xf2, 0x1f, 0x21, 0xf2, 0x1f,
    0x21, 0xf2, 0x1f, 0x21, 0xf2, 0x1f, 0x21, 0xf2,
    0x1f, 0x21, 0xf2, 0x0, 0x1, 0xf2, 0x0, 0x7,
    0xf1, 0x0, 0x2e, 0x70,

    /* U+01CA "Ǌ" */
    0xf, 0xc0, 0x0, 0x3f, 0x10, 0x0, 0x4, 0xf0,
    0xf, 0xf6, 0x0, 0x3f, 0x10, 0x0, 0x4, 0xf0,
    0xf, 0x9f, 0x10, 0x3f, 0x10, 0x0, 0x4, 0xf0,
    0xf, 0x4c, 0xa0, 0x3f, 0x10, 0x0, 0x4, 0xf0,
    0xf, 0x53, 0xf4, 0x3f, 0x10, 0x0, 0x4, 0xf0,
    0xf, 0x50, 0x9d, 0x4f, 0x10, 0x20, 0x4, 0xf0,
    0xf, 0x50, 0x1e, 0xaf, 0x15, 0xf0, 0x6, 0xf0,
    0xf, 0x50, 0x5, 0xff, 0x12, 0xf7, 0x2c, 0xb0,
    0xf, 0x50, 0x0, 0xbf, 0x10, 0x5d, 0xfb, 0x20,

    /* U+01CB "ǋ" */
    0xf, 0xc0, 0x0, 0x3f, 0x11, 0xe3, 0xf, 0xf6,
    0x0, 0x3f, 0x10, 0x81, 0xf, 0xaf, 0x10, 0x3f,
    0x10, 0xf3, 0xf, 0x5d, 0xa0, 0x3f, 0x10, 0xf3,
    0xf, 0x54, 0xf4, 0x3f, 0x10, 0xf3, 0xf, 0x50,
    0xad, 0x4f, 0x10, 0xf3, 0xf, 0x50, 0x1e, 0xaf,
    0x10, 0xf3, 0xf, 0x50, 0x6, 0xff, 0x10, 0xf3,
    0xf, 0x50, 0x0, 0xbf, 0x10, 0xf3, 0x0, 0x0,
    0x0, 0x0, 0x1, 0xf3, 0x0, 0x0, 0x0, 0x0,
    0x6, 0xf1, 0x0, 0x0, 0x0, 0x0, 0x1f, 0x80,

    /* U+01CC "ǌ" */
    0x0, 0x0, 0x0, 0x0, 0xd5, 0x0, 0x0, 0x0,
    0x0, 0x72, 0x1f, 0x5d, 0xe7, 0x0, 0xe5, 0x1f,
    0xb4, 0x9f, 0x20, 0xe5, 0x1f, 0x40, 0xf, 0x50,
    0xe5, 0x1f, 0x20, 0xe, 0x50, 0xe5, 0x1f, 0x20,
    0xe, 0x50, 0xe5, 0x1f, 0x20, 0xe, 0x50, 0xe5,
    0x1f, 0x20, 0xe, 0x50, 0xe5, 0x0, 0x0, 0x0,
    0x0, 0xe5, 0x0, 0x0, 0x0, 0x4, 0xf4, 0x0,
    0x0, 0x0, 0xf, 0xa0,

    /* U+01CD "Ǎ" */
    0x0, 0x7b, 0x4d, 0x0, 0x0, 0x0, 0xbf, 0x30,
    0x0, 0x0, 0x0, 0x0, 0x0, 0x0, 0x0, 0xcf,
    0x30, 0x0, 0x0, 0x1f, 0xb9, 0x0, 0x0, 0x7,
    0xc5, 0xe0, 0x0, 0x0, 0xc6, 0xf, 0x40, 0x0,
    0x2f, 0x10, 0xa9, 0x0, 0x7, 0xff, 0xff, 0xf0,
    0x0, 0xd8, 0x22, 0x2f, 0x50, 0x2f, 0x20, 0x0,
    0xaa, 0x8, 0xe0, 0x0, 0x6, 0xf0,

    /* U+01CE "ǎ" */
    0x5, 0xc3, 0xe1, 0x0, 0x9f, 0x40, 0x0, 0x0,
    0x0, 0x6, 0xcf, 0xc2, 0x1e, 0x62, 0xbc, 0x0,
    0x2, 0x9e, 0x9, 0xed, 0xcf, 0x6e, 0x10, 0x6f,
    0x6f, 0x34, 0xdf, 0xa, 0xfc, 0x7f,

    /* U+01CF "Ǐ" */
    0x2e, 0x3d, 0x50, 0x4f, 0x80, 0x0, 0x0, 0x0,
    0xf, 0x40, 0x0, 0xf4, 0x0, 0xf, 0x40, 0x0,
    0xf4, 0x0, 0xf, 0x40, 0x0, 0xf4, 0x0, 0xf,
    0x40, 0x0, 0xf4, 0x0, 0xf, 0x40,

    /* U+01D0 "ǐ" */
    0x27, 0x6, 0x20, 0x8d, 0x80, 0x0, 0x0, 0x0,
    0x1f, 0x20, 0x1, 0xf2, 0x0, 0x1f, 0x20, 0x1,
    0xf2, 0x0, 0x1f, 0x20, 0x1, 0xf2, 0x0, 0x1f,
    0x20,

    /* U+01D1 "Ǒ" */
    0x0, 0x1d, 0x6d, 0x30, 0x0, 0x0, 0x17, 0x30,
    0x0, 0x0, 0x0, 0x0, 0x0, 0x0, 0x4, 0xcf,
    0xd7, 0x0, 0x6, 0xf9, 0x58, 0xf9, 0x0, 0xe8,
    0x0, 0x5, 0xf2, 0x2f, 0x20, 0x0, 0xe, 0x54,
    0xf0, 0x0, 0x0, 0xd7, 0x2f, 0x20, 0x0, 0xe,
    0x50, 0xe8, 0x0, 0x5, 0xf2, 0x6, 0xf9, 0x57,
    0xf9, 0x0, 0x5, 0xcf, 0xd7, 0x0,

    /* U+01D2 "ǒ" */
    0x2, 0xe3, 0xd4, 0x0, 0x5, 0xf8, 0x0, 0x0,
    0x0, 0x0, 0x0, 0x2b, 0xfd, 0x40, 0xd, 0xa3,
    0x7f, 0x24, 0xf2, 0x0, 0xe8, 0x6f, 0x0, 0xb,
    0xa4, 0xf2, 0x0, 0xe8, 0xd, 0xa3, 0x7f, 0x20,
    0x2b, 0xfd, 0x40,

    /* U+01D3 "Ǔ" */
    0x0, 0x3d, 0x5d, 0x10, 0x0, 0x2, 0x71, 0x0,
    0x0, 0x0, 0x0, 0x0, 0xf, 0x40, 0x0, 0x6e,
    0xf, 0x40, 0x0, 0x6e, 0xf, 0x40, 0x0, 0x6e,
    0xf, 0x40, 0x0, 0x6e, 0xf, 0x40, 0x0, 0x6e,
    0xf, 0x40, 0x0, 0x6e, 0xe, 0x80, 0x0, 0xac,
    0x8, 0xf8, 0x59, 0xf6, 0x0, 0x7d, 0xfd, 0x60,

    /* U+01D4 "ǔ" */
    0x1, 0x70, 0x63, 0x0, 0x7, 0xda, 0x0, 0x0,
    0x0, 0x0, 0x1, 0xf2, 0x0, 0xe5, 0x1f, 0x20,
    0xe, 0x51, 0xf2, 0x0, 0xe5, 0x1f, 0x20, 0xe,
    0x51, 0xf4, 0x1, 0xf5, 0xe, 0xb4, 0xaf, 0x50,
    0x4e, 0xe5, 0xe5,

    /* U+01D5 "Ǖ" */
    0x0, 0x2d, 0xdd, 0x10, 0x0, 0x0, 0x0, 0x0,
    0x0, 0x5c, 0xd, 0x40, 0x0, 0x26, 0x6, 0x20,
    0x0, 0x0, 0x0, 0x0, 0xf, 0x40, 0x0, 0x6e,
    0xf, 0x40, 0x0, 0x6e, 0xf, 0x40, 0x0, 0x6e,
    0xf, 0x40, 0x0, 0x6e, 0xf, 0x40, 0x0, 0x6e,
    0xf, 0x40, 0x0, 0x6e, 0xe, 0x80, 0x0, 0xac,
    0x8, 0xf8, 0x59, 0xf6, 0x0, 0x7d, 0xfd, 0x60,

    /* U+01D6 "ǖ" */
    0x0, 0xdd, 0xd3, 0x0, 0x0, 0x0, 0x0, 0x3,
    0xe0, 0xb7, 0x0, 0x17, 0x5, 0x30, 0x1f, 0x20,
    0xe, 0x51, 0xf2, 0x0, 0xe5, 0x1f, 0x20, 0xe,
    0x51, 0xf2, 0x0, 0xe5, 0x1f, 0x40, 0x1f, 0x50,
    0xeb, 0x4a, 0xf5, 0x4, 0xee, 0x5e, 0x50,

    /* U+01D7 "Ǘ" */
    0x0, 0x0, 0x7a, 0x0, 0x0, 0x0, 0x91, 0x0,
    0x0, 0x5c, 0xd, 0x40, 0x0, 0x26, 0x6, 0x20,
    0x0, 0x0, 0x0, 0x0, 0xf, 0x40, 0x0, 0x6e,
    0xf, 0x40, 0x0, 0x6e, 0xf, 0x40, 0x0, 0x6e,
    0xf, 0x40, 0x0, 0x6e, 0xf, 0x40, 0x0, 0x6e,
    0xf, 0x40, 0x0, 0x6e, 0xe, 0x80, 0x0, 0xac,
    0x8, 0xf8, 0x59, 0xf6, 0x0, 0x7d, 0xfd, 0x60,

    /* U+01D8 "ǘ" */
    0x0, 0x2, 0xa0, 0x0, 0x0, 0xa6, 0x0, 0x0,
    0x0, 0x0, 0x0, 0x3e, 0xb, 0x70, 0x1, 0x70,
    0x53, 0x1, 0xf2, 0x0, 0xe5, 0x1f, 0x20, 0xe,
    0x51, 0xf2, 0x0, 0xe5, 0x1f, 0x20, 0xe, 0x51,
    0xf4, 0x1, 0xf5, 0xe, 0xb4, 0xaf, 0x50, 0x4e,
    0xe5, 0xe5,

    /* U+01D9 "Ǚ" */
    0x0, 0x2d, 0x5c, 0x10, 0x0, 0x2, 0x71, 0x0,
    0x0, 0x5c, 0xd, 0x40, 0x0, 0x26, 0x6, 0x20,
    0x0, 0x0, 0x0, 0x0, 0xf, 0x40, 0x0, 0x6e,
    0xf, 0x40, 0x0, 0x6e, 0xf, 0x40, 0x0, 0x6e,
    0xf, 0x40, 0x0, 0x6e, 0xf, 0x40, 0x0, 0x6e,
    0xf, 0x40, 0x0, 0x6e, 0xe, 0x80, 0x0, 0xac,
    0x8, 0xf8, 0x59, 0xf6, 0x0, 0x7d, 0xfd, 0x60,

    /* U+01DA "ǚ" */
    0x1, 0xe3, 0xd3, 0x0, 0x4, 0xf8, 0x0, 0x0,
    0x0, 0x0, 0x0, 0x3e, 0xb, 0x70, 0x1, 0x70,
    0x53, 0x1, 0xf2, 0x0, 0xe5, 0x1f, 0x20, 0xe,
    0x51, 0xf2, 0x0, 0xe5, 0x1f, 0x20, 0xe, 0x51,
    0xf4, 0x1, 0xf5, 0xe, 0xb4, 0xaf, 0x50, 0x4e,
    0xe5, 0xe5,

    /* U+01DB "Ǜ" */
    0x0, 0xc, 0x50, 0x0, 0x0, 0x3, 0x70, 0x0,
    0x0, 0x5c, 0xd, 0x40, 0x0, 0x26, 0x6, 0x20,
    0x0, 0x0, 0x0, 0x0, 0xf, 0x40, 0x0, 0x6e,
    0xf, 0x40, 0x0, 0x6e, 0xf, 0x40, 0x0, 0x6e,
    0xf, 0x40, 0x0, 0x6e, 0xf, 0x40, 0x0, 0x6e,
    0xf, 0x40, 0x0, 0x6e, 0xe, 0x80, 0x0, 0xac,
    0x8, 0xf8, 0x59, 0xf6, 0x0, 0x7d, 0xfd, 0x60,

    /* U+01DC "ǜ" */
    0x0, 0x84, 0x0, 0x0, 0x3, 0xc0, 0x0, 0x0,
    0x0, 0x0, 0x0, 0x3e, 0xb, 0x70, 0x1, 0x70,
    0x53, 0x1, 0xf2, 0x0, 0xe5, 0x1f, 0x20, 0xe,
    0x51, 0xf2, 0x0, 0xe5, 0x1f, 0x20, 0xe, 0x51,
    0xf4, 0x1, 0xf5, 0xe, 0xb4, 0xaf, 0x50, 0x4e,
    0xe5, 0xe5,

    /* U+01DD "ǝ" */
    0x5, 0xcf, 0xc2, 0x1, 0xe6, 0x3a, 0xe0, 0x0,
    0x0, 0xf, 0x56, 0xff, 0xff, 0xf7, 0x4f, 0x0,
    0xf, 0x50, 0xe8, 0x29, 0xe0, 0x3, 0xcf, 0xc2,
    0x0,

    /* U+01DE "Ǟ" */
    0x0, 0x5d, 0xdc, 0x0, 0x0, 0x4, 0x40, 0x70,
    0x0, 0x0, 0x89, 0x1e, 0x20, 0x0, 0x0, 0x0,
    0x0, 0x0, 0x0, 0xc, 0xf3, 0x0, 0x0, 0x1,
    0xfb, 0x90, 0x0, 0x0, 0x7c, 0x5e, 0x0, 0x0,
    0xc, 0x60, 0xf4, 0x0, 0x2, 0xf1, 0xa, 0x90,
    0x0, 0x7f, 0xff, 0xff, 0x0, 0xd, 0x82, 0x22,
    0xf5, 0x2, 0xf2, 0x0, 0xa, 0xa0, 0x8e, 0x0,
    0x0, 0x6f, 0x0,

    /* U+01DF "ǟ" */
    0x4, 0xdd, 0xd0, 0x0, 0x0, 0x0, 0x7, 0xa0,
    0xe3, 0x3, 0x50, 0x71, 0x6, 0xcf, 0xc2, 0x1e,
    0x62, 0xbc, 0x0, 0x2, 0x9e, 0x9, 0xed, 0xcf,
    0x6e, 0x10, 0x6f, 0x6f, 0x34, 0xdf, 0xa, 0xfc,
    0x7f,

    /* U+01E0 "Ǡ" */
    0x0, 0x5d, 0xdc, 0x0, 0x0, 0x0, 0x27, 0x0,
    0x0, 0x0, 0x5, 0xd0, 0x0, 0x0, 0x0, 0x0,
    0x0, 0x0, 0x0, 0xc, 0xf3, 0x0, 0x0, 0x1,
    0xfb, 0x90, 0x0, 0x0, 0x7c, 0x5e, 0x0, 0x0,
    0xc, 0x60, 0xf4, 0x0, 0x2, 0xf1, 0xa, 0x90,
    0x0, 0x7f, 0xff, 0xff, 0x0, 0xd, 0x82, 0x22,
    0xf5, 0x2, 0xf2, 0x0, 0xa, 0xa0, 0x8e, 0x0,
    0x0, 0x6f, 0x0,

    /* U+01E1 "ǡ" */
    0x4, 0xdd, 0xd0, 0x0, 0x0, 0x0, 0x0, 0x4e,
    0x0, 0x0, 0x28, 0x0, 0x6, 0xcf, 0xc2, 0x1e,
    0x62, 0xbc, 0x0, 0x2, 0x9e, 0x9, 0xed, 0xcf,
    0x6e, 0x10, 0x6f, 0x6f, 0x34, 0xdf, 0xa, 0xfc,
    0x7f,

    /* U+01E2 "Ǣ" */
    0x0, 0x0, 0x0, 0xdf, 0xf7, 0x0, 0x0, 0x0,
    0x0, 0x0, 0x0, 0x0, 0x0, 0x0, 0x0, 0x0,
    0x0, 0x0, 0x0, 0x0, 0xdf, 0xff, 0xff, 0xf3,
    0x0, 0x5, 0xf3, 0xf4, 0x33, 0x30, 0x0, 0xc,
    0x82, 0xf1, 0x0, 0x0, 0x0, 0x3f, 0x12, 0xf1,
    0x0, 0x0, 0x0, 0xa8, 0x2, 0xff, 0xff, 0xf0,
    0x2, 0xff, 0xff, 0xf2, 0x0, 0x0, 0x9, 0xb2,
    0x24, 0xf1, 0x0, 0x0, 0x1f, 0x50, 0x2, 0xf4,
    0x33, 0x30, 0x7e, 0x0, 0x2, 0xff, 0xff, 0xf4,

    /* U+01E3 "ǣ" */
    0x0, 0x3, 0xff, 0xf1, 0x0, 0x0, 0x0, 0x0,
    0x0, 0x0, 0x0, 0x5, 0xcf, 0xb3, 0xbf, 0xc3,
    0x1, 0xf7, 0x2b, 0xf9, 0x28, 0xe0, 0x0, 0x0,
    0x5f, 0x0, 0xf, 0x40, 0x7b, 0xef, 0xfe, 0xee,
    0xf6, 0x5f, 0x41, 0x7f, 0x21, 0x11, 0x6, 0xf4,
    0x4d, 0xe9, 0x36, 0xe2, 0xa, 0xfd, 0x52, 0xbe,
    0xc5, 0x0,

    /* U+01E4 "Ǥ" */
    0x0, 0x5c, 0xfd, 0x70, 0x0, 0x6f, 0x95, 0x8f,
    0x90, 0xe, 0x80, 0x0, 0x5b, 0x3, 0xf2, 0x0,
    0x0, 0x0, 0x4f, 0x0, 0x2f, 0xff, 0x43, 0xf2,
    0x0, 0x23, 0xf4, 0xe, 0x80, 0x2c, 0xdf, 0x90,
    0x6f, 0x95, 0x7e, 0x70, 0x0, 0x5c, 0xfe, 0x80,
    0x0,

    /* U+01E5 "ǥ" */
    0x3, 0xcf, 0x9b, 0x80, 0xe, 0x92, 0x7f, 0x80,
    0x4f, 0x10, 0xe, 0x80, 0x6e, 0x0, 0xcf, 0xeb,
    0x4f, 0x20, 0xe, 0x80, 0xe, 0xa2, 0x8f, 0x80,
    0x3, 0xde, 0x8b, 0x80, 0x0, 0x0, 0xd, 0x80,
    0xd, 0x82, 0x7f, 0x40, 0x4, 0xbf, 0xd6, 0x0,

    /* U+01E6 "Ǧ" */
    0x0, 0x2d, 0x5d, 0x20, 0x0, 0x0, 0x27, 0x20,
    0x0, 0x0, 0x0, 0x0, 0x0, 0x0, 0x5, 0xcf,
    0xd7, 0x0, 0x6, 0xf9, 0x58, 0xf9, 0x0, 0xe8,
    0x0, 0x5, 0xb0, 0x3f, 0x20, 0x0, 0x0, 0x4,
    0xf0, 0x2, 0xff, 0xf4, 0x3f, 0x20, 0x2, 0x4f,
    0x30, 0xe8, 0x0, 0x6, 0xf0, 0x6, 0xf9, 0x57,
    0xf8, 0x0, 0x5, 0xcf, 0xd7, 0x0,

    /* U+01E7 "ǧ" */
    0x2, 0x70, 0x53, 0x0, 0xb, 0xad, 0x0, 0x0,
    0x17, 0x20, 0x0, 0x3c, 0xf9, 0xb8, 0xe, 0x92,
    0x7f, 0x84, 0xf1, 0x0, 0xf8, 0x6e, 0x0, 0xc,
    0x84, 0xf2, 0x0, 0xd8, 0xe, 0xa2, 0x7f, 0x80,
    0x3d, 0xe8, 0xb8, 0x0, 0x0, 0xd, 0x80, 0xd8,
    0x27, 0xf4, 0x4, 0xbf, 0xd6, 0x0,

    /* U+01E8 "Ǩ" */
    0x0, 0x8a, 0x5d, 0x0, 0x0, 0xc, 0xe2, 0x0,
    0x0, 0x0, 0x0, 0x0, 0xf, 0x40, 0x4, 0xf7,
    0xf, 0x40, 0x2f, 0x90, 0xf, 0x41, 0xea, 0x0,
    0xf, 0x5c, 0xc0, 0x0, 0xf, 0xdf, 0xd0, 0x0,
    0xf, 0xd2, 0xe8, 0x0, 0xf, 0x40, 0x5f, 0x30,
    0xf, 0x40, 0xa, 0xd0, 0xf, 0x40, 0x1, 0xe9,

    /* U+01E9 "ǩ" */
    0x3e, 0x2e, 0x30, 0x0, 0x6, 0xf6, 0x0, 0x0,
    0x0, 0x0, 0x0, 0x0, 0x1, 0xf2, 0x0, 0x0,
    0x1, 0xf2, 0x0, 0x0, 0x1, 0xf2, 0x9, 0xe1,
    0x1, 0xf2, 0x7e, 0x20, 0x1, 0xf7, 0xf4, 0x0,
    0x1, 0xff, 0xf2, 0x0, 0x1, 0xf4, 0xcc, 0x0,
    0x1, 0xf2, 0x2f, 0x80, 0x1, 0xf2, 0x5, 0xf3,

    /* U+01EA "Ǫ" */
    0x0, 0x4c, 0xfd, 0x70, 0x0, 0x5f, 0x95, 0x8f,
    0x90, 0xe, 0x80, 0x0, 0x5f, 0x22, 0xf2, 0x0,
    0x0, 0xe5, 0x4f, 0x0, 0x0, 0xd, 0x73, 0xf1,
    0x0, 0x0, 0xe6, 0xf, 0x70, 0x0, 0x4f, 0x20,
    0x7f, 0x73, 0x5e, 0x90, 0x0, 0x6d, 0xff, 0xa0,
    0x0, 0x0, 0x2e, 0x70, 0x0, 0x0, 0x6, 0xd0,
    0x0, 0x0, 0x0, 0x1d, 0xc0, 0x0,

    /* U+01EB "ǫ" */
    0x2, 0xbf, 0xd4, 0x0, 0xda, 0x37, 0xf2, 0x4f,
    0x20, 0xe, 0x86, 0xf0, 0x0, 0xba, 0x4f, 0x10,
    0xd, 0x90, 0xe9, 0x15, 0xf3, 0x4, 0xef, 0xf6,
    0x0, 0x1, 0xe6, 0x0, 0x0, 0x5e, 0x10, 0x0,
    0x1, 0xdd, 0x0,

    /* U+01EC "Ǭ" */
    0x0, 0xf, 0xff, 0x30, 0x0, 0x0, 0x0, 0x0,
    0x0, 0x0, 0x4c, 0xfd, 0x70, 0x0, 0x5f, 0x95,
    0x8f, 0x90, 0xe, 0x80, 0x0, 0x5f, 0x22, 0xf2,
    0x0, 0x0, 0xe5, 0x4f, 0x0, 0x0, 0xd, 0x73,
    0xf1, 0x0, 0x0, 0xe6, 0xf, 0x70, 0x0, 0x4f,
    0x20, 0x7f, 0x73, 0x5e, 0x90, 0x0, 0x6d, 0xff,
    0xa0, 0x0, 0x0, 0x2e, 0x70, 0x0, 0x0, 0x6,
    0xd0, 0x0, 0x0, 0x0, 0x1d, 0xc0, 0x0,

    /* U+01ED "ǭ" */
    0x0, 0xff, 0xf4, 0x0, 0x0, 0x0, 0x0, 0x2,
    0xbf, 0xd4, 0x0, 0xda, 0x37, 0xf2, 0x4f, 0x20,
    0xe, 0x86, 0xf0, 0x0, 0xba, 0x4f, 0x10, 0xd,
    0x90, 0xe9, 0x15, 0xf3, 0x4, 0xef, 0xf6, 0x0,
    0x1, 0xe6, 0x0, 0x0, 0x5e, 0x10, 0x0, 0x1,
    0xdd, 0x0,

    /* U+01EE "Ǯ" */
    0x0, 0x53, 0x27, 0x0, 0x0, 0x1d, 0xd3, 0x0,
    0x0, 0x0, 0x0, 0x0, 0xf, 0xff, 0xff, 0xf6,
    0x3, 0x33, 0x3c, 0xd1, 0x0, 0x0, 0x9c, 0x10,
    0x0, 0xa, 0xc1, 0x0, 0x0, 0x1f, 0xfb, 0x20,
    0x0, 0x0, 0x2c, 0xe0, 0x0, 0x0, 0x1, 0xf6,
    0x0, 0x0, 0x0, 0xc9, 0x25, 0x0, 0x0, 0xd8,
    0x4f, 0x20, 0x2, 0xf5, 0xc, 0xd5, 0x5d, 0xc0,
    0x1, 0x9e, 0xea, 0x10,

    /* U+01EF "ǯ" */
    0x0, 0xc7, 0xc5, 0x0, 0x0, 0x74, 0x0, 0xd,
    0xff, 0xff, 0x80, 0x23, 0x37, 0xf4, 0x0, 0x0,
    0xd9, 0x0, 0x0, 0x7e, 0x10, 0x0, 0x1f, 0x50,
    0x0, 0x4, 0xfd, 0x90, 0x0, 0x0, 0x2d, 0x91,
    0x50, 0x0, 0x9d, 0x1f, 0xb4, 0x6f, 0x90, 0x3c,
    0xfe, 0x90,

    /* U+01F0 "ǰ" */
    0x2d, 0x5d, 0x20, 0x27, 0x20, 0x2, 0xf2, 0x0,
    0x2f, 0x20, 0x2, 0xf2, 0x0, 0x2f, 0x20, 0x2,
    0xf2, 0x0, 0x2f, 0x20, 0x2, 0xf2, 0x0, 0x2f,
    0x20, 0x7, 0xf0, 0x3, 0xe7, 0x0,

    /* U+01F1 "Ǳ" */
    0xf, 0xff, 0xea, 0x20, 0xa, 0xff, 0xff, 0xf9,
    0xf, 0x73, 0x5c, 0xf1, 0x2, 0x33, 0x36, 0xf4,
    0xf, 0x40, 0x0, 0xc9, 0x0, 0x0, 0xd, 0x90,
    0xf, 0x40, 0x0, 0x7d, 0x0, 0x0, 0x8d, 0x0,
    0xf, 0x40, 0x0, 0x5f, 0x0, 0x3, 0xf3, 0x0,
    0xf, 0x40, 0x0, 0x7d, 0x0, 0xd, 0x80, 0x0,
    0xf, 0x40, 0x0, 0xd9, 0x0, 0x8d, 0x0, 0x0,
    0xf, 0x73, 0x5c, 0xf1, 0x3, 0xf6, 0x33, 0x32,
    0xf, 0xff, 0xea, 0x20, 0x9, 0xff, 0xff, 0xfa,

    /* U+01F2 "ǲ" */
    0xf, 0xff, 0xea, 0x20, 0x0, 0x0, 0x0, 0x0,
    0xf7, 0x35, 0xcf, 0x10, 0x0, 0x0, 0x0, 0xf,
    0x40, 0x0, 0xc9, 0x7, 0xff, 0xff, 0x80, 0xf4,
    0x0, 0x7, 0xd0, 0x12, 0x27, 0xf3, 0xf, 0x40,
    0x0, 0x5f, 0x0, 0x1, 0xe7, 0x0, 0xf4, 0x0,
    0x7, 0xd0, 0x0, 0xbb, 0x0, 0xf, 0x40, 0x0,
    0xd9, 0x0, 0x7e, 0x10, 0x0, 0xf7, 0x35, 0xcf,
    0x10, 0x3f, 0x83, 0x32, 0xf, 0xff, 0xea, 0x20,
    0x9, 0xff, 0xff, 0xa0,

    /* U+01F3 "ǳ" */
    0x0, 0x0, 0xb, 0x80, 0x0, 0x0, 0x0, 0x0,
    0x0, 0xb, 0x80, 0x0, 0x0, 0x0, 0x3, 0xcf,
    0x9b, 0x80, 0xbf, 0xff, 0xf4, 0xe, 0xb5, 0x9f,
    0x80, 0x34, 0x4a, 0xe1, 0x4f, 0x20, 0xf, 0x80,
    0x0, 0x3f, 0x30, 0x6f, 0x0, 0xc, 0x80, 0x1,
    0xe7, 0x0, 0x4f, 0x20, 0xf, 0x80, 0xb, 0xb0,
    0x0, 0xe, 0xc6, 0xaf, 0x80, 0x8f, 0x65, 0x52,
    0x3, 0xde, 0x8b, 0x80, 0xdf, 0xff, 0xf6,

    /* U+01F4 "Ǵ" */
    0x0, 0x0, 0x5d, 0x0, 0x0, 0x0, 0xa, 0x30,
    0x0, 0x0, 0x0, 0x0, 0x0, 0x0, 0x5, 0xcf,
    0xd7, 0x0, 0x6, 0xf9, 0x58, 0xf9, 0x0, 0xe8,
    0x0, 0x5, 0xb0, 0x3f, 0x20, 0x0, 0x0, 0x4,
    0xf0, 0x2, 0xff, 0xf4, 0x3f, 0x20, 0x2, 0x4f,
    0x30, 0xe8, 0x0, 0x6, 0xf0, 0x6, 0xf9, 0x57,
    0xf8, 0x0, 0x5, 0xcf, 0xd7, 0x0,

    /* U+01F5 "ǵ" */
    0x0, 0x5, 0xd0, 0x0, 0x0, 0x94, 0x0, 0x3,
    0xcf, 0x9b, 0x80, 0xe9, 0x27, 0xf8, 0x4f, 0x10,
    0xf, 0x86, 0xe0, 0x0, 0xc8, 0x4f, 0x20, 0xd,
    0x80, 0xea, 0x27, 0xf8, 0x3, 0xde, 0x8b, 0x80,
    0x0, 0x0, 0xd8, 0xd, 0x82, 0x7f, 0x40, 0x4b,
    0xfd, 0x60,

    /* U+01F6 "Ƕ" */
    0xf, 0x40, 0x0, 0x5f, 0x0, 0x0, 0x0, 0xf4,
    0x0, 0x5, 0xf0, 0x0, 0x0, 0xf, 0x40, 0x0,
    0x5f, 0x0, 0xc, 0x90, 0xf4, 0x0, 0x6, 0xf0,
    0x0, 0xc9, 0xf, 0xff, 0xff, 0xff, 0x0, 0xc,
    0x90, 0xf7, 0x33, 0x38, 0xf0, 0x0, 0xc9, 0xf,
    0x40, 0x0, 0x4f, 0x20, 0xd, 0x70, 0xf4, 0x0,
    0x1, 0xfb, 0x59, 0xf3, 0xf, 0x40, 0x0, 0x4,
    0xcf, 0xd5, 0x0,

    /* U+01F7 "Ƿ" */
    0x3f, 0xdf, 0xd8, 0x0, 0x3f, 0x92, 0x4e, 0x90,
    0x3f, 0x30, 0x6, 0xf0, 0x3f, 0x30, 0x3, 0xf3,
    0x3f, 0x30, 0x3, 0xf3, 0x3f, 0x30, 0x6, 0xf1,
    0x3f, 0x30, 0xc, 0xc0, 0x3f, 0x30, 0x7f, 0x30,
    0x3f, 0x59, 0xf6, 0x0, 0x3f, 0xfd, 0x40, 0x0,
    0x3f, 0x50, 0x0, 0x0, 0x3f, 0x30, 0x0, 0x0,

    /* U+01F8 "Ǹ" */
    0x0, 0xc, 0x70, 0x0, 0x0, 0x0, 0x2b, 0x0,
    0x0, 0x0, 0x0, 0x0, 0x0, 0x0, 0xfc, 0x0,
    0x3, 0xf1, 0xf, 0xf6, 0x0, 0x3f, 0x10, 0xf9,
    0xf1, 0x3, 0xf1, 0xf, 0x4c, 0xa0, 0x3f, 0x10,
    0xf5, 0x3f, 0x43, 0xf1, 0xf, 0x50, 0x9d, 0x4f,
    0x10, 0xf5, 0x1, 0xea, 0xf1, 0xf, 0x50, 0x5,
    0xff, 0x10, 0xf5, 0x0, 0xb, 0xf1,

    /* U+01F9 "ǹ" */
    0x0, 0xa6, 0x0, 0x0, 0x3, 0xd0, 0x0, 0x0,
    0x0, 0x0, 0x1, 0xf5, 0xde, 0x70, 0x1f, 0xb4,
    0x9f, 0x21, 0xf4, 0x0, 0xf5, 0x1f, 0x20, 0xe,
    0x51, 0xf2, 0x0, 0xe5, 0x1f, 0x20, 0xe, 0x51,
    0xf2, 0x0, 0xe5,

    /* U+01FA "Ǻ" */
    0x0, 0x0, 0xb5, 0x0, 0x0, 0x0, 0x9d, 0x30,
    0x0, 0x0, 0x2a, 0x3a, 0x0, 0x0, 0x2, 0xa3,
    0xa0, 0x0, 0x0, 0x9, 0xc3, 0x0, 0x0, 0x0,
    0xcf, 0x30, 0x0, 0x0, 0x1f, 0xb9, 0x0, 0x0,
    0x7, 0xc5, 0xe0, 0x0, 0x0, 0xc6, 0xf, 0x40,
    0x0, 0x2f, 0x10, 0xa9, 0x0, 0x7, 0xff, 0xff,
    0xf0, 0x0, 0xd8, 0x22, 0x2f, 0x50, 0x2f, 0x20,
    0x0, 0xaa, 0x8, 0xe0, 0x0, 0x6, 0xf0,

    /* U+01FB "ǻ" */
    0x0, 0x9, 0x60, 0x0, 0x8e, 0x30, 0x1, 0xc1,
    0xb0, 0x1, 0xb1, 0xb0, 0x0, 0x8c, 0x30, 0x6,
    0xcf, 0xc2, 0x1e, 0x62, 0xbc, 0x0, 0x2, 0x9e,
    0x9, 0xed, 0xcf, 0x6e, 0x10, 0x6f, 0x6f, 0x34,
    0xdf, 0xa, 0xfc, 0x7f,

    /* U+01FC "Ǽ" */
    0x0, 0x0, 0x0, 0x2, 0xf2, 0x0, 0x0, 0x0,
    0x0, 0x7, 0x70, 0x0, 0x0, 0x0, 0x0, 0x0,
    0x0, 0x0, 0x0, 0x0, 0xdf, 0xff, 0xff, 0xf3,
    0x0, 0x5, 0xf3, 0xf4, 0x33, 0x30, 0x0, 0xc,
    0x82, 0xf1, 0x0, 0x0, 0x0, 0x3f, 0x12, 0xf1,
    0x0, 0x0, 0x0, 0xa8, 0x2, 0xff, 0xff, 0xf0,
    0x2, 0xff, 0xff, 0xf2, 0x0, 0x0, 0x9, 0xb2,
    0x24, 0xf1, 0x0, 0x0, 0x1f, 0x50, 0x2, 0xf4,
    0x33, 0x30, 0x7e, 0x0, 0x2, 0xff, 0xff, 0xf4,

    /* U+01FD "ǽ" */
    0x0, 0x0, 0x6, 0xa0, 0x0, 0x0, 0x0, 0x0,
    0xd3, 0x0, 0x0, 0x0, 0x0, 0x0, 0x0, 0x0,
    0x0, 0x5c, 0xfb, 0x3b, 0xfc, 0x30, 0x1f, 0x72,
    0xbf, 0x92, 0x8e, 0x0, 0x0, 0x5, 0xf0, 0x0,
    0xf4, 0x7, 0xbe, 0xff, 0xee, 0xef, 0x65, 0xf4,
    0x17, 0xf2, 0x11, 0x10, 0x6f, 0x44, 0xde, 0x93,
    0x6e, 0x20, 0xaf, 0xd5, 0x2b, 0xec, 0x50,

    /* U+01FE "Ǿ" */
    0x0, 0x0, 0x5d, 0x0, 0x0, 0x0, 0x9, 0x40,
    0x0, 0x0, 0x0, 0x0, 0x1, 0x0, 0x5, 0xcf,
    0xd8, 0xd0, 0x6, 0xf9, 0x59, 0xf9, 0x0, 0xe9,
    0x0, 0x8c, 0xf2, 0x3f, 0x20, 0x3d, 0xe, 0x54,
    0xf0, 0xc, 0x30, 0xd7, 0x2f, 0x18, 0x70, 0xe,
    0x50, 0xe8, 0xb0, 0x5, 0xf2, 0x6, 0xfb, 0x57,
    0xf9, 0x0, 0xa9, 0xcf, 0xd7, 0x0, 0x0, 0x0,
    0x0, 0x0, 0x0,

    /* U+01FF "ǿ" */
    0x0, 0x3, 0xc0, 0x0, 0x0, 0xa6, 0x0, 0x0,
    0x0, 0x0, 0x0, 0x2b, 0xfd, 0xa8, 0xd, 0xa3,
    0xaf, 0x34, 0xf2, 0x2d, 0xd8, 0x6e, 0xc, 0x3a,
    0xa4, 0xfb, 0x50, 0xe8, 0xf, 0xd3, 0x7f, 0x24,
    0xbb, 0xfd, 0x40, 0x0, 0x0, 0x0, 0x0,

    /* U+0200 "Ȁ" */
    0x3, 0xe2, 0xe3, 0x0, 0x0, 0x7, 0x76, 0x70,
    0x0, 0x0, 0x0, 0x0, 0x0, 0x0, 0x0, 0xcf,
    0x30, 0x0, 0x0, 0x1f, 0xb9, 0x0, 0x0, 0x7,
    0xc5, 0xe0, 0x0, 0x0, 0xc6, 0xf, 0x40, 0x0,
    0x2f, 0x10, 0xa9, 0x0, 0x7, 0xff, 0xff, 0xf0,
    0x0, 0xd8, 0x22, 0x2f, 0x50, 0x2f, 0x20, 0x0,
    0xaa, 0x8, 0xe0, 0x0, 0x6, 0xf0,

    /* U+0201 "ȁ" */
    0x2d, 0x1c, 0x30, 0x8, 0x97, 0xa0, 0x0, 0x0,
    0x0, 0x6, 0xcf, 0xc2, 0x1e, 0x62, 0xbc, 0x0,
    0x2, 0x9e, 0x9, 0xed, 0xcf, 0x6e, 0x10, 0x6f,
    0x6f, 0x34, 0xdf, 0xa, 0xfc, 0x7f,

    /* U+0202 "Ȃ" */
    0x0, 0x1b, 0xd6, 0x0, 0x0, 0x7, 0x71, 0xd0,
    0x0, 0x0, 0x0, 0x0, 0x0, 0x0, 0x0, 0xcf,
    0x30, 0x0, 0x0, 0x1f, 0xb9, 0x0, 0x0, 0x7,
    0xc5, 0xe0, 0x0, 0x0, 0xc6, 0xf, 0x40, 0x0,
    0x2f, 0x10, 0xa9, 0x0, 0x7, 0xff, 0xff, 0xf0,
    0x0, 0xd8, 0x22, 0x2f, 0x50, 0x2f, 0x20, 0x0,
    0xaa, 0x8, 0xe0, 0x0, 0x6, 0xf0,

    /* U+0203 "ȃ" */
    0x1, 0xce, 0x80, 0x6, 0x70, 0xc1, 0x6, 0xcf,
    0xc2, 0x1e, 0x62, 0xbc, 0x0, 0x2, 0x9e, 0x9,
    0xed, 0xcf, 0x6e, 0x10, 0x6f, 0x6f, 0x34, 0xdf,
    0xa, 0xfc, 0x7f,

    /* U+0204 "Ȅ" */
    0xb, 0x87, 0xb0, 0x0, 0x1c, 0x1c, 0x10, 0x0,
    0x0, 0x0, 0x0, 0xff, 0xff, 0xf7, 0xf, 0x73,
    0x33, 0x10, 0xf4, 0x0, 0x0, 0xf, 0x40, 0x0,
    0x0, 0xff, 0xff, 0xf2, 0xf, 0x62, 0x22, 0x0,
    0xf4, 0x0, 0x0, 0xf, 0x73, 0x33, 0x10, 0xff,
    0xff, 0xf7,

    /* U+0205 "ȅ" */
    0xc, 0x49, 0x60, 0x0, 0x4c, 0x3d, 0x0, 0x0,
    0x0, 0x0, 0x0, 0x2b, 0xfc, 0x30, 0xe, 0xa2,
    0x8e, 0x14, 0xf1, 0x0, 0xf5, 0x6f, 0xee, 0xef,
    0x74, 0xf2, 0x11, 0x10, 0xe, 0xa3, 0x5d, 0x20,
    0x2b, 0xfc, 0x60,

    /* U+0206 "Ȇ" */
    0x0, 0x6d, 0xb1, 0x0, 0xd, 0x17, 0x70, 0x0,
    0x0, 0x0, 0x0, 0xff, 0xff, 0xf7, 0xf, 0x73,
    0x33, 0x10, 0xf4, 0x0, 0x0, 0xf, 0x40, 0x0,
    0x0, 0xff, 0xff, 0xf2, 0xf, 0x62, 0x22, 0x0,
    0xf4, 0x0, 0x0, 0xf, 0x73, 0x33, 0x10, 0xff,
    0xff, 0xf7,

    /* U+0207 "ȇ" */
    0x0, 0x9e, 0xb0, 0x0, 0x3a, 0x9, 0x40, 0x2,
    0xbf, 0xc3, 0x0, 0xea, 0x28, 0xe1, 0x4f, 0x10,
    0xf, 0x56, 0xfe, 0xee, 0xf7, 0x4f, 0x21, 0x11,
    0x0, 0xea, 0x35, 0xd2, 0x2, 0xbf, 0xc6, 0x0,

    /* U+0208 "Ȉ" */
    0xc, 0x69, 0xa0, 0x2, 0xb1, 0xc0, 0x0, 0x0,
    0x0, 0x0, 0xf, 0x40, 0x0, 0xf, 0x40, 0x0,
    0xf, 0x40, 0x0, 0xf, 0x40, 0x0, 0xf, 0x40,
    0x0, 0xf, 0x40, 0x0, 0xf, 0x40, 0x0, 0xf,
    0x40, 0x0, 0xf, 0x40,

    /* U+0209 "ȉ" */
    0xc, 0x3a, 0x60, 0x5c, 0x4d, 0x0, 0x0, 0x0,
    0x1, 0xf2, 0x0, 0x1f, 0x20, 0x1, 0xf2, 0x0,
    0x1f, 0x20, 0x1, 0xf2, 0x0, 0x1f, 0x20, 0x1,
    0xf2,

    /* U+020A "Ȋ" */
    0x7, 0xda, 0x2, 0xc0, 0x86, 0x0, 0x0, 0x0,
    0xf, 0x40, 0x0, 0xf4, 0x0, 0xf, 0x40, 0x0,
    0xf4, 0x0, 0xf, 0x40, 0x0, 0xf4, 0x0, 0xf,
    0x40, 0x0, 0xf4, 0x0, 0xf, 0x40,

    /* U+020B "ȋ" */
    0xa, 0xea, 0x3, 0xa0, 0x94, 0x1, 0xf2, 0x0,
    0x1f, 0x20, 0x1, 0xf2, 0x0, 0x1f, 0x20, 0x1,
    0xf2, 0x0, 0x1f, 0x20, 0x1, 0xf2, 0x0,

    /* U+020C "Ȍ" */
    0x0, 0xd6, 0xa9, 0x0, 0x0, 0x2, 0xb2, 0xc0,
    0x0, 0x0, 0x0, 0x0, 0x0, 0x0, 0x4, 0xcf,
    0xd7, 0x0, 0x6, 0xf9, 0x58, 0xf9, 0x0, 0xe8,
    0x0, 0x5, 0xf2, 0x2f, 0x20, 0x0, 0xe, 0x54,
    0xf0, 0x0, 0x0, 0xd7, 0x2f, 0x20, 0x0, 0xe,
    0x50, 0xe8, 0x0, 0x5, 0xf2, 0x6, 0xf9, 0x57,
    0xf9, 0x0, 0x5, 0xcf, 0xd7, 0x0,

    /* U+020D "ȍ" */
    0xb, 0x58, 0x70, 0x0, 0x3d, 0x3e, 0x0, 0x0,
    0x0, 0x0, 0x0, 0x2b, 0xfd, 0x40, 0xd, 0xa3,
    0x7f, 0x24, 0xf2, 0x0, 0xe8, 0x6f, 0x0, 0xb,
    0xa4, 0xf2, 0x0, 0xe8, 0xd, 0xa3, 0x7f, 0x20,
    0x2b, 0xfd, 0x40,

    /* U+020E "Ȏ" */
    0x0, 0x8, 0xea, 0x0, 0x0, 0x2, 0xc0, 0x95,
    0x0, 0x0, 0x0, 0x0, 0x0, 0x0, 0x4, 0xcf,
    0xd7, 0x0, 0x6, 0xf9, 0x58, 0xf9, 0x0, 0xe8,
    0x0, 0x5, 0xf2, 0x2f, 0x20, 0x0, 0xe, 0x54,
    0xf0, 0x0, 0x0, 0xd7, 0x2f, 0x20, 0x0, 0xe,
    0x50, 0xe8, 0x0, 0x5, 0xf2, 0x6, 0xf9, 0x57,
    0xf9, 0x0, 0x5, 0xcf, 0xd7, 0x0,

    /* U+020F "ȏ" */
    0x0, 0x9e, 0xb0, 0x0, 0x2b, 0x8, 0x50, 0x2,
    0xbf, 0xd4, 0x0, 0xda, 0x37, 0xf2, 0x4f, 0x20,
    0xe, 0x86, 0xf0, 0x0, 0xba, 0x4f, 0x20, 0xe,
    0x80, 0xda, 0x37, 0xf2, 0x2, 0xbf, 0xd4, 0x0,

    /* U+0210 "Ȑ" */
    0x9, 0xa6, 0xd0, 0x0, 0x0, 0xb2, 0xb2, 0x0,
    0x0, 0x0, 0x0, 0x0, 0xf, 0xff, 0xfb, 0x20,
    0xf, 0x73, 0x4c, 0xd0, 0xf, 0x40, 0x5, 0xf1,
    0xf, 0x40, 0x1a, 0xe0, 0xf, 0xff, 0xfe, 0x30,
    0xf, 0x62, 0xbc, 0x0, 0xf, 0x40, 0x3f, 0x40,
    0xf, 0x40, 0xc, 0xb0, 0xf, 0x40, 0x4, 0xf3,

    /* U+0211 "ȑ" */
    0xc, 0x49, 0x70, 0x4, 0xc3, 0xd0, 0x0, 0x0,
    0x0, 0x1, 0xf6, 0xe6, 0x1, 0xfc, 0x51, 0x1,
    0xf4, 0x0, 0x1, 0xf2, 0x0, 0x1, 0xf2, 0x0,
    0x1, 0xf2, 0x0, 0x1, 0xf2, 0x0,

    /* U+0212 "Ȓ" */
    0x0, 0x5d, 0xc2, 0x0, 0x0, 0xd1, 0x59, 0x0,
    0x0, 0x0, 0x0, 0x0, 0xf, 0xff, 0xfb, 0x20,
    0xf, 0x73, 0x4c, 0xd0, 0xf, 0x40, 0x5, 0xf1,
    0xf, 0x40, 0x1a, 0xe0, 0xf, 0xff, 0xfe, 0x30,
    0xf, 0x62, 0xbc, 0x0, 0xf, 0x40, 0x3f, 0x40,
    0xf, 0x40, 0xc, 0xb0, 0xf, 0x40, 0x4, 0xf3,

    /* U+0213 "ȓ" */
    0x9, 0xeb, 0x3, 0xa0, 0x94, 0x1f, 0x6e, 0x61,
    0xfc, 0x51, 0x1f, 0x40, 0x1, 0xf2, 0x0, 0x1f,
    0x20, 0x1, 0xf2, 0x0, 0x1f, 0x20, 0x0,

    /* U+0214 "Ȕ" */
    0x1, 0xe4, 0xc6, 0x0, 0x0, 0x4a, 0x3a, 0x0,
    0x0, 0x0, 0x0, 0x0, 0xf, 0x40, 0x0, 0x6e,
    0xf, 0x40, 0x0, 0x6e, 0xf, 0x40, 0x0, 0x6e,
    0xf, 0x40, 0x0, 0x6e, 0xf, 0x40, 0x0, 0x6e,
    0xf, 0x40, 0x0, 0x6e, 0xe, 0x80, 0x0, 0xac,
    0x8, 0xf8, 0x59, 0xf6, 0x0, 0x7d, 0xfd, 0x60,

    /* U+0215 "ȕ" */
    0xb, 0x48, 0x70, 0x0, 0x3d, 0x3e, 0x0, 0x0,
    0x0, 0x0, 0x1, 0xf2, 0x0, 0xe5, 0x1f, 0x20,
    0xe, 0x51, 0xf2, 0x0, 0xe5, 0x1f, 0x20, 0xe,
    0x51, 0xf4, 0x1, 0xf5, 0xe, 0xb4, 0xaf, 0x50,
    0x4e, 0xe5, 0xe5,

    /* U+0216 "Ȗ" */
    0x0, 0xa, 0xe8, 0x0, 0x0, 0x59, 0xb, 0x30,
    0x0, 0x0, 0x0, 0x0, 0xf, 0x40, 0x0, 0x6e,
    0xf, 0x40, 0x0, 0x6e, 0xf, 0x40, 0x0, 0x6e,
    0xf, 0x40, 0x0, 0x6e, 0xf, 0x40, 0x0, 0x6e,
    0xf, 0x40, 0x0, 0x6e, 0xe, 0x80, 0x0, 0xac,
    0x8, 0xf8, 0x59, 0xf6, 0x0, 0x7d, 0xfd, 0x60,

    /* U+0217 "ȗ" */
    0x0, 0x9e, 0xb0, 0x0, 0x2b, 0x8, 0x50, 0x1f,
    0x20, 0xe, 0x51, 0xf2, 0x0, 0xe5, 0x1f, 0x20,
    0xe, 0x51, 0xf2, 0x0, 0xe5, 0x1f, 0x40, 0x1f,
    0x50, 0xeb, 0x4a, 0xf5, 0x4, 0xee, 0x5e, 0x50,

    /* U+0218 "Ș" */
    0x2, 0xae, 0xea, 0x10, 0xd, 0xc5, 0x5d, 0xb0,
    0x1f, 0x40, 0x3, 0x60, 0xd, 0xc4, 0x0, 0x0,
    0x1, 0x8e, 0xf9, 0x10, 0x0, 0x0, 0x3c, 0xd0,
    0x29, 0x10, 0x4, 0xf1, 0x1f, 0xb5, 0x6d, 0xd0,
    0x3, 0xcf, 0xea, 0x20, 0x0, 0x3, 0x20, 0x0,
    0x0, 0xe, 0x30, 0x0, 0x0, 0x2e, 0x0, 0x0,

    /* U+0219 "ș" */
    0x6, 0xde, 0xa1, 0x1f, 0x62, 0xa7, 0x1f, 0x71,
    0x0, 0x5, 0xdf, 0xb3, 0x0, 0x1, 0xbc, 0x3f,
    0x52, 0xbc, 0x7, 0xcf, 0xb2, 0x0, 0x13, 0x0,
    0x0, 0x8a, 0x0, 0x0, 0xb4, 0x0,

    /* U+021A "Ț" */
    0x7f, 0xff, 0xff, 0xf4, 0x13, 0x3c, 0xa3, 0x31,
    0x0, 0xb, 0x90, 0x0, 0x0, 0xb, 0x90, 0x0,
    0x0, 0xb, 0x90, 0x0, 0x0, 0xb, 0x90, 0x0,
    0x0, 0xb, 0x90, 0x0, 0x0, 0xb, 0x90, 0x0,
    0x0, 0xb, 0x90, 0x0, 0x0, 0x3, 0x20, 0x0,
    0x0, 0xe, 0x40, 0x0, 0x0, 0x1e, 0x0, 0x0,

    /* U+021B "ț" */
    0x7, 0x20, 0xe, 0x50, 0xdf, 0xfa, 0x1e, 0x61,
    0xe, 0x50, 0xe, 0x50, 0xe, 0x50, 0xc, 0x91,
    0x4, 0xdb, 0x1, 0x30, 0x8, 0xa0, 0xb, 0x40,

    /* U+021C "Ȝ" */
    0x2, 0xbf, 0xe9, 0x0, 0xdd, 0x57, 0xf8, 0x2b,
    0x40, 0xb, 0xc0, 0x0, 0x0, 0xbb, 0x0, 0x0,
    0x3f, 0x50, 0x1, 0x8f, 0xf3, 0x7, 0xfc, 0x4a,
    0xc0, 0x42, 0x0, 0x8e, 0x0, 0x0, 0xb, 0xc0,
    0x0, 0x5, 0xf6, 0x0, 0x4a, 0xf8, 0x0, 0xae,
    0xa2, 0x0, 0x1, 0x0, 0x0, 0x0,

    /* U+021D "ȝ" */
    0x5, 0xdf, 0xc2, 0x1f, 0x93, 0xea, 0x2, 0x0,
    0xba, 0x0, 0x4, 0xf4, 0x4, 0xbf, 0xe7, 0x7,
    0x71, 0x9d, 0x0, 0x0, 0xac, 0x0, 0x6, 0xf6,
    0x5, 0xdf, 0x70, 0x6, 0x51, 0x0,

    /* U+021E "Ȟ" */
    0x0, 0x3e, 0x2e, 0x20, 0x0, 0x7, 0xf6, 0x0,
    0x0, 0x0, 0x0, 0x0, 0xf, 0x40, 0x0, 0x5f,
    0xf, 0x40, 0x0, 0x5f, 0xf, 0x40, 0x0, 0x5f,
    0xf, 0x40, 0x0, 0x6f, 0xf, 0xff, 0xff, 0xff,
    0xf, 0x73, 0x33, 0x8f, 0xf, 0x40, 0x0, 0x5f,
    0xf, 0x40, 0x0, 0x5f, 0xf, 0x40, 0x0, 0x5f,

    /* U+021F "ȟ" */
    0x3e, 0x2e, 0x30, 0x0, 0x7, 0xf6, 0x0, 0x0,
    0x0, 0x0, 0x0, 0x0, 0x1, 0xf2, 0x0, 0x0,
    0x1, 0xf2, 0x0, 0x0, 0x1, 0xf5, 0xde, 0x70,
    0x1, 0xfb, 0x49, 0xf2, 0x1, 0xf4, 0x0, 0xf5,
    0x1, 0xf2, 0x0, 0xe5, 0x1, 0xf2, 0x0, 0xe5,
    0x1, 0xf2, 0x0, 0xe5, 0x1, 0xf2, 0x0, 0xe5,

    /* U+0220 "Ƞ" */
    0x4f, 0xae, 0xe9, 0x0, 0x4f, 0x94, 0x6e, 0x90,
    0x4f, 0x10, 0x7, 0xe0, 0x4f, 0x10, 0x6, 0xf0,
    0x4f, 0x10, 0x6, 0xf0, 0x4f, 0x10, 0x6, 0xf0,
    0x4f, 0x10, 0x6, 0xf0, 0x4f, 0x10, 0x6, 0xf0,
    0x4f, 0x10, 0x6, 0xf0, 0x0, 0x0, 0x6, 0xf0,
    0x0, 0x0, 0x6, 0xf0, 0x0, 0x0, 0x6, 0xf0,

    /* U+0221 "ȡ" */
    0x0, 0x0, 0xb, 0x80, 0x0, 0x0, 0x0, 0xb,
    0x80, 0x0, 0x3, 0xcf, 0x9b, 0x80, 0x0, 0xe,
    0xa3, 0x8f, 0x80, 0x0, 0x4f, 0x20, 0xf, 0x80,
    0x0, 0x6f, 0x0, 0xc, 0x80, 0x0, 0x4f, 0x20,
    0xf, 0x80, 0x0, 0xe, 0xa3, 0x8f, 0x80, 0x0,
    0x3, 0xde, 0x8c, 0xed, 0x50, 0x0, 0x0, 0x2f,
    0xb8, 0xf0, 0x0, 0x0, 0xcf, 0xb4, 0xf0, 0x0,
    0x0, 0x93, 0xdf, 0x70,

    /* U+0222 "Ȣ" */
    0x9, 0xc0, 0x3c, 0x60, 0x6f, 0x30, 0x7, 0xf1,
    0x5f, 0x51, 0x18, 0xf1, 0xa, 0xff, 0xff, 0x60,
    0x1e, 0xb5, 0x6e, 0xc0, 0x6f, 0x10, 0x6, 0xf1,
    0x6f, 0x10, 0x7, 0xf1, 0x1f, 0xb5, 0x6e, 0xc0,
    0x3, 0xcf, 0xea, 0x10,

    /* U+0223 "ȣ" */
    0x9, 0xd0, 0x2e, 0x60, 0x5f, 0x20, 0x6, 0xf1,
    0x4f, 0x40, 0x18, 0xf0, 0xa, 0xff, 0xff, 0x50,
    0x1e, 0xb4, 0x5d, 0xb0, 0x5f, 0x20, 0x6, 0xf1,
    0x5f, 0x20, 0x6, 0xf1, 0x1f, 0xb4, 0x5d, 0xc0,
    0x3, 0xcf, 0xea, 0x10,

    /* U+0224 "Ȥ" */
    0x4f, 0xff, 0xff, 0xf0, 0x33, 0x33, 0xe9, 0x0,
    0x0, 0x8d, 0x0, 0x0, 0x3f, 0x30, 0x0, 0xd,
    0x90, 0x0, 0x8, 0xd0, 0x0, 0x3, 0xf3, 0x0,
    0x0, 0xda, 0x22, 0x22, 0x4f, 0xff, 0xff, 0xf0,
    0x0, 0x0, 0x5f, 0x0, 0x0, 0x19, 0xd0, 0x0,
    0x8, 0xd5,

    /* U+0225 "ȥ" */
    0x2f, 0xff, 0xfd, 0x0, 0x22, 0x3f, 0x70, 0x0,
    0xa, 0xc0, 0x0, 0x6, 0xf2, 0x0, 0x2, 0xf5,
    0x0, 0x0, 0xdc, 0x32, 0x0, 0x4f, 0xff, 0xfb,
    0x0, 0x0, 0x1, 0xf1, 0x0, 0x0, 0x7, 0x10,

    /* U+0226 "Ȧ" */
    0x0, 0x6, 0xd0, 0x0, 0x0, 0x0, 0x27, 0x0,
    0x0, 0x0, 0x0, 0x0, 0x0, 0x0, 0x0, 0xcf,
    0x30, 0x0, 0x0, 0x1f, 0xb9, 0x0, 0x0, 0x7,
    0xc5, 0xe0, 0x0, 0x0, 0xc6, 0xf, 0x40, 0x0,
    0x2f, 0x10, 0xa9, 0x0, 0x7, 0xff, 0xff, 0xf0,
    0x0, 0xd8, 0x22, 0x2f, 0x50, 0x2f, 0x20, 0x0,
    0xaa, 0x8, 0xe0, 0x0, 0x6, 0xf0,

    /* U+0227 "ȧ" */
    0x0, 0x4d, 0x0, 0x0, 0x27, 0x0, 0x6, 0xcf,
    0xc2, 0x1e, 0x62, 0xbc, 0x0, 0x2, 0x9e, 0x9,
    0xed, 0xcf, 0x6e, 0x10, 0x6f, 0x6f, 0x34, 0xdf,
    0xa, 0xfc, 0x7f,

    /* U+0228 "Ȩ" */
    0xf, 0xff, 0xff, 0x70, 0xf7, 0x33, 0x31, 0xf,
    0x40, 0x0, 0x0, 0xf4, 0x0, 0x0, 0xf, 0xff,
    0xff, 0x20, 0xf6, 0x22, 0x20, 0xf, 0x40, 0x0,
    0x0, 0xf7, 0x33, 0x31, 0xf, 0xff, 0xff, 0x70,
    0x0, 0x90, 0x0, 0x0, 0x8, 0x90, 0x0, 0x0,
    0xac, 0x0,

    /* U+0229 "ȩ" */
    0x2, 0xbf, 0xc3, 0x0, 0xda, 0x28, 0xe1, 0x4f,
    0x10, 0xf, 0x56, 0xfe, 0xee, 0xf7, 0x4f, 0x21,
    0x11, 0x0, 0xea, 0x35, 0xd2, 0x2, 0xcf, 0xd6,
    0x0, 0x0, 0xb3, 0x0, 0x0, 0x4, 0xd0, 0x0,
    0x1, 0xa9, 0x0,

    /* U+022A "Ȫ" */
    0x0, 0xd, 0xdd, 0x30, 0x0, 0x0, 0x0, 0x0,
    0x0, 0x0, 0x3d, 0xa, 0x70, 0x0, 0x1, 0x70,
    0x53, 0x0, 0x0, 0x0, 0x0, 0x0, 0x0, 0x4,
    0xcf, 0xd7, 0x0, 0x6, 0xf9, 0x58, 0xf9, 0x0,
    0xe8, 0x0, 0x5, 0xf2, 0x2f, 0x20, 0x0, 0xe,
    0x54, 0xf0, 0x0, 0x0, 0xd7, 0x2f, 0x20, 0x0,
    0xe, 0x50, 0xe8, 0x0, 0x5, 0xf2, 0x6, 0xf9,
    0x57, 0xf9, 0x0, 0x5, 0xcf, 0xd7, 0x0,

    /* U+022B "ȫ" */
    0x0, 0xdd, 0xd3, 0x0, 0x0, 0x0, 0x0, 0x3,
    0xe0, 0xa7, 0x0, 0x17, 0x5, 0x30, 0x2, 0xbf,
    0xd4, 0x0, 0xda, 0x37, 0xf2, 0x4f, 0x20, 0xe,
    0x86, 0xf0, 0x0, 0xba, 0x4f, 0x20, 0xe, 0x80,
    0xda, 0x37, 0xf2, 0x2, 0xbf, 0xd4, 0x0,

    /* U+022C "Ȭ" */
    0x0, 0xd, 0xdd, 0x30, 0x0, 0x0, 0x0, 0x0,
    0x0, 0x0, 0xb, 0x86, 0x50, 0x0, 0x1, 0xa5,
    0xc1, 0x0, 0x0, 0x0, 0x0, 0x0, 0x0, 0x4,
    0xcf, 0xd7, 0x0, 0x6, 0xf9, 0x58, 0xf9, 0x0,
    0xe8, 0x0, 0x5, 0xf2, 0x2f, 0x20, 0x0, 0xe,
    0x54, 0xf0, 0x0, 0x0, 0xd7, 0x2f, 0x20, 0x0,
    0xe, 0x50, 0xe8, 0x0, 0x5, 0xf2, 0x6, 0xf9,
    0x57, 0xf9, 0x0, 0x5, 0xcf, 0xd7, 0x0,

    /* U+022D "ȭ" */
    0x0, 0xdd, 0xd3, 0x0, 0x0, 0x0, 0x0, 0x0,
    0xcd, 0xd3, 0x0, 0x0, 0x0, 0x0, 0x2, 0xbf,
    0xd4, 0x0, 0xda, 0x37, 0xf2, 0x4f, 0x20, 0xe,
    0x86, 0xf0, 0x0, 0xba, 0x4f, 0x20, 0xe, 0x80,
    0xda, 0x37, 0xf2, 0x2, 0xbf, 0xd4, 0x0,

    /* U+022E "Ȯ" */
    0x0, 0x1, 0xe4, 0x0, 0x0, 0x0, 0x8, 0x10,
    0x0, 0x0, 0x0, 0x0, 0x0, 0x0, 0x4, 0xcf,
    0xd7, 0x0, 0x6, 0xf9, 0x58, 0xf9, 0x0, 0xe8,
    0x0, 0x5, 0xf2, 0x2f, 0x20, 0x0, 0xe, 0x54,
    0xf0, 0x0, 0x0, 0xd7, 0x2f, 0x20, 0x0, 0xe,
    0x50, 0xe8, 0x0, 0x5, 0xf2, 0x6, 0xf9, 0x57,
    0xf9, 0x0, 0x5, 0xcf, 0xd7, 0x0,

    /* U+022F "ȯ" */
    0x0, 0x1e, 0x40, 0x0, 0x0, 0x81, 0x0, 0x2,
    0xbf, 0xd4, 0x0, 0xda, 0x37, 0xf2, 0x4f, 0x20,
    0xe, 0x86, 0xf0, 0x0, 0xba, 0x4f, 0x20, 0xe,
    0x80, 0xda, 0x37, 0xf2, 0x2, 0xbf, 0xd4, 0x0,

    /* U+0230 "Ȱ" */
    0x0, 0xd, 0xdd, 0x30, 0x0, 0x0, 0x0, 0x0,
    0x0, 0x0, 0x1, 0xe4, 0x0, 0x0, 0x0, 0x7,
    0x10, 0x0, 0x0, 0x0, 0x0, 0x0, 0x0, 0x4,
    0xcf, 0xd7, 0x0, 0x6, 0xf9, 0x58, 0xf9, 0x0,
    0xe8, 0x0, 0x5, 0xf2, 0x2f, 0x20, 0x0, 0xe,
    0x54, 0xf0, 0x0, 0x0, 0xd7, 0x2f, 0x20, 0x0,
    0xe, 0x50, 0xe8, 0x0, 0x5, 0xf2, 0x6, 0xf9,
    0x57, 0xf9, 0x0, 0x5, 0xcf, 0xd7, 0x0,

    /* U+0231 "ȱ" */
    0x0, 0xdd, 0xd3, 0x0, 0x0, 0x0, 0x0, 0x0,
    0xe, 0x40, 0x0, 0x0, 0x81, 0x0, 0x2, 0xbf,
    0xd4, 0x0, 0xda, 0x37, 0xf2, 0x4f, 0x20, 0xe,
    0x86, 0xf0, 0x0, 0xba, 0x4f, 0x20, 0xe, 0x80,
    0xda, 0x37, 0xf2, 0x2, 0xbf, 0xd4, 0x0,

    /* U+0232 "Ȳ" */
    0x0, 0x7f, 0xfc, 0x0, 0x0, 0x0, 0x0, 0x0,
    0x0, 0x0, 0x0, 0x0, 0x0, 0x6, 0xf2, 0x0,
    0xc, 0xc0, 0xc, 0xb0, 0x5, 0xf3, 0x0, 0x3f,
    0x40, 0xe9, 0x0, 0x0, 0xac, 0x6e, 0x10, 0x0,
    0x1, 0xff, 0x60, 0x0, 0x0, 0x8, 0xe0, 0x0,
    0x0, 0x0, 0x7d, 0x0, 0x0, 0x0, 0x7, 0xd0,
    0x0, 0x0, 0x0, 0x7d, 0x0, 0x0,

    /* U+0233 "ȳ" */
    0x2, 0xff, 0xf1, 0x0, 0x0, 0x0, 0x0, 0x9d,
    0x0, 0xe, 0x73, 0xf2, 0x3, 0xf1, 0xd, 0x70,
    0x8c, 0x0, 0x8c, 0xd, 0x60, 0x2, 0xf3, 0xf1,
    0x0, 0xd, 0xbb, 0x0, 0x0, 0x7f, 0x60, 0x0,
    0x5, 0xf1, 0x0, 0x4, 0xc9, 0x0, 0x1, 0xfb,
    0x10, 0x0,

    /* U+0234 "ȴ" */
    0x1, 0xf2, 0x0, 0x1, 0xf2, 0x0, 0x1, 0xf2,
    0x0, 0x1, 0xf2, 0x0, 0x1, 0xf2, 0x0, 0x1,
    0xf2, 0x0, 0x1, 0xf2, 0x0, 0x1, 0xf2, 0x0,
    0x1, 0xf6, 0x20, 0x3, 0xfd, 0xe7, 0x2e, 0xf5,
    0x9a, 0x37, 0x6e, 0xc3,

    /* U+0235 "ȵ" */
    0x1f, 0x5d, 0xe7, 0x0, 0x1, 0xfb, 0x49, 0xf2,
    0x0, 0x1f, 0x40, 0xf, 0x50, 0x1, 0xf2, 0x0,
    0xe5, 0x0, 0x1f, 0x20, 0xe, 0x50, 0x1, 0xf2,
    0x0, 0xe5, 0x0, 0x1f, 0x20, 0xe, 0xca, 0x20,
    0x0, 0x3, 0xfb, 0xbc, 0x0, 0x1, 0xef, 0x96,
    0xd0, 0x0, 0x19, 0x4d, 0xd5,

    /* U+0236 "ȶ" */
    0x0, 0x72, 0x0, 0x0, 0xe5, 0x0, 0xd, 0xff,
    0xb0, 0x1, 0xe6, 0x10, 0x0, 0xe5, 0x0, 0x0,
    0xe8, 0x20, 0x0, 0xfe, 0xea, 0x1c, 0xf8, 0x6d,
    0x19, 0x4d, 0xd5,

    /* U+0237 "ȷ" */
    0x2, 0xf2, 0x2, 0xf2, 0x2, 0xf2, 0x2, 0xf2,
    0x2, 0xf2, 0x2, 0xf2, 0x2, 0xf2, 0x2, 0xf2,
    0x7, 0xf0, 0x3e, 0x70,

    /* U+0238 "ȸ" */
    0x0, 0x0, 0x2f, 0x30, 0x0, 0x0, 0x0, 0x2,
    0xf3, 0x0, 0x0, 0x4, 0xde, 0xaf, 0xae, 0xd4,
    0x0, 0xeb, 0x4a, 0xfb, 0x4a, 0xe0, 0x4f, 0x30,
    0x3f, 0x30, 0x3f, 0x45, 0xf1, 0x2, 0xf3, 0x0,
    0xf6, 0x4f, 0x30, 0x3f, 0x30, 0x3f, 0x40, 0xeb,
    0x4b, 0xfb, 0x4a, 0xe0, 0x3, 0xde, 0x9f, 0xae,
    0xd3, 0x0,

    /* U+0239 "ȹ" */
    0x4, 0xde, 0x8f, 0x9e, 0xd4, 0x0, 0xeb, 0x4a,
    0xfb, 0x4a, 0xe0, 0x4f, 0x30, 0x3f, 0x30, 0x3f,
    0x45, 0xf1, 0x2, 0xf3, 0x0, 0xf6, 0x4f, 0x30,
    0x3f, 0x30, 0x3f, 0x40, 0xeb, 0x4b, 0xfb, 0x4a,
    0xe0, 0x3, 0xde, 0xaf, 0xae, 0xd3, 0x0, 0x0,
    0x2, 0xf3, 0x0, 0x0, 0x0, 0x0, 0x2f, 0x30,
    0x0, 0x0, 0x0, 0x2, 0xf3, 0x0, 0x0,

    /* U+023A "Ⱥ" */
    0x0, 0x0, 0x1, 0x50, 0x0, 0x0, 0x0, 0x76,
    0x0, 0x0, 0xc, 0xfe, 0x10, 0x0, 0x1, 0xfb,
    0xc0, 0x0, 0x0, 0x7c, 0x7f, 0x0, 0x0, 0xc,
    0x6c, 0xe4, 0x0, 0x2, 0xf4, 0xa9, 0xa0, 0x0,
    0x7f, 0xff, 0xff, 0x0, 0xd, 0x8e, 0x32, 0xf5,
    0x2, 0xf5, 0xb0, 0xa, 0xa0, 0x8e, 0x76, 0x0,
    0x6f, 0x0, 0xc, 0x10, 0x0, 0x0,

    /* U+023B "Ȼ" */
    0x0, 0x0, 0x1, 0x60, 0x0, 0x0, 0x0, 0x69,
    0x0, 0x0, 0x5c, 0xff, 0x90, 0x0, 0x6f, 0x95,
    0xff, 0x80, 0xe, 0x90, 0x5a, 0x5e, 0x3, 0xf2,
    0xa, 0x40, 0x0, 0x4f, 0x0, 0xe0, 0x0, 0x3,
    0xf1, 0x59, 0x0, 0x0, 0xe, 0x5a, 0x40, 0x7f,
    0x0, 0x4d, 0xe5, 0x8f, 0x80, 0x0, 0x9e, 0xfd,
    0x70, 0x0, 0xc, 0x30, 0x0, 0x0,

    /* U+023C "ȼ" */
    0x0, 0x0, 0xc, 0x0, 0x0, 0x5, 0x70, 0x2,
    0xbf, 0xf6, 0x0, 0xda, 0x4e, 0xf2, 0x4f, 0x26,
    0x63, 0x6, 0xe0, 0xb0, 0x0, 0x3f, 0x2a, 0x4,
    0x0, 0xdd, 0x78, 0xf2, 0x1, 0xff, 0xd5, 0x0,
    0x2a, 0x0, 0x0, 0x6, 0x60, 0x0, 0x0, 0xb1,
    0x0, 0x0,

    /* U+023D "Ƚ" */
    0xc, 0x80, 0x0, 0x0, 0xc8, 0x0, 0x0, 0xc,
    0x80, 0x0, 0x0, 0xc8, 0x0, 0x0, 0xcf, 0xfe,
    0xa0, 0x1, 0xc9, 0x11, 0x0, 0xc, 0x80, 0x0,
    0x0, 0xca, 0x33, 0x31, 0xc, 0xff, 0xff, 0x80,

    /* U+023E "Ⱦ" */
    0x0, 0x0, 0x2, 0x40, 0x0, 0x0, 0x8, 0x40,
    0x7f, 0xff, 0xff, 0xf4, 0x13, 0x3c, 0xe9, 0x31,
    0x0, 0xb, 0xf2, 0x0, 0x0, 0xb, 0xb0, 0x0,
    0x0, 0xb, 0x90, 0x0, 0x0, 0xe, 0x90, 0x0,
    0x0, 0x4f, 0x90, 0x0, 0x0, 0xae, 0x90, 0x0,
    0x0, 0xbb, 0x90, 0x0, 0x6, 0x60, 0x0, 0x0,
    0x5, 0x0, 0x0, 0x0,

    /* U+023F "ȿ" */
    0x6, 0xde, 0xa1, 0x1f, 0x62, 0xa7, 0x1f, 0x71,
    0x0, 0x5, 0xdf, 0xb3, 0x0, 0x1, 0xbc, 0x4f,
    0x52, 0xbc, 0xe, 0xff, 0xb2, 0x6, 0xc0, 0x0,
    0x0, 0xd4, 0x40, 0x0, 0x3d, 0xc0,

    /* U+0240 "ɀ" */
    0x2f, 0xff, 0xfd, 0x0, 0x2, 0x23, 0xf7, 0x0,
    0x0, 0xa, 0xc0, 0x0, 0x0, 0x6f, 0x20, 0x0,
    0x2, 0xf5, 0x0, 0x0, 0xd, 0xc0, 0x0, 0x0,
    0x4f, 0xff, 0x60, 0x0, 0x0, 0x4, 0xf1, 0x0,
    0x0, 0x0, 0x9a, 0x30, 0x0, 0x0, 0xb, 0xe2,

    /* U+0241 "Ɂ" */
    0x6, 0xee, 0xa1, 0x3, 0xf9, 0x5e, 0xa0, 0x37,
    0x0, 0x7f, 0x0, 0x0, 0x5, 0xf1, 0x0, 0x0,
    0x6f, 0x10, 0x0, 0xb, 0xd0, 0x0, 0x7f, 0xf3,
    0x0, 0x7, 0xf0, 0x0, 0x0, 0x7f, 0x0, 0x0,

    /* U+0242 "ɂ" */
    0x3, 0xdf, 0xb1, 0xe, 0xb4, 0xe9, 0x1a, 0x30,
    0x9c, 0x0, 0x0, 0xc9, 0x0, 0x4f, 0xd2, 0x0,
    0x4f, 0x10, 0x0, 0x4f, 0x10,

    /* U+0243 "Ƀ" */
    0xf, 0xff, 0xfb, 0x20, 0xf, 0x83, 0x5d, 0xc0,
    0xf, 0x60, 0x6, 0xf0, 0xf, 0x60, 0x1b, 0xa0,
    0xf, 0xff, 0xfd, 0x20, 0xf, 0x72, 0x3a, 0xe1,
    0xbf, 0xdc, 0x1, 0xf4, 0xf, 0x83, 0x39, 0xf2,
    0xf, 0xff, 0xfd, 0x50,

    /* U+0244 "Ʉ" */
    0x0, 0xf5, 0x0, 0x5, 0xf0, 0x0, 0xf5, 0x0,
    0x5, 0xf0, 0x0, 0xf5, 0x0, 0x5, 0xf0, 0xd,
    0xfe, 0xdd, 0xde, 0xfd, 0x0, 0xf5, 0x0, 0x5,
    0xf0, 0x0, 0xe6, 0x0, 0x6, 0xf0, 0x0, 0xca,
    0x0, 0xa, 0xc0, 0x0, 0x5f, 0x95, 0x9f, 0x50,
    0x0, 0x5, 0xcf, 0xd5, 0x0,

    /* U+0245 "Ʌ" */
    0x0, 0x7, 0xf4, 0x0, 0x0, 0x0, 0xcf, 0xa0,
    0x0, 0x0, 0x2f, 0x9f, 0x0, 0x0, 0x7, 0xe1,
    0xf5, 0x0, 0x0, 0xd9, 0xc, 0xa0, 0x0, 0x2f,
    0x40, 0x7f, 0x0, 0x8, 0xf0, 0x2, 0xf5, 0x0,
    0xda, 0x0, 0xd, 0xb0, 0x3f, 0x50, 0x0, 0x8f,
    0x10,

    /* U+0246 "Ɇ" */
    0x0, 0x0, 0x2, 0x0, 0x0, 0x2, 0xd0, 0xf,
    0xff, 0xff, 0x70, 0xf7, 0x3c, 0x61, 0xf, 0x40,
    0xe0, 0x0, 0xf4, 0x3b, 0x0, 0xf, 0xff, 0xff,
    0x20, 0xf6, 0xd5, 0x20, 0xf, 0x6e, 0x0, 0x0,
    0xfb, 0xb3, 0x31, 0xf, 0xff, 0xff, 0x70, 0xe,
    0x0, 0x0, 0x0, 0x20, 0x0, 0x0,

    /* U+0247 "ɇ" */
    0x0, 0x0, 0xd, 0x0, 0x0, 0x6, 0x70, 0x2,
    0xbf, 0xf4, 0x0, 0xea, 0x5f, 0xe1, 0x4f, 0x17,
    0x7f, 0x46, 0xfe, 0xfe, 0xf7, 0x3f, 0x5a, 0x11,
    0x0, 0xdd, 0x65, 0xd2, 0x3, 0xff, 0xc6, 0x0,
    0x58, 0x0, 0x0, 0xa, 0x30, 0x0, 0x0, 0xd0,
    0x0, 0x0,

    /* U+0248 "Ɉ" */
    0x0, 0x0, 0x6e, 0x0, 0x0, 0x0, 0x6e, 0x0,
    0x0, 0x0, 0x6e, 0x0, 0x0, 0x8, 0xdf, 0xc2,
    0x0, 0x0, 0x6e, 0x0, 0x23, 0x0, 0x6e, 0x0,
    0x6e, 0x0, 0x7e, 0x0, 0x3f, 0x85, 0xda, 0x0,
    0x6, 0xef, 0xb1, 0x0,

    /* U+0249 "ɉ" */
    0x2, 0xe2, 0x0, 0x8, 0x10, 0x2, 0xf2, 0x0,
    0x2f, 0x20, 0x2, 0xf2, 0x7, 0xff, 0xf7, 0x2,
    0xf2, 0x0, 0x2f, 0x20, 0x2, 0xf2, 0x0, 0x2f,
    0x20, 0x7, 0xf1, 0x3, 0xe7, 0x0,

    /* U+024A "Ɋ" */
    0x0, 0x5c, 0xeb, 0x2f, 0x30, 0x6, 0xf7, 0x36,
    0xdf, 0x30, 0xe, 0x70, 0x0, 0x7f, 0x30, 0x3f,
    0x20, 0x0, 0x2f, 0x30, 0x4f, 0x0, 0x0, 0xf,
    0x30, 0x3f, 0x20, 0x0, 0x2f, 0x30, 0xe, 0x80,
    0x0, 0x8f, 0x30, 0x6, 0xf9, 0x59, 0xdf, 0x30,
    0x0, 0x5c, 0xea, 0x2f, 0x30, 0x0, 0x0, 0x0,
    0xf, 0x30, 0x0, 0x0, 0x0, 0xe, 0x71, 0x0,
    0x0, 0x0, 0x6, 0xe7,

    /* U+024B "ɋ" */
    0x3, 0xcf, 0x9b, 0x80, 0xe, 0x92, 0x7f, 0x80,
    0x4f, 0x10, 0xe, 0x80, 0x6f, 0x0, 0xc, 0x80,
    0x4f, 0x20, 0xf, 0x80, 0xe, 0xa3, 0x8f, 0x80,
    0x3, 0xde, 0x8b, 0x80, 0x0, 0x0, 0xb, 0x80,
    0x0, 0x0, 0x9, 0xb1, 0x0, 0x0, 0x2, 0xcc,

    /* U+024C "Ɍ" */
    0xe, 0xff, 0xfc, 0x30, 0xe, 0x83, 0x4b, 0xe0,
    0xe, 0x60, 0x3, 0xf3, 0xe, 0x60, 0x8, 0xf0,
    0xdf, 0xff, 0xff, 0x50, 0x2e, 0x82, 0x9e, 0x0,
    0xe, 0x60, 0x1f, 0x60, 0xe, 0x60, 0xa, 0xd0,
    0xe, 0x60, 0x2, 0xf5,

    /* U+024D "ɍ" */
    0x1, 0xf6, 0xe6, 0x1, 0xfc, 0x51, 0x1, 0xf3,
    0x0, 0x6f, 0xff, 0x70, 0x1, 0xf2, 0x0, 0x1,
    0xf2, 0x0, 0x1, 0xf2, 0x0,

    /* U+024E "Ɏ" */
    0x7f, 0x20, 0x0, 0xcc, 0x0, 0xe9, 0x0, 0x4f,
    0x40, 0xce, 0xfd, 0xdf, 0xfc, 0x20, 0xc, 0xb5,
    0xf2, 0x0, 0x0, 0x2f, 0xe8, 0x0, 0x0, 0x0,
    0x9e, 0x0, 0x0, 0x0, 0x7, 0xd0, 0x0, 0x0,
    0x0, 0x7d, 0x0, 0x0, 0x0, 0x7, 0xd0, 0x0,
    0x0,

    /* U+024F "ɏ" */
    0x8d, 0x0, 0xe, 0x73, 0xf2, 0x3, 0xf1, 0x7f,
    0xed, 0xef, 0x50, 0x7c, 0xe, 0x60, 0x2, 0xf4,
    0xf1, 0x0, 0xc, 0xcb, 0x0, 0x0, 0x7f, 0x50,
    0x0, 0x5, 0xf0, 0x0, 0x4, 0xc9, 0x0, 0x1,
    0xfb, 0x10, 0x0,

    /* U+F001 "" */
    0x0, 0x0, 0x0, 0x0, 0x0, 0x12, 0x0, 0x0,
    0x0, 0x3, 0x7c, 0xff, 0x0, 0x0, 0x59, 0xef,
    0xff, 0xff, 0x0, 0xe, 0xff, 0xff, 0xff, 0xff,
    0x0, 0xf, 0xff, 0xfd, 0x84, 0x8f, 0x0, 0xf,
    0xd7, 0x20, 0x0, 0x8f, 0x0, 0xf, 0x80, 0x0,
    0x0, 0x8f, 0x0, 0xf, 0x80, 0x0, 0x0, 0x8f,
    0x0, 0xf, 0x80, 0x0, 0x7b, 0xdf, 0x2, 0x3f,
    0x80, 0x6, 0xff, 0xff, 0xaf, 0xff, 0x80, 0x2,
    0xef, 0xf9, 0xef, 0xff, 0x60, 0x0, 0x2, 0x10,
    0x29, 0xa7, 0x0, 0x0, 0x0, 0x0,

    /* U+F008 "" */
    0xb4, 0xdf, 0xff, 0xff, 0xfd, 0x4b, 0xe8, 0xe7,
    0x22, 0x22, 0x7e, 0x8e, 0xc0, 0xc5, 0x0, 0x0,
    0x6c, 0xc, 0xfc, 0xf6, 0x11, 0x11, 0x7f, 0xcf,
    0xc0, 0xcf, 0xff, 0xff, 0xfb, 0xc, 0xfc, 0xf6,
    0x11, 0x11, 0x7f, 0xcf, 0xc0, 0xc5, 0x0, 0x0,
    0x6c, 0xc, 0xe8, 0xe7, 0x22, 0x22, 0x7e, 0x8e,
    0xb4, 0xdf, 0xff, 0xff, 0xfd, 0x4b,

    /* U+F00B "" */
    0xdf, 0xf6, 0x9f, 0xff, 0xff, 0xfd, 0xff, 0xf8,
    0xcf, 0xff, 0xff, 0xff, 0xef, 0xf6, 0xaf, 0xff,
    0xff, 0xfe, 0x13, 0x20, 0x3, 0x33, 0x33, 0x31,
    0xff, 0xf7, 0xbf, 0xff, 0xff, 0xff, 0xff, 0xf8,
    0xcf, 0xff, 0xff, 0xff, 0xff, 0xf7, 0xbf, 0xff,
    0xff, 0xff, 0x13, 0x20, 0x3, 0x33, 0x33, 0x31,
    0xef, 0xf6, 0xaf, 0xff, 0xff, 0xfe, 0xff, 0xf8,
    0xcf, 0xff, 0xff, 0xff, 0xdf, 0xf6, 0xaf, 0xff,
    0xff, 0xfd,

    /* U+F00C "" */
    0x0, 0x0, 0x0, 0x0, 0x3, 0xd4, 0x0, 0x0,
    0x0, 0x0, 0x3f, 0xfe, 0x0, 0x0, 0x0, 0x3,
    0xff, 0xf4, 0x4d, 0x30, 0x0, 0x3f, 0xff, 0x40,
    0xef, 0xf3, 0x3, 0xff, 0xf4, 0x0, 0x4f, 0xff,
    0x6f, 0xff, 0x40, 0x0, 0x4, 0xff, 0xff, 0xf4,
    0x0, 0x0, 0x0, 0x4f, 0xff, 0x40, 0x0, 0x0,
    0x0, 0x3, 0xd3, 0x0, 0x0, 0x0,

    /* U+F00D "" */
    0x14, 0x0, 0x0, 0x22, 0xd, 0xf7, 0x0, 0x4f,
    0xf1, 0x9f, 0xf7, 0x4f, 0xfd, 0x0, 0xaf, 0xff,
    0xfd, 0x10, 0x0, 0xbf, 0xfe, 0x10, 0x0, 0x4f,
    0xff, 0xf7, 0x0, 0x4f, 0xfd, 0xaf, 0xf7, 0xe,
    0xfd, 0x10, 0xaf, 0xf2, 0x5b, 0x10, 0x0, 0x99,
    0x0,

    /* U+F011 "" */
    0x0, 0x0, 0x7, 0x70, 0x0, 0x0, 0x0, 0x32,
    0xf, 0xf0, 0x24, 0x0, 0x5, 0xfc, 0xf, 0xf0,
    0xcf, 0x50, 0x1f, 0xf4, 0xf, 0xf0, 0x5f, 0xf1,
    0x7f, 0x80, 0xf, 0xf0, 0x8, 0xf7, 0xbf, 0x20,
    0xf, 0xf0, 0x2, 0xfb, 0xcf, 0x10, 0xe, 0xe0,
    0x1, 0xfc, 0xaf, 0x40, 0x1, 0x10, 0x4, 0xfa,
    0x5f, 0xb0, 0x0, 0x0, 0xb, 0xf6, 0xd, 0xfa,
    0x10, 0x1, 0xaf, 0xd0, 0x2, 0xdf, 0xfc, 0xcf,
    0xfd, 0x20, 0x0, 0x8, 0xef, 0xfe, 0x91, 0x0,
    0x0, 0x0, 0x1, 0x10, 0x0, 0x0,

    /* U+F013 "" */
    0x0, 0x0, 0x14, 0x41, 0x0, 0x0, 0x0, 0x0,
    0x7f, 0xf7, 0x0, 0x0, 0x3, 0x43, 0xdf, 0xfd,
    0x34, 0x30, 0xe, 0xff, 0xff, 0xff, 0xff, 0xe0,
    0x6f, 0xff, 0xfb, 0xbf, 0xff, 0xf6, 0x1b, 0xff,
    0x70, 0x7, 0xff, 0xb1, 0x7, 0xff, 0x20, 0x2,
    0xff, 0x70, 0x1b, 0xff, 0x70, 0x7, 0xff, 0xb1,
    0x6f, 0xff, 0xfb, 0xbf, 0xff, 0xf6, 0xe, 0xff,
    0xff, 0xff, 0xff, 0xe0, 0x3, 0x42, 0xcf, 0xfc,
    0x23, 0x30, 0x0, 0x0, 0x7f, 0xf7, 0x0, 0x0,
    0x0, 0x0, 0x4, 0x41, 0x0, 0x0,

    /* U+F015 "" */
    0x0, 0x0, 0x0, 0x73, 0x3, 0x83, 0x0, 0x0,
    0x0, 0x1d, 0xff, 0x67, 0xf7, 0x0, 0x0, 0x3,
    0xee, 0x5a, 0xfe, 0xf7, 0x0, 0x0, 0x6f, 0xd3,
    0xb5, 0x7f, 0xf7, 0x0, 0x9, 0xfb, 0x3d, 0xff,
    0x85, 0xfe, 0x30, 0xbf, 0x95, 0xff, 0xff, 0xfb,
    0x3e, 0xf4, 0x76, 0x6f, 0xff, 0xff, 0xff, 0xd2,
    0xa1, 0x0, 0xcf, 0xff, 0xff, 0xff, 0xf4, 0x0,
    0x0, 0xcf, 0xfa, 0x2, 0xff, 0xf4, 0x0, 0x0,
    0xcf, 0xfa, 0x2, 0xff, 0xf4, 0x0, 0x0, 0xaf,
    0xf8, 0x1, 0xff, 0xf3, 0x0,

    /* U+F019 "" */
    0x0, 0x0, 0x27, 0x72, 0x0, 0x0, 0x0, 0x0,
    0x7f, 0xf7, 0x0, 0x0, 0x0, 0x0, 0x8f, 0xf8,
    0x0, 0x0, 0x0, 0x0, 0x8f, 0xf8, 0x0, 0x0,
    0x0, 0x0, 0x8f, 0xf8, 0x0, 0x0, 0x0, 0xdf,
    0xff, 0xff, 0xfd, 0x0, 0x0, 0x4f, 0xff, 0xff,
    0xf4, 0x0, 0x0, 0x4, 0xff, 0xff, 0x40, 0x0,
    0x23, 0x33, 0x5f, 0xf5, 0x33, 0x32, 0xff, 0xff,
    0xa4, 0x4a, 0xff, 0xff, 0xff, 0xff, 0xfc, 0xcf,
    0xff, 0xff, 0xff, 0xff, 0xff, 0xff, 0x5c, 0x8f,
    0x9a, 0xaa, 0xaa, 0xaa, 0xaa, 0xa8,

    /* U+F01C "" */
    0x0, 0x4f, 0xff, 0xff, 0xff, 0xb0, 0x0, 0x1,
    0xed, 0x88, 0x88, 0x89, 0xf8, 0x0, 0xa, 0xf2,
    0x0, 0x0, 0x0, 0xaf, 0x30, 0x5f, 0x70, 0x0,
    0x0, 0x0, 0x1e, 0xd0, 0xef, 0x88, 0x60, 0x0,
    0x28, 0x8b, 0xf6, 0xff, 0xff, 0xf3, 0x0, 0xbf,
    0xff, 0xf8, 0xff, 0xff, 0xff, 0xff, 0xff, 0xff,
    0xf8, 0xff, 0xff, 0xff, 0xff, 0xff, 0xff, 0xf7,
    0xbf, 0xff, 0xff, 0xff, 0xff, 0xff, 0xf4,

    /* U+F021 "" */
    0x0, 0x0, 0x1, 0x10, 0x0, 0x59, 0x0, 0x19,
    0xef, 0xfd, 0x70, 0x9f, 0x3, 0xef, 0xda, 0x9d,
    0xfe, 0xbf, 0xe, 0xf6, 0x0, 0x0, 0x5f, 0xff,
    0x7f, 0x70, 0x0, 0x3f, 0xff, 0xff, 0x69, 0x0,
    0x0, 0x2a, 0xaa, 0xa9, 0x0, 0x0, 0x0, 0x0,
    0x0, 0x0, 0xaa, 0xaa, 0xa2, 0x0, 0x0, 0xa6,
    0xff, 0xfe, 0xf3, 0x0, 0x7, 0xf7, 0xff, 0xf5,
    0x0, 0x0, 0x7f, 0xe0, 0xfb, 0xef, 0xd9, 0xad,
    0xfe, 0x30, 0xfa, 0x8, 0xef, 0xfe, 0x91, 0x0,
    0x95, 0x0, 0x1, 0x10, 0x0, 0x0,

    /* U+F026 "" */
    0x0, 0x0, 0x2a, 0x0, 0x2, 0xef, 0x78, 0x8e,
    0xff, 0xff, 0xff, 0xff, 0xff, 0xff, 0xff, 0xff,
    0xff, 0xff, 0xdf, 0xff, 0xff, 0x0, 0x7, 0xff,
    0x0, 0x0, 0x7f, 0x0, 0x0, 0x1,

    /* U+F027 "" */
    0x0, 0x0, 0x2a, 0x0, 0x0, 0x0, 0x2e, 0xf0,
    0x0, 0x78, 0x8e, 0xff, 0x3, 0xf, 0xff, 0xff,
    0xf0, 0xba, 0xff, 0xff, 0xff, 0x3, 0xff, 0xff,
    0xff, 0xf0, 0xaa, 0xdf, 0xff, 0xff, 0x4, 0x0,
    0x0, 0x8f, 0xf0, 0x0, 0x0, 0x0, 0x8f, 0x0,
    0x0, 0x0, 0x0, 0x10, 0x0,

    /* U+F028 "" */
    0x0, 0x0, 0x0, 0x0, 0x0, 0x0, 0x0, 0x0,
    0x0, 0x0, 0x0, 0x6, 0xd2, 0x0, 0x0, 0x0,
    0x2a, 0x0, 0x11, 0x8e, 0x10, 0x0, 0x2, 0xef,
    0x0, 0x7d, 0x2b, 0x90, 0x78, 0x8e, 0xff, 0x3,
    0xa, 0xb3, 0xf0, 0xff, 0xff, 0xff, 0xb, 0xa1,
    0xf1, 0xe3, 0xff, 0xff, 0xff, 0x3, 0xf0, 0xe3,
    0xc5, 0xff, 0xff, 0xff, 0xb, 0xa1, 0xf1, 0xe3,
    0xdf, 0xff, 0xff, 0x3, 0xa, 0xb3, 0xf0, 0x0,
    0x7, 0xff, 0x0, 0x7d, 0x2b, 0x90, 0x0, 0x0,
    0x7f, 0x0, 0x11, 0x9e, 0x10, 0x0, 0x0, 0x1,
    0x0, 0x6, 0xd2, 0x0, 0x0, 0x0, 0x0, 0x0,
    0x0, 0x0, 0x0,

    /* U+F03E "" */
    0xbf, 0xff, 0xff, 0xff, 0xff, 0xfb, 0xfd, 0x5b,
    0xff, 0xff, 0xff, 0xff, 0xf5, 0x1, 0xff, 0xff,
    0xef, 0xff, 0xfb, 0x18, 0xff, 0xf6, 0x1c, 0xff,
    0xff, 0xfc, 0xff, 0x60, 0x1, 0xdf, 0xff, 0x60,
    0x96, 0x0, 0x0, 0x8f, 0xf9, 0x0, 0x0, 0x0,
    0x0, 0x8f, 0xfc, 0x88, 0x88, 0x88, 0x88, 0xcf,
    0xbf, 0xff, 0xff, 0xff, 0xff, 0xfb,

    /* U+F043 "" */
    0x0, 0x2, 0x40, 0x0, 0x0, 0x0, 0xcf, 0x10,
    0x0, 0x0, 0x2f, 0xf7, 0x0, 0x0, 0xa, 0xff,
    0xe0, 0x0, 0x4, 0xff, 0xff, 0x80, 0x0, 0xef,
    0xff, 0xff, 0x30, 0x8f, 0xff, 0xff, 0xfc, 0xe,
    0xff, 0xff, 0xff, 0xf2, 0xf9, 0xcf, 0xff, 0xff,
    0x3d, 0xc5, 0xff, 0xff, 0xf1, 0x6f, 0xa3, 0xbf,
    0xfa, 0x0, 0x8f, 0xff, 0xfb, 0x0, 0x0, 0x26,
    0x74, 0x0, 0x0,

    /* U+F048 "" */
    0x58, 0x0, 0x0, 0x35, 0x9f, 0x10, 0x5, 0xfe,
    0x9f, 0x10, 0x6f, 0xfe, 0x9f, 0x17, 0xff, 0xfe,
    0x9f, 0x9f, 0xff, 0xfe, 0x9f, 0xff, 0xff, 0xfe,
    0x9f, 0xef, 0xff, 0xfe, 0x9f, 0x2d, 0xff, 0xfe,
    0x9f, 0x10, 0xcf, 0xfe, 0x9f, 0x10, 0xb, 0xfe,
    0x8f, 0x0, 0x0, 0x9b, 0x0, 0x0, 0x0, 0x0,

    /* U+F04B "" */
    0x46, 0x0, 0x0, 0x0, 0x0, 0xf, 0xfd, 0x40,
    0x0, 0x0, 0x0, 0xff, 0xff, 0xa1, 0x0, 0x0,
    0xf, 0xff, 0xff, 0xf7, 0x0, 0x0, 0xff, 0xff,
    0xff, 0xfd, 0x50, 0xf, 0xff, 0xff, 0xff, 0xff,
    0xb1, 0xff, 0xff, 0xff, 0xff, 0xff, 0x6f, 0xff,
    0xff, 0xff, 0xff, 0xb1, 0xff, 0xff, 0xff, 0xfd,
    0x40, 0xf, 0xff, 0xff, 0xf7, 0x0, 0x0, 0xff,
    0xff, 0xa1, 0x0, 0x0, 0xf, 0xfd, 0x40, 0x0,
    0x0, 0x0, 0x36, 0x0, 0x0, 0x0, 0x0, 0x0,

    /* U+F04C "" */
    0xaf, 0xfe, 0x30, 0xaf, 0xfe, 0x3f, 0xff, 0xf7,
    0xf, 0xff, 0xf7, 0xff, 0xff, 0x80, 0xff, 0xff,
    0x8f, 0xff, 0xf8, 0xf, 0xff, 0xf8, 0xff, 0xff,
    0x80, 0xff, 0xff, 0x8f, 0xff, 0xf8, 0xf, 0xff,
    0xf8, 0xff, 0xff, 0x80, 0xff, 0xff, 0x8f, 0xff,
    0xf8, 0xf, 0xff, 0xf8, 0xff, 0xff, 0x80, 0xff,
    0xff, 0x8f, 0xff, 0xf7, 0xf, 0xff, 0xf7, 0x48,
    0x98, 0x10, 0x48, 0x98, 0x10,

    /* U+F04D "" */
    0x48, 0x88, 0x88, 0x88, 0x88, 0x1f, 0xff, 0xff,
    0xff, 0xff, 0xf7, 0xff, 0xff, 0xff, 0xff, 0xff,
    0x8f, 0xff, 0xff, 0xff, 0xff, 0xf8, 0xff, 0xff,
    0xff, 0xff, 0xff, 0x8f, 0xff, 0xff, 0xff, 0xff,
    0xf8, 0xff, 0xff, 0xff, 0xff, 0xff, 0x8f, 0xff,
    0xff, 0xff, 0xff, 0xf8, 0xff, 0xff, 0xff, 0xff,
    0xff, 0x8f, 0xff, 0xff, 0xff, 0xff, 0xf7, 0xaf,
    0xff, 0xff, 0xff, 0xfe, 0x30,

    /* U+F051 "" */
    0x26, 0x0, 0x0, 0x58, 0x7f, 0xa0, 0x0, 0xbf,
    0x8f, 0xfb, 0x0, 0xbf, 0x8f, 0xff, 0xc1, 0xbf,
    0x8f, 0xff, 0xfd, 0xcf, 0x8f, 0xff, 0xff, 0xff,
    0x8f, 0xff, 0xff, 0xef, 0x8f, 0xff, 0xf4, 0xbf,
    0x8f, 0xff, 0x40, 0xbf, 0x8f, 0xe3, 0x0, 0xbf,
    0x5d, 0x20, 0x0, 0xae, 0x0, 0x0, 0x0, 0x0,

    /* U+F052 "" */
    0x0, 0x0, 0x3, 0x70, 0x0, 0x0, 0x0, 0x0,
    0x3f, 0xfa, 0x0, 0x0, 0x0, 0x2, 0xef, 0xff,
    0x90, 0x0, 0x0, 0x1e, 0xff, 0xff, 0xf8, 0x0,
    0x1, 0xdf, 0xff, 0xff, 0xff, 0x70, 0xc, 0xff,
    0xff, 0xff, 0xff, 0xf4, 0xd, 0xff, 0xff, 0xff,
    0xff, 0xf5, 0x1, 0x34, 0x44, 0x44, 0x44, 0x30,
    0xd, 0xff, 0xff, 0xff, 0xff, 0xf5, 0xf, 0xff,
    0xff, 0xff, 0xff, 0xf8, 0xc, 0xff, 0xff, 0xff,
    0xff, 0xf5,

    /* U+F053 "" */
    0x0, 0x0, 0x3, 0x10, 0x0, 0x5, 0xfb, 0x0,
    0x5, 0xff, 0x40, 0x5, 0xff, 0x40, 0x5, 0xff,
    0x50, 0x3, 0xff, 0x50, 0x0, 0xb, 0xfc, 0x10,
    0x0, 0xb, 0xfc, 0x10, 0x0, 0xb, 0xfc, 0x10,
    0x0, 0xc, 0xfb, 0x0, 0x0, 0xa, 0x50,

    /* U+F054 "" */
    0x3, 0x10, 0x0, 0x3, 0xfc, 0x10, 0x0, 0xb,
    0xfc, 0x10, 0x0, 0xb, 0xfc, 0x10, 0x0, 0xb,
    0xfc, 0x10, 0x0, 0xd, 0xfb, 0x0, 0x5, 0xff,
    0x50, 0x5, 0xff, 0x50, 0x5, 0xff, 0x50, 0x3,
    0xff, 0x50, 0x0, 0xa, 0x50, 0x0, 0x0,

    /* U+F067 "" */
    0x0, 0x0, 0x69, 0x10, 0x0, 0x0, 0x0, 0xd,
    0xf5, 0x0, 0x0, 0x0, 0x0, 0xef, 0x60, 0x0,
    0x0, 0x0, 0xe, 0xf6, 0x0, 0x0, 0x58, 0x88,
    0xff, 0xb8, 0x88, 0x1f, 0xff, 0xff, 0xff, 0xff,
    0xf7, 0x9b, 0xbb, 0xff, 0xdb, 0xbb, 0x30, 0x0,
    0xe, 0xf6, 0x0, 0x0, 0x0, 0x0, 0xef, 0x60,
    0x0, 0x0, 0x0, 0xe, 0xf6, 0x0, 0x0, 0x0,
    0x0, 0x9d, 0x20, 0x0, 0x0,

    /* U+F068 "" */
    0x46, 0x66, 0x66, 0x66, 0x66, 0x1f, 0xff, 0xff,
    0xff, 0xff, 0xf7, 0xad, 0xdd, 0xdd, 0xdd, 0xdd,
    0x40,

    /* U+F06E "" */
    0x0, 0x3, 0xad, 0xff, 0xc7, 0x0, 0x0, 0x0,
    0x9f, 0xe6, 0x24, 0xaf, 0xe3, 0x0, 0xb, 0xff,
    0x20, 0x77, 0x9, 0xff, 0x40, 0x7f, 0xf9, 0x0,
    0xcf, 0xa1, 0xff, 0xe1, 0xef, 0xf6, 0x7f, 0xff,
    0xf0, 0xef, 0xf7, 0x8f, 0xf9, 0x3f, 0xff, 0xc1,
    0xff, 0xe1, 0xb, 0xff, 0x26, 0xca, 0x19, 0xff,
    0x40, 0x0, 0x9f, 0xe6, 0x24, 0xaf, 0xe3, 0x0,
    0x0, 0x3, 0x9d, 0xff, 0xc7, 0x0, 0x0,

    /* U+F070 "" */
    0x32, 0x0, 0x0, 0x0, 0x0, 0x0, 0x0, 0x0,
    0xdf, 0x50, 0x0, 0x0, 0x0, 0x0, 0x0, 0x0,
    0x1c, 0xf8, 0x4a, 0xef, 0xeb, 0x50, 0x0, 0x0,
    0x0, 0x9f, 0xfd, 0x52, 0x5d, 0xfc, 0x10, 0x0,
    0x0, 0x5, 0xfe, 0x4a, 0x70, 0xcf, 0xe1, 0x0,
    0xb, 0x80, 0x2d, 0xff, 0xf7, 0x4f, 0xfb, 0x0,
    0x2f, 0xfb, 0x0, 0xaf, 0xfb, 0x2f, 0xff, 0x30,
    0xb, 0xff, 0x50, 0x7, 0xfe, 0x7f, 0xfb, 0x0,
    0x1, 0xdf, 0xc0, 0x0, 0x3e, 0xff, 0xe1, 0x0,
    0x0, 0x1b, 0xfc, 0x42, 0x1, 0xbf, 0xa0, 0x0,
    0x0, 0x0, 0x5b, 0xef, 0xb0, 0x8, 0xfc, 0x10,
    0x0, 0x0, 0x0, 0x0, 0x0, 0x0, 0x4f, 0xe0,
    0x0, 0x0, 0x0, 0x0, 0x0, 0x0, 0x2, 0x40,

    /* U+F071 "" */
    0x0, 0x0, 0x0, 0x3, 0x10, 0x0, 0x0, 0x0,
    0x0, 0x0, 0x5, 0xfd, 0x0, 0x0, 0x0, 0x0,
    0x0, 0x0, 0xef, 0xf7, 0x0, 0x0, 0x0, 0x0,
    0x0, 0x8f, 0xff, 0xf1, 0x0, 0x0, 0x0, 0x0,
    0x2f, 0xfd, 0xef, 0xa0, 0x0, 0x0, 0x0, 0xb,
    0xfb, 0x3, 0xff, 0x30, 0x0, 0x0, 0x4, 0xff,
    0xc0, 0x4f, 0xfc, 0x0, 0x0, 0x0, 0xdf, 0xfd,
    0x5, 0xff, 0xf6, 0x0, 0x0, 0x7f, 0xff, 0xf8,
    0xcf, 0xff, 0xe1, 0x0, 0x1f, 0xff, 0xfc, 0x4,
    0xff, 0xff, 0x90, 0xa, 0xff, 0xff, 0xd2, 0x7f,
    0xff, 0xff, 0x20, 0xff, 0xff, 0xff, 0xff, 0xff,
    0xff, 0xf6, 0x4, 0x78, 0x88, 0x88, 0x88, 0x88,
    0x87, 0x0,

    /* U+F074 "" */
    0x0, 0x0, 0x0, 0x0, 0x6, 0x10, 0x0, 0x0,
    0x0, 0x0, 0xf, 0xc1, 0xff, 0xf8, 0x0, 0x2e,
    0xff, 0xfc, 0xcd, 0xff, 0x62, 0xef, 0xdf, 0xf9,
    0x0, 0x2c, 0x4e, 0xf9, 0xf, 0x90, 0x0, 0x2,
    0xef, 0x90, 0x7, 0x0, 0x0, 0x2e, 0xf8, 0x88,
    0xf, 0xa0, 0xcd, 0xff, 0x80, 0xdf, 0xdf, 0xf9,
    0xff, 0xf8, 0x0, 0x1e, 0xff, 0xfc, 0x0, 0x0,
    0x0, 0x0, 0xf, 0xc0, 0x0, 0x0, 0x0, 0x0,
    0x6, 0x10,

    /* U+F077 "" */
    0x0, 0x0, 0x27, 0x0, 0x0, 0x0, 0x0, 0x2e,
    0xf9, 0x0, 0x0, 0x0, 0x2e, 0xff, 0xf9, 0x0,
    0x0, 0x2e, 0xf9, 0x2e, 0xf9, 0x0, 0x2e, 0xf9,
    0x0, 0x2e, 0xf9, 0xb, 0xf9, 0x0, 0x0, 0x2e,
    0xf4, 0x27, 0x0, 0x0, 0x0, 0x27, 0x0,

    /* U+F078 "" */
    0x26, 0x0, 0x0, 0x0, 0x27, 0xb, 0xf9, 0x0,
    0x0, 0x2e, 0xf4, 0x2e, 0xf9, 0x0, 0x2e, 0xf9,
    0x0, 0x2e, 0xf9, 0x2e, 0xf9, 0x0, 0x0, 0x2e,
    0xff, 0xf9, 0x0, 0x0, 0x0, 0x2e, 0xf9, 0x0,
    0x0, 0x0, 0x0, 0x26, 0x0, 0x0, 0x0,

    /* U+F079 "" */
    0x0, 0x1, 0x0, 0x0, 0x0, 0x0, 0x0, 0x0,
    0x0, 0x3f, 0xc0, 0x7, 0x77, 0x77, 0x72, 0x0,
    0x3, 0xff, 0xfc, 0x2e, 0xff, 0xff, 0xf9, 0x0,
    0xf, 0xcf, 0xcf, 0xa0, 0x0, 0x0, 0xe9, 0x0,
    0x4, 0x1e, 0x93, 0x20, 0x0, 0x0, 0xe9, 0x0,
    0x0, 0xe, 0x90, 0x0, 0x0, 0x0, 0xe9, 0x0,
    0x0, 0xe, 0x90, 0x0, 0x0, 0xb5, 0xe9, 0x97,
    0x0, 0xe, 0xc7, 0x77, 0x73, 0xbf, 0xff, 0xf6,
    0x0, 0xd, 0xff, 0xff, 0xfd, 0xb, 0xff, 0x70,
    0x0, 0x0, 0x0, 0x0, 0x0, 0x0, 0xa6, 0x0,

    /* U+F07B "" */
    0xbf, 0xff, 0xf6, 0x0, 0x0, 0x0, 0xff, 0xff,
    0xff, 0x98, 0x88, 0x74, 0xff, 0xff, 0xff, 0xff,
    0xff, 0xff, 0xff, 0xff, 0xff, 0xff, 0xff, 0xff,
    0xff, 0xff, 0xff, 0xff, 0xff, 0xff, 0xff, 0xff,
    0xff, 0xff, 0xff, 0xff, 0xff, 0xff, 0xff, 0xff,
    0xff, 0xff, 0xff, 0xff, 0xff, 0xff, 0xff, 0xff,
    0xbf, 0xff, 0xff, 0xff, 0xff, 0xfb,

    /* U+F093 "" */
    0x0, 0x0, 0x2, 0x20, 0x0, 0x0, 0x0, 0x0,
    0x3e, 0xe3, 0x0, 0x0, 0x0, 0x3, 0xef, 0xfe,
    0x30, 0x0, 0x0, 0x3e, 0xff, 0xff, 0xe3, 0x0,
    0x0, 0xef, 0xff, 0xff, 0xfe, 0x0, 0x0, 0x0,
    0x8f, 0xf8, 0x0, 0x0, 0x0, 0x0, 0x8f, 0xf8,
    0x0, 0x0, 0x0, 0x0, 0x8f, 0xf8, 0x0, 0x0,
    0x23, 0x32, 0x8f, 0xf8, 0x23, 0x32, 0xff, 0xfd,
    0x39, 0x93, 0xef, 0xff, 0xff, 0xff, 0xc9, 0x9c,
    0xff, 0xff, 0xff, 0xff, 0xff, 0xff, 0x5c, 0x8f,
    0x9a, 0xaa, 0xaa, 0xaa, 0xaa, 0xa8,

    /* U+F095 "" */
    0x0, 0x0, 0x0, 0x0, 0x3, 0x62, 0x0, 0x0,
    0x0, 0x0, 0x0, 0xcf, 0xfe, 0x0, 0x0, 0x0,
    0x0, 0x3f, 0xff, 0xe0, 0x0, 0x0, 0x0, 0x9,
    0xff, 0xfd, 0x0, 0x0, 0x0, 0x0, 0x2d, 0xff,
    0x90, 0x0, 0x0, 0x0, 0x0, 0x4f, 0xf4, 0x0,
    0x0, 0x0, 0x0, 0xc, 0xfd, 0x0, 0x0, 0x1,
    0x0, 0x9, 0xff, 0x40, 0x1, 0x8e, 0xe1, 0x1a,
    0xff, 0x70, 0x0, 0xef, 0xff, 0xde, 0xff, 0x90,
    0x0, 0xc, 0xff, 0xff, 0xff, 0x60, 0x0, 0x0,
    0x8f, 0xff, 0xe9, 0x10, 0x0, 0x0, 0x2, 0x76,
    0x30, 0x0, 0x0, 0x0, 0x0,

    /* U+F0C2 "" */
    0x0, 0x0, 0x37, 0x73, 0x0, 0x0, 0x0, 0x0,
    0x0, 0x8f, 0xff, 0xf8, 0x0, 0x0, 0x0, 0x0,
    0x5f, 0xff, 0xff, 0xfd, 0xfc, 0x10, 0x0, 0xa,
    0xff, 0xff, 0xff, 0xff, 0xf9, 0x0, 0x3, 0xef,
    0xff, 0xff, 0xff, 0xff, 0xb0, 0x4, 0xff, 0xff,
    0xff, 0xff, 0xff, 0xff, 0x90, 0xcf, 0xff, 0xff,
    0xff, 0xff, 0xff, 0xff, 0x8f, 0xff, 0xff, 0xff,
    0xff, 0xff, 0xff, 0xff, 0xdf, 0xff, 0xff, 0xff,
    0xff, 0xff, 0xff, 0xe5, 0xff, 0xff, 0xff, 0xff,
    0xff, 0xff, 0xf8, 0x5, 0xcf, 0xff, 0xff, 0xff,
    0xff, 0xd7, 0x0,

    /* U+F0C4 "" */
    0x7, 0x93, 0x0, 0x0, 0x22, 0xa, 0xff, 0xf2,
    0x0, 0x8f, 0xf5, 0xf9, 0x1f, 0x70, 0x8f, 0xf9,
    0xc, 0xfc, 0xf8, 0x8f, 0xf9, 0x0, 0x1a, 0xef,
    0xff, 0xf9, 0x0, 0x0, 0x0, 0xef, 0xfc, 0x0,
    0x0, 0x7, 0xbf, 0xff, 0xf6, 0x0, 0xa, 0xff,
    0xfa, 0xbf, 0xf6, 0x0, 0xf9, 0x1f, 0x70, 0xbf,
    0xf6, 0xc, 0xfc, 0xf4, 0x0, 0xbf, 0xf4, 0x1a,
    0xc6, 0x0, 0x0, 0x56, 0x0,

    /* U+F0C5 "" */
    0x0, 0x3, 0x44, 0x41, 0x20, 0x0, 0x0, 0xff,
    0xff, 0x5e, 0x40, 0x24, 0x1f, 0xff, 0xf5, 0xee,
    0x2f, 0xf4, 0xff, 0xff, 0xc8, 0x82, 0xff, 0x4f,
    0xff, 0xff, 0xff, 0x5f, 0xf4, 0xff, 0xff, 0xff,
    0xf5, 0xff, 0x4f, 0xff, 0xff, 0xff, 0x5f, 0xf4,
    0xff, 0xff, 0xff, 0xf5, 0xff, 0x4f, 0xff, 0xff,
    0xff, 0x5f, 0xf4, 0xff, 0xff, 0xff, 0xf4, 0xff,
    0x93, 0x44, 0x44, 0x43, 0xf, 0xff, 0xff, 0xff,
    0x50, 0x0, 0x68, 0x88, 0x88, 0x71, 0x0, 0x0,

    /* U+F0C7 "" */
    0x48, 0x88, 0x88, 0x87, 0x0, 0xf, 0xff, 0xff,
    0xff, 0xfb, 0x0, 0xf8, 0x0, 0x0, 0xb, 0xfb,
    0xf, 0x80, 0x0, 0x0, 0xbf, 0xf3, 0xfb, 0x77,
    0x77, 0x7d, 0xff, 0x4f, 0xff, 0xff, 0xff, 0xff,
    0xf4, 0xff, 0xff, 0x42, 0xdf, 0xff, 0x4f, 0xff,
    0xc0, 0x8, 0xff, 0xf4, 0xff, 0xfe, 0x0, 0xaf,
    0xff, 0x4f, 0xff, 0xfc, 0xaf, 0xff, 0xf4, 0xaf,
    0xff, 0xff, 0xff, 0xfd, 0x10,

    /* U+F0C9 "" */
    0x0, 0x0, 0x0, 0x0, 0x0, 0xf, 0xff, 0xff,
    0xff, 0xff, 0xf7, 0x9a, 0xaa, 0xaa, 0xaa, 0xaa,
    0x40, 0x0, 0x0, 0x0, 0x0, 0x0, 0x89, 0x99,
    0x99, 0x99, 0x99, 0x3f, 0xff, 0xff, 0xff, 0xff,
    0xf7, 0x12, 0x22, 0x22, 0x22, 0x22, 0x0, 0x0,
    0x0, 0x0, 0x0, 0x0, 0x9a, 0xaa, 0xaa, 0xaa,
    0xaa, 0x4f, 0xff, 0xff, 0xff, 0xff, 0xf7, 0x0,
    0x0, 0x0, 0x0, 0x0, 0x0,

    /* U+F0E0 "" */
    0xbf, 0xff, 0xff, 0xff, 0xff, 0xfb, 0xff, 0xff,
    0xff, 0xff, 0xff, 0xff, 0x4e, 0xff, 0xff, 0xff,
    0xff, 0xe4, 0xc3, 0xbf, 0xff, 0xff, 0xfb, 0x3c,
    0xff, 0x57, 0xff, 0xff, 0x75, 0xff, 0xff, 0xf9,
    0x3d, 0xd3, 0x9f, 0xff, 0xff, 0xff, 0xd5, 0x5d,
    0xff, 0xff, 0xff, 0xff, 0xff, 0xff, 0xff, 0xff,
    0xbf, 0xff, 0xff, 0xff, 0xff, 0xfb,

    /* U+F0E7 "" */
    0x1, 0xbb, 0xba, 0x10, 0x0, 0x5f, 0xff, 0xf1,
    0x0, 0x7, 0xff, 0xfb, 0x0, 0x0, 0x9f, 0xff,
    0x60, 0x0, 0xb, 0xff, 0xff, 0xff, 0x60, 0xef,
    0xff, 0xff, 0xf1, 0xe, 0xff, 0xff, 0xf8, 0x0,
    0x0, 0xc, 0xfe, 0x0, 0x0, 0x0, 0xff, 0x50,
    0x0, 0x0, 0x3f, 0xc0, 0x0, 0x0, 0x7, 0xf3,
    0x0, 0x0, 0x0, 0xa9, 0x0, 0x0, 0x0, 0x2,
    0x0, 0x0, 0x0,

    /* U+F0EA "" */
    0x0, 0x2a, 0x50, 0x0, 0x0, 0xe, 0xff, 0x8f,
    0xff, 0x20, 0x0, 0xff, 0xf8, 0xff, 0xf4, 0x0,
    0xf, 0xff, 0xeb, 0xbb, 0x30, 0x0, 0xff, 0xf4,
    0x99, 0x92, 0x60, 0xf, 0xff, 0x5f, 0xff, 0x4f,
    0xa0, 0xff, 0xf5, 0xff, 0xf5, 0x56, 0x1f, 0xff,
    0x5f, 0xff, 0xff, 0xf4, 0xff, 0xf5, 0xff, 0xff,
    0xff, 0x4e, 0xff, 0x5f, 0xff, 0xff, 0xf4, 0x0,
    0x5, 0xff, 0xff, 0xff, 0x40, 0x0, 0x5f, 0xff,
    0xff, 0xf4, 0x0, 0x0, 0x44, 0x44, 0x44, 0x0,

    /* U+F0F3 "" */
    0x0, 0x0, 0x15, 0x0, 0x0, 0x0, 0x0, 0x9,
    0xf1, 0x0, 0x0, 0x0, 0x2d, 0xff, 0xf9, 0x0,
    0x0, 0xe, 0xff, 0xff, 0xf7, 0x0, 0x5, 0xff,
    0xff, 0xff, 0xd0, 0x0, 0x8f, 0xff, 0xff, 0xff,
    0x0, 0xa, 0xff, 0xff, 0xff, 0xf2, 0x0, 0xdf,
    0xff, 0xff, 0xff, 0x50, 0x6f, 0xff, 0xff, 0xff,
    0xfd, 0xe, 0xff, 0xff, 0xff, 0xff, 0xf6, 0x24,
    0x44, 0x44, 0x44, 0x43, 0x0, 0x0, 0x2f, 0xf9,
    0x0, 0x0, 0x0, 0x0, 0x46, 0x0, 0x0, 0x0,

    /* U+F11C "" */
    0xbf, 0xff, 0xff, 0xff, 0xff, 0xff, 0xf4, 0xfc,
    0x8e, 0x8e, 0x8e, 0x88, 0xe8, 0xf7, 0xf8, 0xc,
    0xc, 0xb, 0x0, 0xb0, 0xf8, 0xff, 0xec, 0xfc,
    0xec, 0xee, 0xcf, 0xf8, 0xff, 0xa0, 0xc0, 0xa0,
    0x77, 0x2f, 0xf8, 0xff, 0xec, 0xfc, 0xec, 0xee,
    0xcf, 0xf8, 0xf8, 0xc, 0x0, 0x0, 0x0, 0xb0,
    0xf8, 0xfc, 0x8e, 0x88, 0x88, 0x88, 0xe8, 0xf7,
    0xbf, 0xff, 0xff, 0xff, 0xff, 0xff, 0xf4,

    /* U+F124 "" */
    0x0, 0x0, 0x0, 0x0, 0x0, 0x6, 0x30, 0x0,
    0x0, 0x0, 0x0, 0x18, 0xef, 0xe0, 0x0, 0x0,
    0x0, 0x29, 0xff, 0xff, 0xb0, 0x0, 0x0, 0x3a,
    0xff, 0xff, 0xff, 0x30, 0x0, 0x4c, 0xff, 0xff,
    0xff, 0xfc, 0x0, 0xb, 0xff, 0xff, 0xff, 0xff,
    0xf5, 0x0, 0xe, 0xff, 0xff, 0xff, 0xff, 0xd0,
    0x0, 0x1, 0x34, 0x44, 0xdf, 0xff, 0x60, 0x0,
    0x0, 0x0, 0x0, 0xcf, 0xfe, 0x0, 0x0, 0x0,
    0x0, 0x0, 0xcf, 0xf8, 0x0, 0x0, 0x0, 0x0,
    0x0, 0xcf, 0xf1, 0x0, 0x0, 0x0, 0x0, 0x0,
    0xbf, 0x90, 0x0, 0x0, 0x0, 0x0, 0x0, 0x26,
    0x0, 0x0, 0x0,

    /* U+F15B "" */
    0x9b, 0xbb, 0xb2, 0x70, 0xf, 0xff, 0xff, 0x4f,
    0x90, 0xff, 0xff, 0xf4, 0xff, 0x9f, 0xff, 0xff,
    0x54, 0x44, 0xff, 0xff, 0xff, 0xff, 0xff, 0xff,
    0xff, 0xff, 0xff, 0xff, 0xff, 0xff, 0xff, 0xff,
    0xff, 0xff, 0xff, 0xff, 0xff, 0xff, 0xff, 0xff,
    0xff, 0xff, 0xff, 0xff, 0xff, 0xff, 0xff, 0xff,
    0xff, 0xff, 0xff, 0xff, 0xff, 0xff, 0x34, 0x44,
    0x44, 0x44, 0x30,

    /* U+F185 "" */
    0x0, 0x0, 0x0, 0x0, 0x0, 0x0, 0x0, 0x0,
    0xa, 0xa0, 0x0, 0x0, 0x3, 0x82, 0x2f, 0xf2,
    0x28, 0x30, 0x2, 0xff, 0xfd, 0xdf, 0xff, 0x20,
    0x0, 0xce, 0x36, 0x63, 0xec, 0x0, 0x4, 0xd5,
    0xdf, 0xfd, 0x5d, 0x40, 0xbf, 0xf4, 0xff, 0xff,
    0x4f, 0xfb, 0x3b, 0xf3, 0xff, 0xff, 0x3f, 0xb3,
    0x0, 0xba, 0x5d, 0xd5, 0xab, 0x0, 0x0, 0xff,
    0xb5, 0x6b, 0xff, 0x0, 0x4, 0xe9, 0x8f, 0xf8,
    0x9e, 0x40, 0x0, 0x0, 0xd, 0xd0, 0x0, 0x0,
    0x0, 0x0, 0x4, 0x40, 0x0, 0x0,

    /* U+F1EB "" */
    0x0, 0x0, 0x0, 0x0, 0x0, 0x0, 0x0, 0x0,
    0x0, 0x5, 0x9b, 0xcb, 0x95, 0x0, 0x0, 0x0,
    0x8f, 0xff, 0xff, 0xff, 0xff, 0x80, 0x3, 0xef,
    0xfa, 0x53, 0x23, 0x5a, 0xff, 0xe3, 0xdf, 0xa1,
    0x0, 0x0, 0x0, 0x1, 0xaf, 0xd2, 0x60, 0x5,
    0xbe, 0xfe, 0xb5, 0x0, 0x52, 0x0, 0x1c, 0xff,
    0xfe, 0xff, 0xfc, 0x10, 0x0, 0x2, 0xec, 0x40,
    0x0, 0x4c, 0xe2, 0x0, 0x0, 0x1, 0x0, 0x1,
    0x0, 0x1, 0x0, 0x0, 0x0, 0x0, 0xa, 0xfa,
    0x0, 0x0, 0x0, 0x0, 0x0, 0x0, 0xff, 0xf0,
    0x0, 0x0, 0x0, 0x0, 0x0, 0x6, 0xd6, 0x0,
    0x0, 0x0,

    /* U+F240 "" */
    0x37, 0x77, 0x77, 0x77, 0x77, 0x77, 0x75, 0xf,
    0xff, 0xff, 0xff, 0xff, 0xff, 0xff, 0xf3, 0xf8,
    0x34, 0x44, 0x44, 0x44, 0x44, 0x4f, 0xdf, 0x8c,
    0xff, 0xff, 0xff, 0xff, 0xf2, 0xcf, 0xf8, 0xcf,
    0xff, 0xff, 0xff, 0xff, 0x8, 0xff, 0x89, 0xcc,
    0xcc, 0xcc, 0xcc, 0xc3, 0xff, 0xfb, 0x77, 0x77,
    0x77, 0x77, 0x77, 0x9f, 0x9c, 0xff, 0xff, 0xff,
    0xff, 0xff, 0xff, 0xe1, 0x0, 0x0, 0x0, 0x0,
    0x0, 0x0, 0x0, 0x0,

    /* U+F241 "" */
    0x37, 0x77, 0x77, 0x77, 0x77, 0x77, 0x75, 0xf,
    0xff, 0xff, 0xff, 0xff, 0xff, 0xff, 0xf3, 0xf8,
    0x34, 0x44, 0x44, 0x43, 0x0, 0x4f, 0xdf, 0x8c,
    0xff, 0xff, 0xff, 0xc0, 0x2, 0xcf, 0xf8, 0xcf,
    0xff, 0xff, 0xfc, 0x0, 0x8, 0xff, 0x89, 0xcc,
    0xcc, 0xcc, 0x90, 0x3, 0xff, 0xfb, 0x77, 0x77,
    0x77, 0x77, 0x77, 0x9f, 0x9c, 0xff, 0xff, 0xff,
    0xff, 0xff, 0xff, 0xe1, 0x0, 0x0, 0x0, 0x0,
    0x0, 0x0, 0x0, 0x0,

    /* U+F242 "" */
    0x37, 0x77, 0x77, 0x77, 0x77, 0x77, 0x75, 0xf,
    0xff, 0xff, 0xff, 0xff, 0xff, 0xff, 0xf3, 0xf8,
    0x34, 0x44, 0x42, 0x0, 0x0, 0x4f, 0xdf, 0x8c,
    0xff, 0xff, 0x80, 0x0, 0x2, 0xcf, 0xf8, 0xcf,
    0xff, 0xf8, 0x0, 0x0, 0x8, 0xff, 0x89, 0xcc,
    0xcc, 0x60, 0x0, 0x3, 0xff, 0xfb, 0x77, 0x77,
    0x77, 0x77, 0x77, 0x9f, 0x9c, 0xff, 0xff, 0xff,
    0xff, 0xff, 0xff, 0xe1, 0x0, 0x0, 0x0, 0x0,
    0x0, 0x0, 0x0, 0x0,

    /* U+F243 "" */
    0x37, 0x77, 0x77, 0x77, 0x77, 0x77, 0x75, 0xf,
    0xff, 0xff, 0xff, 0xff, 0xff, 0xff, 0xf3, 0xf8,
    0x34, 0x41, 0x0, 0x0, 0x0, 0x4f, 0xdf, 0x8c,
    0xff, 0x40, 0x0, 0x0, 0x2, 0xcf, 0xf8, 0xcf,
    0xf4, 0x0, 0x0, 0x0, 0x8, 0xff, 0x89, 0xcc,
    0x30, 0x0, 0x0, 0x3, 0xff, 0xfb, 0x77, 0x77,
    0x77, 0x77, 0x77, 0x9f, 0x9c, 0xff, 0xff, 0xff,
    0xff, 0xff, 0xff, 0xe1, 0x0, 0x0, 0x0, 0x0,
    0x0, 0x0, 0x0, 0x0,

    /* U+F244 "" */
    0x37, 0x77, 0x77, 0x77, 0x77, 0x77, 0x75, 0xf,
    0xff, 0xff, 0xff, 0xff, 0xff, 0xff, 0xf3, 0xf8,
    0x0, 0x0, 0x0, 0x0, 0x0, 0x4f, 0xdf, 0x80,
    0x0, 0x0, 0x0, 0x0, 0x2, 0xcf, 0xf8, 0x0,
    0x0, 0x0, 0x0, 0x0, 0x8, 0xff, 0x80, 0x0,
    0x0, 0x0, 0x0, 0x3, 0xff, 0xfb, 0x77, 0x77,
    0x77, 0x77, 0x77, 0x9f, 0x9c, 0xff, 0xff, 0xff,
    0xff, 0xff, 0xff, 0xe1, 0x0, 0x0, 0x0, 0x0,
    0x0, 0x0, 0x0, 0x0,

    /* U+F287 "" */
    0x0, 0x0, 0x0, 0x0, 0x0, 0x0, 0x0, 0x0,
    0x0, 0x0, 0x0, 0x25, 0xfb, 0x0, 0x0, 0x0,
    0x0, 0x0, 0x5, 0xcb, 0xfe, 0x0, 0x0, 0x0,
    0x1, 0x0, 0xd, 0x10, 0x42, 0x0, 0x0, 0x0,
    0x9f, 0xd1, 0x68, 0x0, 0x0, 0x0, 0x68, 0x0,
    0xff, 0xfe, 0xee, 0xed, 0xdd, 0xdd, 0xef, 0xc0,
    0x9f, 0xd1, 0x0, 0xb3, 0x0, 0x0, 0x68, 0x0,
    0x1, 0x0, 0x0, 0x3b, 0x5, 0x74, 0x0, 0x0,
    0x0, 0x0, 0x0, 0x9, 0xbe, 0xfb, 0x0, 0x0,
    0x0, 0x0, 0x0, 0x0, 0x2d, 0xfb, 0x0, 0x0,
    0x0, 0x0, 0x0, 0x0, 0x0, 0x0, 0x0, 0x0,

    /* U+F293 "" */
    0x0, 0x0, 0x34, 0x20, 0x0, 0x0, 0x6e, 0xfe,
    0xfd, 0x20, 0x4, 0xff, 0xf3, 0xff, 0xd0, 0xc,
    0xff, 0xf0, 0x4f, 0xf5, 0xf, 0xd5, 0xf2, 0x95,
    0xf8, 0x2f, 0xf7, 0x41, 0x3c, 0xfa, 0x3f, 0xff,
    0x60, 0xaf, 0xfb, 0x3f, 0xfe, 0x20, 0x4f, 0xfb,
    0x2f, 0xe2, 0x92, 0x75, 0xfa, 0xf, 0xeb, 0xf1,
    0x49, 0xf8, 0x9, 0xff, 0xf0, 0x9f, 0xf2, 0x1,
    0xdf, 0xf9, 0xff, 0x90, 0x0, 0x6, 0xab, 0x95,
    0x0,

    /* U+F2DC "" */
    0x0, 0x0, 0x1, 0x30, 0x0, 0x0, 0x0, 0x0,
    0x59, 0xf5, 0x10, 0x0, 0x0, 0x12, 0x9f, 0xfe,
    0x23, 0x0, 0x7, 0xab, 0xb, 0xf3, 0x3e, 0x81,
    0xc, 0xff, 0x28, 0xf0, 0x9f, 0xf4, 0xa, 0xff,
    0xfd, 0xfd, 0xfe, 0xe4, 0x3, 0x10, 0xaf, 0xff,
    0x40, 0x30, 0xa, 0xa9, 0xff, 0xff, 0xc8, 0xc4,
    0x8, 0xff, 0x89, 0xf4, 0xdf, 0xe2, 0xc, 0xed,
    0x8, 0xf0, 0x5f, 0xe4, 0x0, 0x46, 0x3f, 0xfa,
    0x1a, 0x0, 0x0, 0x0, 0xad, 0xfc, 0x30, 0x0,
    0x0, 0x0, 0x5, 0xa0, 0x0, 0x0,

    /* U+F2ED "" */
    0x0, 0x4, 0x88, 0x70, 0x0, 0xb, 0xcc, 0xff,
    0xff, 0xdc, 0xc5, 0xbc, 0xcc, 0xcc, 0xcc, 0xcc,
    0x52, 0x88, 0x88, 0x88, 0x88, 0x60, 0x4f, 0xff,
    0xff, 0xff, 0xfc, 0x4, 0xfa, 0xae, 0x6f, 0x5f,
    0xc0, 0x4f, 0xaa, 0xe6, 0xf4, 0xfc, 0x4, 0xfa,
    0xae, 0x6f, 0x4f, 0xc0, 0x4f, 0xaa, 0xe6, 0xf4,
    0xfc, 0x4, 0xfa, 0xae, 0x6f, 0x4f, 0xc0, 0x4f,
    0xaa, 0xe6, 0xf5, 0xfc, 0x3, 0xff, 0xff, 0xff,
    0xff, 0xb0, 0x6, 0x88, 0x88, 0x88, 0x72, 0x0,

    /* U+F304 "" */
    0x0, 0x0, 0x0, 0x0, 0x1, 0x71, 0x0, 0x0,
    0x0, 0x0, 0x1, 0xef, 0xd1, 0x0, 0x0, 0x0,
    0x1, 0x5f, 0xff, 0xc0, 0x0, 0x0, 0x1, 0xea,
    0x5f, 0xfd, 0x0, 0x0, 0x1, 0xef, 0xfa, 0x5d,
    0x10, 0x0, 0x1, 0xef, 0xff, 0xf8, 0x0, 0x0,
    0x1, 0xef, 0xff, 0xfe, 0x20, 0x0, 0x1, 0xef,
    0xff, 0xfe, 0x20, 0x0, 0x1, 0xef, 0xff, 0xfe,
    0x20, 0x0, 0x0, 0xbf, 0xff, 0xfe, 0x20, 0x0,
    0x0, 0xd, 0xff, 0xfe, 0x20, 0x0, 0x0, 0x0,
    0xff, 0xfe, 0x20, 0x0, 0x0, 0x0, 0x6, 0x64,
    0x10, 0x0, 0x0, 0x0, 0x0,

    /* U+F55A "" */
    0x0, 0x5, 0xef, 0xff, 0xff, 0xff, 0xff, 0x80,
    0x5, 0xff, 0xff, 0xff, 0xff, 0xff, 0xff, 0x5,
    0xff, 0xff, 0x91, 0xdd, 0x19, 0xff, 0xf5, 0xff,
    0xff, 0xfd, 0x11, 0x11, 0xdf, 0xff, 0xef, 0xff,
    0xff, 0xfb, 0x0, 0xbf, 0xff, 0xf5, 0xff, 0xff,
    0xfd, 0x11, 0x11, 0xdf, 0xff, 0x5, 0xff, 0xff,
    0x91, 0xdd, 0x19, 0xff, 0xf0, 0x5, 0xff, 0xff,
    0xff, 0xff, 0xff, 0xff, 0x0, 0x4, 0xef, 0xff,
    0xff, 0xff, 0xff, 0x80,

    /* U+F6C4 "" */
    0x0, 0x0, 0x4, 0x0, 0x0, 0x0, 0x0, 0x0,
    0x0, 0x7, 0xe0, 0x0, 0x0, 0x0, 0x0, 0x7,
    0xd8, 0xef, 0xaa, 0xe0, 0x0, 0x0, 0x0, 0x3f,
    0xd4, 0x38, 0xfb, 0x0, 0x0, 0x0, 0x1, 0xe3,
    0xcf, 0x68, 0x50, 0x0, 0x0, 0x7, 0xfb, 0x9f,
    0xf9, 0x38, 0x71, 0x0, 0x0, 0x6e, 0xb9, 0xfc,
    0x4f, 0xff, 0xd2, 0x20, 0x0, 0xf, 0x5b, 0x6b,
    0xff, 0xff, 0xff, 0x40, 0x4, 0xff, 0x18, 0xff,
    0xff, 0xff, 0xfb, 0x10, 0x59, 0x39, 0xff, 0xff,
    0xff, 0xff, 0xfb, 0x0, 0x0, 0xdf, 0xff, 0xff,
    0xff, 0xff, 0xf0, 0x0, 0x9, 0xff, 0xff, 0xff,
    0xff, 0xfb, 0x0, 0x0, 0x7, 0xbb, 0xbb, 0xbb,
    0xb8, 0x10,

    /* U+F72E "" */
    0x0, 0x0, 0x0, 0x8, 0xb5, 0x0, 0x0, 0x0,
    0x0, 0xa, 0xfd, 0xf3, 0x0, 0x0, 0x0, 0x0,
    0x74, 0x1f, 0x70, 0xb, 0xcc, 0xcc, 0xcc, 0xcd,
    0xf3, 0x0, 0xbc, 0xcc, 0xcc, 0xcc, 0xb4, 0x0,
    0x7, 0x88, 0x74, 0x7, 0x88, 0x73, 0x0, 0xff,
    0xff, 0xf9, 0x9f, 0xff, 0xf6, 0x0, 0x13, 0xa,
    0xf0, 0x0, 0xb, 0xe0, 0x5, 0xfa, 0xdd, 0x7,
    0x30, 0x9f, 0x0, 0x9, 0xfd, 0x30, 0xcf, 0xdf,
    0x90, 0x0, 0x0, 0x0, 0x1, 0x9b, 0x70, 0x0,

    /* U+F73D "" */
    0x0, 0x5, 0x71, 0x0, 0x0, 0x0, 0x0, 0xdf,
    0xff, 0x5a, 0x91, 0x0, 0x6, 0xff, 0xff, 0xff,
    0xf9, 0x0, 0x9, 0xff, 0xff, 0xff, 0xfd, 0x50,
    0x8f, 0xff, 0xff, 0xff, 0xff, 0xf9, 0xff, 0xff,
    0xff, 0xff, 0xff, 0xff, 0xdf, 0xff, 0xff, 0xff,
    0xff, 0xfd, 0x3d, 0xff, 0xff, 0xff, 0xff, 0xd3,
    0x0, 0x0, 0x0, 0x0, 0x0, 0x0, 0x1, 0x70,
    0x4, 0x40, 0x7, 0x10, 0x8, 0xf1, 0xc, 0xc0,
    0x1f, 0x80, 0xd, 0xf4, 0x1f, 0xf0, 0x4f, 0xc0,
    0x3, 0x60, 0x5, 0x40, 0x6, 0x30,

    /* U+F740 "" */
    0x0, 0x0, 0x57, 0x10, 0x0, 0x0, 0x0, 0x0,
    0xdf, 0xff, 0x5a, 0x91, 0x0, 0x0, 0x6f, 0xff,
    0xff, 0xff, 0x90, 0x0, 0x9, 0xff, 0xff, 0xff,
    0xfd, 0x50, 0x8, 0xff, 0xff, 0xff, 0xff, 0xff,
    0x90, 0xff, 0xff, 0xff, 0xff, 0xff, 0xff, 0xd,
    0xff, 0xff, 0xff, 0xff, 0xff, 0xd0, 0x3d, 0xff,
    0xff, 0xff, 0xff, 0xd3, 0x0, 0x0, 0x0, 0x0,
    0x0, 0x0, 0x0, 0x8, 0x24, 0x51, 0x80, 0xa0,
    0x82, 0x2, 0xb0, 0xc1, 0xa3, 0x67, 0x2b, 0x0,
    0xb2, 0x76, 0x3a, 0xc, 0xb, 0x20, 0x4, 0x4,
    0x3, 0x11, 0x30, 0x40, 0x0,

    /* U+F75F "" */
    0x0, 0x57, 0x40, 0x16, 0x73, 0x0, 0x0, 0x1,
    0xdf, 0xff, 0xbe, 0xff, 0xf8, 0x0, 0x0, 0xaf,
    0xff, 0xff, 0xff, 0xff, 0xfd, 0xfa, 0x1e, 0xff,
    0xff, 0xff, 0xff, 0xff, 0xff, 0xfa, 0xef, 0xff,
    0xff, 0xff, 0xff, 0xff, 0xff, 0xf8, 0xff, 0xff,
    0xff, 0xff, 0xff, 0xff, 0xfc, 0x9, 0xff, 0xff,
    0xff, 0xff, 0xff, 0xfe, 0x30, 0x1, 0x34, 0x44,
    0x8e, 0xe8, 0x43, 0x0, 0x0, 0x0, 0x0, 0x0,
    0x0, 0x0, 0x0, 0x0, 0x6f, 0xff, 0xff, 0xff,
    0xff, 0xff, 0xfe, 0x0, 0x11, 0x11, 0x11, 0x11,
    0x11, 0x11, 0x1c, 0xdd, 0x91, 0xdd, 0xdd, 0xdd,
    0xdd, 0x60, 0x34, 0x42, 0x4, 0x44, 0x44, 0x44,
    0x41, 0x0,

    /* U+F7C2 "" */
    0x0, 0x17, 0x88, 0x87, 0x20, 0x2d, 0xff, 0xff,
    0xfd, 0x2e, 0xa0, 0xb3, 0x78, 0xfe, 0xfa, 0xb,
    0x37, 0x8f, 0xff, 0xff, 0xff, 0xff, 0xff, 0xff,
    0xff, 0xff, 0xff, 0xff, 0xff, 0xff, 0xff, 0xff,
    0xff, 0xff, 0xff, 0xff, 0xff, 0xff, 0xff, 0xff,
    0xff, 0xff, 0xff, 0xff, 0xff, 0xff, 0xff, 0xff,
    0xff, 0xfc, 0xff, 0xff, 0xff, 0xfc, 0x4, 0x44,
    0x44, 0x44, 0x0,

    /* U+F8A2 "" */
    0x0, 0x0, 0x0, 0x0, 0x0, 0x2, 0x0, 0x0,
    0x0, 0x0, 0x0, 0x4, 0xf0, 0x0, 0x69, 0x0,
    0x0, 0x0, 0xdf, 0x0, 0x7f, 0xc0, 0x0, 0x0,
    0xd, 0xf0, 0x8f, 0xff, 0xdd, 0xdd, 0xdd, 0xff,
    0xb, 0xff, 0xff, 0xff, 0xff, 0xff, 0xf0, 0xb,
    0xfc, 0x0, 0x0, 0x0, 0x0, 0x0, 0xa, 0xc0,
    0x0, 0x0, 0x0, 0x0, 0x0, 0x0, 0x0, 0x0,
    0x0, 0x0, 0x0
};


/*---------------------
 *  GLYPH DESCRIPTION
 *--------------------*/

static const lv_font_fmt_txt_glyph_dsc_t glyph_dsc[] = {
    {.bitmap_index = 0, .adv_w = 0, .box_w = 0, .box_h = 0, .ofs_x = 0, .ofs_y = 0} /* id = 0 reserved */,
    {.bitmap_index = 0, .adv_w = 51, .box_w = 0, .box_h = 0, .ofs_x = 0, .ofs_y = 0},
    {.bitmap_index = 0, .adv_w = 58, .box_w = 3, .box_h = 9, .ofs_x = 0, .ofs_y = 0},
    {.bitmap_index = 14, .adv_w = 95, .box_w = 4, .box_h = 4, .ofs_x = 1, .ofs_y = 5},
    {.bitmap_index = 22, .adv_w = 123, .box_w = 8, .box_h = 9, .ofs_x = 0, .ofs_y = 0},
    {.bitmap_index = 58, .adv_w = 124, .box_w = 8, .box_h = 12, .ofs_x = 0, .ofs_y = -1},
    {.bitmap_index = 106, .adv_w = 191, .box_w = 10, .box_h = 9, .ofs_x = 1, .ofs_y = 0},
    {.bitmap_index = 151, .adv_w = 125, .box_w = 8, .box_h = 9, .ofs_x = 0, .ofs_y = 0},
    {.bitmap_index = 187, .adv_w = 60, .box_w = 2, .box_h = 4, .ofs_x = 1, .ofs_y = 5},
    {.bitmap_index = 191, .adv_w = 71, .box_w = 3, .box_h = 12, .ofs_x = 1, .ofs_y = -2},
    {.bitmap_index = 209, .adv_w = 71, .box_w = 4, .box_h = 12, .ofs_x = 0, .ofs_y = -2},
    {.bitmap_index = 233, .adv_w = 100, .box_w = 6, .box_h = 6, .ofs_x = 0, .ofs_y = 3},
    {.bitmap_index = 251, .adv_w = 128, .box_w = 6, .box_h = 7, .ofs_x = 1, .ofs_y = 0},
    {.bitmap_index = 272, .adv_w = 58, .box_w = 3, .box_h = 4, .ofs_x = 0, .ofs_y = -3},
    {.bitmap_index = 278, .adv_w = 89, .box_w = 5, .box_h = 2, .ofs_x = 0, .ofs_y = 2},
    {.bitmap_index = 283, .adv_w = 58, .box_w = 3, .box_h = 2, .ofs_x = 0, .ofs_y = 0},
    {.bitmap_index = 286, .adv_w = 71, .box_w = 5, .box_h = 11, .ofs_x = 0, .ofs_y = -1},
    {.bitmap_index = 314, .adv_w = 124, .box_w = 8, .box_h = 9, .ofs_x = 0, .ofs_y = 0},
    {.bitmap_index = 350, .adv_w = 80, .box_w = 5, .box_h = 9, .ofs_x = 0, .ofs_y = 0},
    {.bitmap_index = 373, .adv_w = 118, .box_w = 7, .box_h = 9, .ofs_x = 0, .ofs_y = 0},
    {.bitmap_index = 405, .adv_w = 120, .box_w = 7, .box_h = 9, .ofs_x = 0, .ofs_y = 0},
    {.bitmap_index = 437, .adv_w = 126, .box_w = 8, .box_h = 9, .ofs_x = 0, .ofs_y = 0},
    {.bitmap_index = 473, .adv_w = 116, .box_w = 7, .box_h = 9, .ofs_x = 0, .ofs_y = 0},
    {.bitmap_index = 505, .adv_w = 121, .box_w = 7, .box_h = 9, .ofs_x = 0, .ofs_y = 0},
    {.bitmap_index = 537, .adv_w = 110, .box_w = 7, .box_h = 9, .ofs_x = 0, .ofs_y = 0},
    {.bitmap_index = 569, .adv_w = 121, .box_w = 7, .box_h = 9, .ofs_x = 0, .ofs_y = 0},
    {.bitmap_index = 601, .adv_w = 121, .box_w = 7, .box_h = 9, .ofs_x = 0, .ofs_y = 0},
    {.bitmap_index = 633, .adv_w = 58, .box_w = 3, .box_h = 7, .ofs_x = 0, .ofs_y = 0},
    {.bitmap_index = 644, .adv_w = 61, .box_w = 3, .box_h = 9, .ofs_x = 0, .ofs_y = -3},
    {.bitmap_index = 658, .adv_w = 128, .box_w = 6, .box_h = 8, .ofs_x = 1, .ofs_y = 0},
    {.bitmap_index = 682, .adv_w = 128, .box_w = 6, .box_h = 5, .ofs_x = 1, .ofs_y = 1},
    {.bitmap_index = 697, .adv_w = 128, .box_w = 6, .box_h = 8, .ofs_x = 1, .ofs_y = 0},
    {.bitmap_index = 721, .adv_w = 101, .box_w = 6, .box_h = 9, .ofs_x = 0, .ofs_y = 0},
    {.bitmap_index = 748, .adv_w = 189, .box_w = 12, .box_h = 12, .ofs_x = 0, .ofs_y = -3},
    {.bitmap_index = 820, .adv_w = 136, .box_w = 9, .box_h = 9, .ofs_x = 0, .ofs_y = 0},
    {.bitmap_index = 861, .adv_w = 126, .box_w = 8, .box_h = 9, .ofs_x = 0, .ofs_y = 0},
    {.bitmap_index = 897, .adv_w = 141, .box_w = 9, .box_h = 9, .ofs_x = 0, .ofs_y = 0},
    {.bitmap_index = 938, .adv_w = 139, .box_w = 8, .box_h = 9, .ofs_x = 0, .ofs_y = 0},
    {.bitmap_index = 974, .adv_w = 116, .box_w = 7, .box_h = 9, .ofs_x = 0, .ofs_y = 0},
    {.bitmap_index = 1006, .adv_w = 113, .box_w = 7, .box_h = 9, .ofs_x = 0, .ofs_y = 0},
    {.bitmap_index = 1038, .adv_w = 144, .box_w = 9, .box_h = 9, .ofs_x = 0, .ofs_y = 0},
    {.bitmap_index = 1079, .adv_w = 143, .box_w = 8, .box_h = 9, .ofs_x = 0, .ofs_y = 0},
    {.bitmap_index = 1115, .adv_w = 52, .box_w = 3, .box_h = 9, .ofs_x = 0, .ofs_y = 0},
    {.bitmap_index = 1129, .adv_w = 110, .box_w = 6, .box_h = 9, .ofs_x = 0, .ofs_y = 0},
    {.bitmap_index = 1156, .adv_w = 132, .box_w = 8, .box_h = 9, .ofs_x = 0, .ofs_y = 0},
    {.bitmap_index = 1192, .adv_w = 109, .box_w = 7, .box_h = 9, .ofs_x = 0, .ofs_y = 0},
    {.bitmap_index = 1224, .adv_w = 175, .box_w = 10, .box_h = 9, .ofs_x = 0, .ofs_y = 0},
    {.bitmap_index = 1269, .adv_w = 145, .box_w = 9, .box_h = 9, .ofs_x = 0, .ofs_y = 0},
    {.bitmap_index = 1310, .adv_w = 147, .box_w = 9, .box_h = 9, .ofs_x = 0, .ofs_y = 0},
    {.bitmap_index = 1351, .adv_w = 123, .box_w = 8, .box_h = 9, .ofs_x = 0, .ofs_y = 0},
    {.bitmap_index = 1387, .adv_w = 148, .box_w = 9, .box_h = 10, .ofs_x = 0, .ofs_y = -1},
    {.bitmap_index = 1432, .adv_w = 124, .box_w = 8, .box_h = 9, .ofs_x = 0, .ofs_y = 0},
    {.bitmap_index = 1468, .adv_w = 124, .box_w = 8, .box_h = 9, .ofs_x = 0, .ofs_y = 0},
    {.bitmap_index = 1504, .adv_w = 125, .box_w = 8, .box_h = 9, .ofs_x = 0, .ofs_y = 0},
    {.bitmap_index = 1540, .adv_w = 142, .box_w = 8, .box_h = 9, .ofs_x = 0, .ofs_y = 0},
    {.bitmap_index = 1576, .adv_w = 136, .box_w = 9, .box_h = 9, .ofs_x = 0, .ofs_y = 0},
    {.bitmap_index = 1617, .adv_w = 193, .box_w = 12, .box_h = 9, .ofs_x = 0, .ofs_y = 0},
    {.bitmap_index = 1671, .adv_w = 135, .box_w = 9, .box_h = 9, .ofs_x = 0, .ofs_y = 0},
    {.bitmap_index = 1712, .adv_w = 134, .box_w = 9, .box_h = 9, .ofs_x = 0, .ofs_y = 0},
    {.bitmap_index = 1753, .adv_w = 123, .box_w = 7, .box_h = 9, .ofs_x = 0, .ofs_y = 0},
    {.bitmap_index = 1785, .adv_w = 71, .box_w = 3, .box_h = 12, .ofs_x = 1, .ofs_y = -3},
    {.bitmap_index = 1803, .adv_w = 71, .box_w = 5, .box_h = 11, .ofs_x = 0, .ofs_y = -1},
    {.bitmap_index = 1831, .adv_w = 71, .box_w = 4, .box_h = 12, .ofs_x = 0, .ofs_y = -3},
    {.bitmap_index = 1855, .adv_w = 92, .box_w = 6, .box_h = 4, .ofs_x = 0, .ofs_y = 5},
    {.bitmap_index = 1867, .adv_w = 89, .box_w = 6, .box_h = 2, .ofs_x = 0, .ofs_y = -2},
    {.bitmap_index = 1873, .adv_w = 65, .box_w = 4, .box_h = 2, .ofs_x = 0, .ofs_y = 8},
    {.bitmap_index = 1877, .adv_w = 109, .box_w = 6, .box_h = 7, .ofs_x = 0, .ofs_y = 0},
    {.bitmap_index = 1898, .adv_w = 119, .box_w = 7, .box_h = 9, .ofs_x = 0, .ofs_y = 0},
    {.bitmap_index = 1930, .adv_w = 111, .box_w = 7, .box_h = 7, .ofs_x = 0, .ofs_y = 0},
    {.bitmap_index = 1955, .adv_w = 119, .box_w = 7, .box_h = 9, .ofs_x = 0, .ofs_y = 0},
    {.bitmap_index = 1987, .adv_w = 113, .box_w = 7, .box_h = 7, .ofs_x = 0, .ofs_y = 0},
    {.bitmap_index = 2012, .adv_w = 73, .box_w = 5, .box_h = 9, .ofs_x = 0, .ofs_y = 0},
    {.bitmap_index = 2035, .adv_w = 119, .box_w = 7, .box_h = 10, .ofs_x = 0, .ofs_y = -3},
    {.bitmap_index = 2070, .adv_w = 116, .box_w = 7, .box_h = 9, .ofs_x = 0, .ofs_y = 0},
    {.bitmap_index = 2102, .adv_w = 48, .box_w = 3, .box_h = 9, .ofs_x = 0, .ofs_y = 0},
    {.bitmap_index = 2116, .adv_w = 48, .box_w = 4, .box_h = 12, .ofs_x = -1, .ofs_y = -3},
    {.bitmap_index = 2140, .adv_w = 107, .box_w = 7, .box_h = 9, .ofs_x = 0, .ofs_y = 0},
    {.bitmap_index = 2172, .adv_w = 48, .box_w = 3, .box_h = 9, .ofs_x = 0, .ofs_y = 0},
    {.bitmap_index = 2186, .adv_w = 171, .box_w = 10, .box_h = 7, .ofs_x = 0, .ofs_y = 0},
    {.bitmap_index = 2221, .adv_w = 116, .box_w = 7, .box_h = 7, .ofs_x = 0, .ofs_y = 0},
    {.bitmap_index = 2246, .adv_w = 116, .box_w = 7, .box_h = 7, .ofs_x = 0, .ofs_y = 0},
    {.bitmap_index = 2271, .adv_w = 119, .box_w = 7, .box_h = 10, .ofs_x = 0, .ofs_y = -3},
    {.bitmap_index = 2306, .adv_w = 119, .box_w = 7, .box_h = 10, .ofs_x = 0, .ofs_y = -3},
    {.bitmap_index = 2341, .adv_w = 74, .box_w = 5, .box_h = 7, .ofs_x = 0, .ofs_y = 0},
    {.bitmap_index = 2359, .adv_w = 103, .box_w = 6, .box_h = 7, .ofs_x = 0, .ofs_y = 0},
    {.bitmap_index = 2380, .adv_w = 65, .box_w = 4, .box_h = 9, .ofs_x = 0, .ofs_y = 0},
    {.bitmap_index = 2398, .adv_w = 116, .box_w = 7, .box_h = 7, .ofs_x = 0, .ofs_y = 0},
    {.bitmap_index = 2423, .adv_w = 110, .box_w = 7, .box_h = 7, .ofs_x = 0, .ofs_y = 0},
    {.bitmap_index = 2448, .adv_w = 159, .box_w = 10, .box_h = 7, .ofs_x = 0, .ofs_y = 0},
    {.bitmap_index = 2483, .adv_w = 107, .box_w = 7, .box_h = 7, .ofs_x = 0, .ofs_y = 0},
    {.bitmap_index = 2508, .adv_w = 110, .box_w = 7, .box_h = 10, .ofs_x = 0, .ofs_y = -3},
    {.bitmap_index = 2543, .adv_w = 107, .box_w = 6, .box_h = 7, .ofs_x = 0, .ofs_y = 0},
    {.bitmap_index = 2564, .adv_w = 85, .box_w = 5, .box_h = 12, .ofs_x = 0, .ofs_y = -3},
    {.bitmap_index = 2594, .adv_w = 66, .box_w = 2, .box_h = 15, .ofs_x = 1, .ofs_y = -3},
    {.bitmap_index = 2609, .adv_w = 85, .box_w = 5, .box_h = 12, .ofs_x = 0, .ofs_y = -3},
    {.bitmap_index = 2639, .adv_w = 128, .box_w = 8, .box_h = 4, .ofs_x = 0, .ofs_y = 2},
    {.bitmap_index = 2655, .adv_w = 51, .box_w = 0, .box_h = 0, .ofs_x = 0, .ofs_y = 0},
    {.bitmap_index = 2655, .adv_w = 58, .box_w = 3, .box_h = 10, .ofs_x = 0, .ofs_y = -3},
    {.bitmap_index = 2670, .adv_w = 111, .box_w = 7, .box_h = 9, .ofs_x = 0, .ofs_y = 0},
    {.bitmap_index = 2702, .adv_w = 119, .box_w = 7, .box_h = 9, .ofs_x = 0, .ofs_y = 0},
    {.bitmap_index = 2734, .adv_w = 141, .box_w = 9, .box_h = 9, .ofs_x = 0, .ofs_y = 0},
    {.bitmap_index = 2775, .adv_w = 107, .box_w = 7, .box_h = 9, .ofs_x = 0, .ofs_y = 0},
    {.bitmap_index = 2807, .adv_w = 56, .box_w = 2, .box_h = 11, .ofs_x = 1, .ofs_y = -2},
    {.bitmap_index = 2818, .adv_w = 109, .box_w = 7, .box_h = 12, .ofs_x = 0, .ofs_y = -3},
    {.bitmap_index = 2860, .adv_w = 116, .box_w = 5, .box_h = 2, .ofs_x = 1, .ofs_y = 8},
    {.bitmap_index = 2865, .adv_w = 176, .box_w = 10, .box_h = 10, .ofs_x = 0, .ofs_y = -1},
    {.bitmap_index = 2915, .adv_w = 88, .box_w = 5, .box_h = 5, .ofs_x = 0, .ofs_y = 4},
    {.bitmap_index = 2928, .adv_w = 117, .box_w = 7, .box_h = 6, .ofs_x = 0, .ofs_y = 1},
    {.bitmap_index = 2949, .adv_w = 128, .box_w = 6, .box_h = 3, .ofs_x = 1, .ofs_y = 2},
    {.bitmap_index = 2958, .adv_w = 128, .box_w = 8, .box_h = 7, .ofs_x = 0, .ofs_y = 2},
    {.bitmap_index = 2986, .adv_w = 89, .box_w = 4, .box_h = 1, .ofs_x = 1, .ofs_y = 8},
    {.bitmap_index = 2988, .adv_w = 88, .box_w = 5, .box_h = 5, .ofs_x = 0, .ofs_y = 4},
    {.bitmap_index = 3001, .adv_w = 128, .box_w = 6, .box_h = 7, .ofs_x = 1, .ofs_y = 0},
    {.bitmap_index = 3022, .adv_w = 86, .box_w = 5, .box_h = 5, .ofs_x = 0, .ofs_y = 5},
    {.bitmap_index = 3035, .adv_w = 87, .box_w = 5, .box_h = 5, .ofs_x = 0, .ofs_y = 5},
    {.bitmap_index = 3048, .adv_w = 65, .box_w = 4, .box_h = 2, .ofs_x = 0, .ofs_y = 8},
    {.bitmap_index = 3052, .adv_w = 115, .box_w = 8, .box_h = 10, .ofs_x = 0, .ofs_y = -3},
    {.bitmap_index = 3092, .adv_w = 115, .box_w = 7, .box_h = 9, .ofs_x = 0, .ofs_y = 0},
    {.bitmap_index = 3124, .adv_w = 58, .box_w = 3, .box_h = 2, .ofs_x = 0, .ofs_y = 3},
    {.bitmap_index = 3127, .adv_w = 58, .box_w = 3, .box_h = 4, .ofs_x = 1, .ofs_y = -3},
    {.bitmap_index = 3133, .adv_w = 60, .box_w = 4, .box_h = 5, .ofs_x = 0, .ofs_y = 5},
    {.bitmap_index = 3143, .adv_w = 93, .box_w = 6, .box_h = 5, .ofs_x = 0, .ofs_y = 4},
    {.bitmap_index = 3158, .adv_w = 117, .box_w = 7, .box_h = 6, .ofs_x = 0, .ofs_y = 1},
    {.bitmap_index = 3179, .adv_w = 157, .box_w = 10, .box_h = 10, .ofs_x = 0, .ofs_y = 0},
    {.bitmap_index = 3229, .adv_w = 165, .box_w = 10, .box_h = 10, .ofs_x = 0, .ofs_y = 0},
    {.bitmap_index = 3279, .adv_w = 172, .box_w = 11, .box_h = 10, .ofs_x = 0, .ofs_y = 0},
    {.bitmap_index = 3334, .adv_w = 101, .box_w = 6, .box_h = 10, .ofs_x = 0, .ofs_y = -3},
    {.bitmap_index = 3364, .adv_w = 136, .box_w = 9, .box_h = 12, .ofs_x = 0, .ofs_y = 0},
    {.bitmap_index = 3418, .adv_w = 136, .box_w = 9, .box_h = 12, .ofs_x = 0, .ofs_y = 0},
    {.bitmap_index = 3472, .adv_w = 136, .box_w = 9, .box_h = 12, .ofs_x = 0, .ofs_y = 0},
    {.bitmap_index = 3526, .adv_w = 136, .box_w = 9, .box_h = 12, .ofs_x = 0, .ofs_y = 0},
    {.bitmap_index = 3580, .adv_w = 136, .box_w = 9, .box_h = 12, .ofs_x = 0, .ofs_y = 0},
    {.bitmap_index = 3634, .adv_w = 136, .box_w = 9, .box_h = 13, .ofs_x = 0, .ofs_y = 0},
    {.bitmap_index = 3693, .adv_w = 193, .box_w = 12, .box_h = 9, .ofs_x = 0, .ofs_y = 0},
    {.bitmap_index = 3747, .adv_w = 141, .box_w = 9, .box_h = 12, .ofs_x = 0, .ofs_y = -3},
    {.bitmap_index = 3801, .adv_w = 116, .box_w = 7, .box_h = 12, .ofs_x = 0, .ofs_y = 0},
    {.bitmap_index = 3843, .adv_w = 116, .box_w = 7, .box_h = 12, .ofs_x = 0, .ofs_y = 0},
    {.bitmap_index = 3885, .adv_w = 116, .box_w = 7, .box_h = 12, .ofs_x = 0, .ofs_y = 0},
    {.bitmap_index = 3927, .adv_w = 116, .box_w = 7, .box_h = 12, .ofs_x = 0, .ofs_y = 0},
    {.bitmap_index = 3969, .adv_w = 52, .box_w = 3, .box_h = 12, .ofs_x = 0, .ofs_y = 0},
    {.bitmap_index = 3987, .adv_w = 52, .box_w = 4, .box_h = 12, .ofs_x = 0, .ofs_y = 0},
    {.bitmap_index = 4011, .adv_w = 52, .box_w = 5, .box_h = 12, .ofs_x = -1, .ofs_y = 0},
    {.bitmap_index = 4041, .adv_w = 52, .box_w = 5, .box_h = 12, .ofs_x = -1, .ofs_y = 0},
    {.bitmap_index = 4071, .adv_w = 143, .box_w = 9, .box_h = 9, .ofs_x = 0, .ofs_y = 0},
    {.bitmap_index = 4112, .adv_w = 145, .box_w = 9, .box_h = 12, .ofs_x = 0, .ofs_y = 0},
    {.bitmap_index = 4166, .adv_w = 147, .box_w = 9, .box_h = 12, .ofs_x = 0, .ofs_y = 0},
    {.bitmap_index = 4220, .adv_w = 147, .box_w = 9, .box_h = 12, .ofs_x = 0, .ofs_y = 0},
    {.bitmap_index = 4274, .adv_w = 147, .box_w = 9, .box_h = 12, .ofs_x = 0, .ofs_y = 0},
    {.bitmap_index = 4328, .adv_w = 147, .box_w = 9, .box_h = 12, .ofs_x = 0, .ofs_y = 0},
    {.bitmap_index = 4382, .adv_w = 147, .box_w = 9, .box_h = 12, .ofs_x = 0, .ofs_y = 0},
    {.bitmap_index = 4436, .adv_w = 128, .box_w = 6, .box_h = 7, .ofs_x = 1, .ofs_y = 0},
    {.bitmap_index = 4457, .adv_w = 147, .box_w = 9, .box_h = 11, .ofs_x = 0, .ofs_y = -1},
    {.bitmap_index = 4507, .adv_w = 142, .box_w = 8, .box_h = 12, .ofs_x = 0, .ofs_y = 0},
    {.bitmap_index = 4555, .adv_w = 142, .box_w = 8, .box_h = 12, .ofs_x = 0, .ofs_y = 0},
    {.bitmap_index = 4603, .adv_w = 142, .box_w = 8, .box_h = 12, .ofs_x = 0, .ofs_y = 0},
    {.bitmap_index = 4651, .adv_w = 142, .box_w = 8, .box_h = 12, .ofs_x = 0, .ofs_y = 0},
    {.bitmap_index = 4699, .adv_w = 134, .box_w = 9, .box_h = 12, .ofs_x = 0, .ofs_y = 0},
    {.bitmap_index = 4753, .adv_w = 124, .box_w = 7, .box_h = 9, .ofs_x = 0, .ofs_y = 0},
    {.bitmap_index = 4785, .adv_w = 121, .box_w = 7, .box_h = 9, .ofs_x = 0, .ofs_y = 0},
    {.bitmap_index = 4817, .adv_w = 109, .box_w = 6, .box_h = 10, .ofs_x = 0, .ofs_y = 0},
    {.bitmap_index = 4847, .adv_w = 109, .box_w = 6, .box_h = 10, .ofs_x = 0, .ofs_y = 0},
    {.bitmap_index = 4877, .adv_w = 109, .box_w = 6, .box_h = 10, .ofs_x = 0, .ofs_y = 0},
    {.bitmap_index = 4907, .adv_w = 109, .box_w = 6, .box_h = 9, .ofs_x = 0, .ofs_y = 0},
    {.bitmap_index = 4934, .adv_w = 109, .box_w = 6, .box_h = 9, .ofs_x = 0, .ofs_y = 0},
    {.bitmap_index = 4961, .adv_w = 109, .box_w = 6, .box_h = 11, .ofs_x = 0, .ofs_y = 0},
    {.bitmap_index = 4994, .adv_w = 176, .box_w = 11, .box_h = 7, .ofs_x = 0, .ofs_y = 0},
    {.bitmap_index = 5033, .adv_w = 111, .box_w = 7, .box_h = 10, .ofs_x = 0, .ofs_y = -3},
    {.bitmap_index = 5068, .adv_w = 113, .box_w = 7, .box_h = 10, .ofs_x = 0, .ofs_y = 0},
    {.bitmap_index = 5103, .adv_w = 113, .box_w = 7, .box_h = 10, .ofs_x = 0, .ofs_y = 0},
    {.bitmap_index = 5138, .adv_w = 113, .box_w = 7, .box_h = 10, .ofs_x = 0, .ofs_y = 0},
    {.bitmap_index = 5173, .adv_w = 113, .box_w = 7, .box_h = 9, .ofs_x = 0, .ofs_y = 0},
    {.bitmap_index = 5205, .adv_w = 48, .box_w = 4, .box_h = 10, .ofs_x = -1, .ofs_y = 0},
    {.bitmap_index = 5225, .adv_w = 48, .box_w = 4, .box_h = 10, .ofs_x = 0, .ofs_y = 0},
    {.bitmap_index = 5245, .adv_w = 48, .box_w = 5, .box_h = 10, .ofs_x = -1, .ofs_y = 0},
    {.bitmap_index = 5270, .adv_w = 48, .box_w = 5, .box_h = 9, .ofs_x = -1, .ofs_y = 0},
    {.bitmap_index = 5293, .adv_w = 113, .box_w = 7, .box_h = 11, .ofs_x = 0, .ofs_y = 0},
    {.bitmap_index = 5332, .adv_w = 116, .box_w = 7, .box_h = 9, .ofs_x = 0, .ofs_y = 0},
    {.bitmap_index = 5364, .adv_w = 116, .box_w = 7, .box_h = 10, .ofs_x = 0, .ofs_y = 0},
    {.bitmap_index = 5399, .adv_w = 116, .box_w = 7, .box_h = 10, .ofs_x = 0, .ofs_y = 0},
    {.bitmap_index = 5434, .adv_w = 116, .box_w = 7, .box_h = 10, .ofs_x = 0, .ofs_y = 0},
    {.bitmap_index = 5469, .adv_w = 116, .box_w = 7, .box_h = 9, .ofs_x = 0, .ofs_y = 0},
    {.bitmap_index = 5501, .adv_w = 116, .box_w = 7, .box_h = 9, .ofs_x = 0, .ofs_y = 0},
    {.bitmap_index = 5533, .adv_w = 128, .box_w = 6, .box_h = 7, .ofs_x = 1, .ofs_y = 0},
    {.bitmap_index = 5554, .adv_w = 116, .box_w = 7, .box_h = 9, .ofs_x = 0, .ofs_y = -1},
    {.bitmap_index = 5586, .adv_w = 116, .box_w = 7, .box_h = 10, .ofs_x = 0, .ofs_y = 0},
    {.bitmap_index = 5621, .adv_w = 116, .box_w = 7, .box_h = 10, .ofs_x = 0, .ofs_y = 0},
    {.bitmap_index = 5656, .adv_w = 116, .box_w = 7, .box_h = 10, .ofs_x = 0, .ofs_y = 0},
    {.bitmap_index = 5691, .adv_w = 116, .box_w = 7, .box_h = 9, .ofs_x = 0, .ofs_y = 0},
    {.bitmap_index = 5723, .adv_w = 110, .box_w = 7, .box_h = 12, .ofs_x = 0, .ofs_y = -3},
    {.bitmap_index = 5765, .adv_w = 119, .box_w = 7, .box_h = 12, .ofs_x = 0, .ofs_y = -3},
    {.bitmap_index = 5807, .adv_w = 110, .box_w = 7, .box_h = 12, .ofs_x = 0, .ofs_y = -3},
    {.bitmap_index = 5849, .adv_w = 136, .box_w = 9, .box_h = 12, .ofs_x = 0, .ofs_y = 0},
    {.bitmap_index = 5903, .adv_w = 109, .box_w = 6, .box_h = 9, .ofs_x = 0, .ofs_y = 0},
    {.bitmap_index = 5930, .adv_w = 136, .box_w = 9, .box_h = 12, .ofs_x = 0, .ofs_y = 0},
    {.bitmap_index = 5984, .adv_w = 109, .box_w = 6, .box_h = 10, .ofs_x = 0, .ofs_y = 0},
    {.bitmap_index = 6014, .adv_w = 136, .box_w = 9, .box_h = 12, .ofs_x = 0, .ofs_y = -3},
    {.bitmap_index = 6068, .adv_w = 109, .box_w = 7, .box_h = 10, .ofs_x = 0, .ofs_y = -3},
    {.bitmap_index = 6103, .adv_w = 141, .box_w = 9, .box_h = 12, .ofs_x = 0, .ofs_y = 0},
    {.bitmap_index = 6157, .adv_w = 111, .box_w = 7, .box_h = 10, .ofs_x = 0, .ofs_y = 0},
    {.bitmap_index = 6192, .adv_w = 141, .box_w = 9, .box_h = 12, .ofs_x = 0, .ofs_y = 0},
    {.bitmap_index = 6246, .adv_w = 111, .box_w = 7, .box_h = 10, .ofs_x = 0, .ofs_y = 0},
    {.bitmap_index = 6281, .adv_w = 141, .box_w = 9, .box_h = 12, .ofs_x = 0, .ofs_y = 0},
    {.bitmap_index = 6335, .adv_w = 111, .box_w = 7, .box_h = 9, .ofs_x = 0, .ofs_y = 0},
    {.bitmap_index = 6367, .adv_w = 141, .box_w = 9, .box_h = 12, .ofs_x = 0, .ofs_y = 0},
    {.bitmap_index = 6421, .adv_w = 111, .box_w = 7, .box_h = 10, .ofs_x = 0, .ofs_y = 0},
    {.bitmap_index = 6456, .adv_w = 139, .box_w = 8, .box_h = 12, .ofs_x = 0, .ofs_y = 0},
    {.bitmap_index = 6504, .adv_w = 139, .box_w = 9, .box_h = 10, .ofs_x = 0, .ofs_y = 0},
    {.bitmap_index = 6549, .adv_w = 143, .box_w = 9, .box_h = 9, .ofs_x = 0, .ofs_y = 0},
    {.bitmap_index = 6590, .adv_w = 119, .box_w = 8, .box_h = 9, .ofs_x = 0, .ofs_y = 0},
    {.bitmap_index = 6626, .adv_w = 116, .box_w = 7, .box_h = 12, .ofs_x = 0, .ofs_y = 0},
    {.bitmap_index = 6668, .adv_w = 113, .box_w = 7, .box_h = 9, .ofs_x = 0, .ofs_y = 0},
    {.bitmap_index = 6700, .adv_w = 116, .box_w = 7, .box_h = 12, .ofs_x = 0, .ofs_y = 0},
    {.bitmap_index = 6742, .adv_w = 113, .box_w = 7, .box_h = 10, .ofs_x = 0, .ofs_y = 0},
    {.bitmap_index = 6777, .adv_w = 116, .box_w = 7, .box_h = 12, .ofs_x = 0, .ofs_y = 0},
    {.bitmap_index = 6819, .adv_w = 113, .box_w = 7, .box_h = 9, .ofs_x = 0, .ofs_y = 0},
    {.bitmap_index = 6851, .adv_w = 116, .box_w = 7, .box_h = 12, .ofs_x = 0, .ofs_y = -3},
    {.bitmap_index = 6893, .adv_w = 113, .box_w = 7, .box_h = 10, .ofs_x = 0, .ofs_y = -3},
    {.bitmap_index = 6928, .adv_w = 116, .box_w = 7, .box_h = 12, .ofs_x = 0, .ofs_y = 0},
    {.bitmap_index = 6970, .adv_w = 113, .box_w = 7, .box_h = 10, .ofs_x = 0, .ofs_y = 0},
    {.bitmap_index = 7005, .adv_w = 144, .box_w = 9, .box_h = 12, .ofs_x = 0, .ofs_y = 0},
    {.bitmap_index = 7059, .adv_w = 119, .box_w = 7, .box_h = 13, .ofs_x = 0, .ofs_y = -3},
    {.bitmap_index = 7105, .adv_w = 144, .box_w = 9, .box_h = 12, .ofs_x = 0, .ofs_y = 0},
    {.bitmap_index = 7159, .adv_w = 119, .box_w = 7, .box_h = 13, .ofs_x = 0, .ofs_y = -3},
    {.bitmap_index = 7205, .adv_w = 144, .box_w = 9, .box_h = 12, .ofs_x = 0, .ofs_y = 0},
    {.bitmap_index = 7259, .adv_w = 119, .box_w = 7, .box_h = 12, .ofs_x = 0, .ofs_y = -3},
    {.bitmap_index = 7301, .adv_w = 144, .box_w = 9, .box_h = 12, .ofs_x = 0, .ofs_y = -3},
    {.bitmap_index = 7355, .adv_w = 119, .box_w = 7, .box_h = 14, .ofs_x = 0, .ofs_y = -3},
    {.bitmap_index = 7404, .adv_w = 143, .box_w = 8, .box_h = 12, .ofs_x = 0, .ofs_y = 0},
    {.bitmap_index = 7452, .adv_w = 116, .box_w = 8, .box_h = 12, .ofs_x = -1, .ofs_y = 0},
    {.bitmap_index = 7500, .adv_w = 151, .box_w = 9, .box_h = 9, .ofs_x = 0, .ofs_y = 0},
    {.bitmap_index = 7541, .adv_w = 116, .box_w = 7, .box_h = 9, .ofs_x = 0, .ofs_y = 0},
    {.bitmap_index = 7573, .adv_w = 52, .box_w = 5, .box_h = 12, .ofs_x = -1, .ofs_y = 0},
    {.bitmap_index = 7603, .adv_w = 48, .box_w = 5, .box_h = 9, .ofs_x = -1, .ofs_y = 0},
    {.bitmap_index = 7626, .adv_w = 52, .box_w = 5, .box_h = 12, .ofs_x = -1, .ofs_y = 0},
    {.bitmap_index = 7656, .adv_w = 48, .box_w = 5, .box_h = 9, .ofs_x = -1, .ofs_y = 0},
    {.bitmap_index = 7679, .adv_w = 52, .box_w = 5, .box_h = 12, .ofs_x = -1, .ofs_y = 0},
    {.bitmap_index = 7709, .adv_w = 48, .box_w = 5, .box_h = 10, .ofs_x = -1, .ofs_y = 0},
    {.bitmap_index = 7734, .adv_w = 52, .box_w = 3, .box_h = 12, .ofs_x = 0, .ofs_y = -3},
    {.bitmap_index = 7752, .adv_w = 48, .box_w = 4, .box_h = 12, .ofs_x = -1, .ofs_y = -3},
    {.bitmap_index = 7776, .adv_w = 52, .box_w = 3, .box_h = 12, .ofs_x = 0, .ofs_y = 0},
    {.bitmap_index = 7794, .adv_w = 48, .box_w = 3, .box_h = 7, .ofs_x = 0, .ofs_y = 0},
    {.bitmap_index = 7805, .adv_w = 163, .box_w = 10, .box_h = 9, .ofs_x = 0, .ofs_y = 0},
    {.bitmap_index = 7850, .adv_w = 97, .box_w = 6, .box_h = 12, .ofs_x = 0, .ofs_y = -3},
    {.bitmap_index = 7886, .adv_w = 110, .box_w = 8, .box_h = 12, .ofs_x = 0, .ofs_y = 0},
    {.bitmap_index = 7934, .adv_w = 48, .box_w = 5, .box_h = 12, .ofs_x = -1, .ofs_y = -3},
    {.bitmap_index = 7964, .adv_w = 132, .box_w = 8, .box_h = 12, .ofs_x = 0, .ofs_y = -3},
    {.bitmap_index = 8012, .adv_w = 107, .box_w = 7, .box_h = 12, .ofs_x = 0, .ofs_y = -3},
    {.bitmap_index = 8054, .adv_w = 105, .box_w = 7, .box_h = 7, .ofs_x = 0, .ofs_y = 0},
    {.bitmap_index = 8079, .adv_w = 109, .box_w = 7, .box_h = 12, .ofs_x = 0, .ofs_y = 0},
    {.bitmap_index = 8121, .adv_w = 48, .box_w = 4, .box_h = 12, .ofs_x = 0, .ofs_y = 0},
    {.bitmap_index = 8145, .adv_w = 109, .box_w = 7, .box_h = 12, .ofs_x = 0, .ofs_y = -3},
    {.bitmap_index = 8187, .adv_w = 48, .box_w = 3, .box_h = 12, .ofs_x = 0, .ofs_y = -3},
    {.bitmap_index = 8205, .adv_w = 109, .box_w = 7, .box_h = 10, .ofs_x = 0, .ofs_y = 0},
    {.bitmap_index = 8240, .adv_w = 69, .box_w = 5, .box_h = 10, .ofs_x = 0, .ofs_y = 0},
    {.bitmap_index = 8265, .adv_w = 109, .box_w = 7, .box_h = 9, .ofs_x = 0, .ofs_y = 0},
    {.bitmap_index = 8297, .adv_w = 75, .box_w = 5, .box_h = 9, .ofs_x = 0, .ofs_y = 0},
    {.bitmap_index = 8320, .adv_w = 115, .box_w = 7, .box_h = 9, .ofs_x = 0, .ofs_y = 0},
    {.bitmap_index = 8352, .adv_w = 48, .box_w = 5, .box_h = 9, .ofs_x = -1, .ofs_y = 0},
    {.bitmap_index = 8375, .adv_w = 145, .box_w = 9, .box_h = 12, .ofs_x = 0, .ofs_y = 0},
    {.bitmap_index = 8429, .adv_w = 116, .box_w = 7, .box_h = 10, .ofs_x = 0, .ofs_y = 0},
    {.bitmap_index = 8464, .adv_w = 145, .box_w = 9, .box_h = 12, .ofs_x = 0, .ofs_y = -3},
    {.bitmap_index = 8518, .adv_w = 116, .box_w = 7, .box_h = 10, .ofs_x = 0, .ofs_y = -3},
    {.bitmap_index = 8553, .adv_w = 145, .box_w = 9, .box_h = 12, .ofs_x = 0, .ofs_y = 0},
    {.bitmap_index = 8607, .adv_w = 116, .box_w = 7, .box_h = 10, .ofs_x = 0, .ofs_y = 0},
    {.bitmap_index = 8642, .adv_w = 145, .box_w = 9, .box_h = 12, .ofs_x = 0, .ofs_y = -3},
    {.bitmap_index = 8696, .adv_w = 116, .box_w = 7, .box_h = 10, .ofs_x = 0, .ofs_y = -3},
    {.bitmap_index = 8731, .adv_w = 147, .box_w = 9, .box_h = 12, .ofs_x = 0, .ofs_y = 0},
    {.bitmap_index = 8785, .adv_w = 116, .box_w = 7, .box_h = 9, .ofs_x = 0, .ofs_y = 0},
    {.bitmap_index = 8817, .adv_w = 147, .box_w = 9, .box_h = 12, .ofs_x = 0, .ofs_y = 0},
    {.bitmap_index = 8871, .adv_w = 116, .box_w = 7, .box_h = 10, .ofs_x = 0, .ofs_y = 0},
    {.bitmap_index = 8906, .adv_w = 147, .box_w = 9, .box_h = 12, .ofs_x = 0, .ofs_y = 0},
    {.bitmap_index = 8960, .adv_w = 116, .box_w = 7, .box_h = 10, .ofs_x = 0, .ofs_y = 0},
    {.bitmap_index = 8995, .adv_w = 194, .box_w = 12, .box_h = 9, .ofs_x = 0, .ofs_y = 0},
    {.bitmap_index = 9049, .adv_w = 191, .box_w = 12, .box_h = 7, .ofs_x = 0, .ofs_y = 0},
    {.bitmap_index = 9091, .adv_w = 124, .box_w = 8, .box_h = 12, .ofs_x = 0, .ofs_y = 0},
    {.bitmap_index = 9139, .adv_w = 74, .box_w = 5, .box_h = 10, .ofs_x = 0, .ofs_y = 0},
    {.bitmap_index = 9164, .adv_w = 124, .box_w = 8, .box_h = 12, .ofs_x = 0, .ofs_y = -3},
    {.bitmap_index = 9212, .adv_w = 74, .box_w = 5, .box_h = 10, .ofs_x = 0, .ofs_y = -3},
    {.bitmap_index = 9237, .adv_w = 124, .box_w = 8, .box_h = 12, .ofs_x = 0, .ofs_y = 0},
    {.bitmap_index = 9285, .adv_w = 74, .box_w = 5, .box_h = 10, .ofs_x = 0, .ofs_y = 0},
    {.bitmap_index = 9310, .adv_w = 124, .box_w = 8, .box_h = 12, .ofs_x = 0, .ofs_y = 0},
    {.bitmap_index = 9358, .adv_w = 103, .box_w = 6, .box_h = 10, .ofs_x = 0, .ofs_y = 0},
    {.bitmap_index = 9388, .adv_w = 124, .box_w = 8, .box_h = 12, .ofs_x = 0, .ofs_y = 0},
    {.bitmap_index = 9436, .adv_w = 103, .box_w = 6, .box_h = 10, .ofs_x = 0, .ofs_y = 0},
    {.bitmap_index = 9466, .adv_w = 124, .box_w = 8, .box_h = 12, .ofs_x = 0, .ofs_y = -3},
    {.bitmap_index = 9514, .adv_w = 103, .box_w = 6, .box_h = 10, .ofs_x = 0, .ofs_y = -3},
    {.bitmap_index = 9544, .adv_w = 124, .box_w = 8, .box_h = 12, .ofs_x = 0, .ofs_y = 0},
    {.bitmap_index = 9592, .adv_w = 103, .box_w = 6, .box_h = 10, .ofs_x = 0, .ofs_y = 0},
    {.bitmap_index = 9622, .adv_w = 125, .box_w = 8, .box_h = 12, .ofs_x = 0, .ofs_y = -3},
    {.bitmap_index = 9670, .adv_w = 65, .box_w = 5, .box_h = 11, .ofs_x = 0, .ofs_y = -3},
    {.bitmap_index = 9698, .adv_w = 125, .box_w = 8, .box_h = 12, .ofs_x = 0, .ofs_y = 0},
    {.bitmap_index = 9746, .adv_w = 76, .box_w = 5, .box_h = 11, .ofs_x = 0, .ofs_y = 0},
    {.bitmap_index = 9774, .adv_w = 125, .box_w = 8, .box_h = 9, .ofs_x = 0, .ofs_y = 0},
    {.bitmap_index = 9810, .adv_w = 65, .box_w = 4, .box_h = 9, .ofs_x = 0, .ofs_y = 0},
    {.bitmap_index = 9828, .adv_w = 142, .box_w = 8, .box_h = 12, .ofs_x = 0, .ofs_y = 0},
    {.bitmap_index = 9876, .adv_w = 116, .box_w = 7, .box_h = 9, .ofs_x = 0, .ofs_y = 0},
    {.bitmap_index = 9908, .adv_w = 142, .box_w = 8, .box_h = 12, .ofs_x = 0, .ofs_y = 0},
    {.bitmap_index = 9956, .adv_w = 116, .box_w = 7, .box_h = 9, .ofs_x = 0, .ofs_y = 0},
    {.bitmap_index = 9988, .adv_w = 142, .box_w = 8, .box_h = 12, .ofs_x = 0, .ofs_y = 0},
    {.bitmap_index = 10036, .adv_w = 116, .box_w = 7, .box_h = 10, .ofs_x = 0, .ofs_y = 0},
    {.bitmap_index = 10071, .adv_w = 142, .box_w = 8, .box_h = 13, .ofs_x = 0, .ofs_y = 0},
    {.bitmap_index = 10123, .adv_w = 116, .box_w = 7, .box_h = 11, .ofs_x = 0, .ofs_y = 0},
    {.bitmap_index = 10162, .adv_w = 142, .box_w = 8, .box_h = 12, .ofs_x = 0, .ofs_y = 0},
    {.bitmap_index = 10210, .adv_w = 116, .box_w = 7, .box_h = 10, .ofs_x = 0, .ofs_y = 0},
    {.bitmap_index = 10245, .adv_w = 142, .box_w = 8, .box_h = 12, .ofs_x = 0, .ofs_y = -3},
    {.bitmap_index = 10293, .adv_w = 116, .box_w = 7, .box_h = 10, .ofs_x = 0, .ofs_y = -3},
    {.bitmap_index = 10328, .adv_w = 193, .box_w = 12, .box_h = 12, .ofs_x = 0, .ofs_y = 0},
    {.bitmap_index = 10400, .adv_w = 159, .box_w = 10, .box_h = 10, .ofs_x = 0, .ofs_y = 0},
    {.bitmap_index = 10450, .adv_w = 134, .box_w = 9, .box_h = 12, .ofs_x = 0, .ofs_y = 0},
    {.bitmap_index = 10504, .adv_w = 110, .box_w = 7, .box_h = 13, .ofs_x = 0, .ofs_y = -3},
    {.bitmap_index = 10550, .adv_w = 134, .box_w = 9, .box_h = 12, .ofs_x = 0, .ofs_y = 0},
    {.bitmap_index = 10604, .adv_w = 123, .box_w = 7, .box_h = 12, .ofs_x = 0, .ofs_y = 0},
    {.bitmap_index = 10646, .adv_w = 107, .box_w = 6, .box_h = 10, .ofs_x = 0, .ofs_y = 0},
    {.bitmap_index = 10676, .adv_w = 123, .box_w = 7, .box_h = 12, .ofs_x = 0, .ofs_y = 0},
    {.bitmap_index = 10718, .adv_w = 107, .box_w = 6, .box_h = 9, .ofs_x = 0, .ofs_y = 0},
    {.bitmap_index = 10745, .adv_w = 123, .box_w = 7, .box_h = 12, .ofs_x = 0, .ofs_y = 0},
    {.bitmap_index = 10787, .adv_w = 107, .box_w = 6, .box_h = 10, .ofs_x = 0, .ofs_y = 0},
    {.bitmap_index = 10817, .adv_w = 62, .box_w = 4, .box_h = 9, .ofs_x = 0, .ofs_y = 0},
    {.bitmap_index = 10835, .adv_w = 119, .box_w = 7, .box_h = 9, .ofs_x = 0, .ofs_y = 0},
    {.bitmap_index = 10867, .adv_w = 156, .box_w = 10, .box_h = 9, .ofs_x = 0, .ofs_y = 0},
    {.bitmap_index = 10912, .adv_w = 126, .box_w = 8, .box_h = 9, .ofs_x = 0, .ofs_y = 0},
    {.bitmap_index = 10948, .adv_w = 119, .box_w = 7, .box_h = 9, .ofs_x = 0, .ofs_y = 0},
    {.bitmap_index = 10980, .adv_w = 155, .box_w = 10, .box_h = 9, .ofs_x = 0, .ofs_y = 0},
    {.bitmap_index = 11025, .adv_w = 137, .box_w = 8, .box_h = 7, .ofs_x = 0, .ofs_y = 0},
    {.bitmap_index = 11053, .adv_w = 141, .box_w = 9, .box_h = 9, .ofs_x = 0, .ofs_y = 0},
    {.bitmap_index = 11094, .adv_w = 141, .box_w = 10, .box_h = 11, .ofs_x = 0, .ofs_y = 0},
    {.bitmap_index = 11149, .adv_w = 114, .box_w = 7, .box_h = 8, .ofs_x = 0, .ofs_y = 0},
    {.bitmap_index = 11177, .adv_w = 143, .box_w = 9, .box_h = 9, .ofs_x = 0, .ofs_y = 0},
    {.bitmap_index = 11218, .adv_w = 168, .box_w = 10, .box_h = 9, .ofs_x = 0, .ofs_y = 0},
    {.bitmap_index = 11263, .adv_w = 124, .box_w = 8, .box_h = 9, .ofs_x = 0, .ofs_y = 0},
    {.bitmap_index = 11299, .adv_w = 119, .box_w = 7, .box_h = 9, .ofs_x = 0, .ofs_y = 0},
    {.bitmap_index = 11331, .adv_w = 111, .box_w = 7, .box_h = 10, .ofs_x = 0, .ofs_y = -3},
    {.bitmap_index = 11366, .adv_w = 116, .box_w = 7, .box_h = 9, .ofs_x = 0, .ofs_y = 0},
    {.bitmap_index = 11398, .adv_w = 144, .box_w = 9, .box_h = 9, .ofs_x = 0, .ofs_y = 0},
    {.bitmap_index = 11439, .adv_w = 120, .box_w = 7, .box_h = 9, .ofs_x = 0, .ofs_y = 0},
    {.bitmap_index = 11471, .adv_w = 113, .box_w = 8, .box_h = 12, .ofs_x = -1, .ofs_y = -3},
    {.bitmap_index = 11519, .adv_w = 80, .box_w = 5, .box_h = 12, .ofs_x = 0, .ofs_y = -3},
    {.bitmap_index = 11549, .adv_w = 144, .box_w = 10, .box_h = 11, .ofs_x = 0, .ofs_y = 0},
    {.bitmap_index = 11604, .adv_w = 128, .box_w = 8, .box_h = 12, .ofs_x = 0, .ofs_y = -3},
    {.bitmap_index = 11652, .adv_w = 185, .box_w = 11, .box_h = 9, .ofs_x = 0, .ofs_y = 0},
    {.bitmap_index = 11702, .adv_w = 55, .box_w = 4, .box_h = 9, .ofs_x = 0, .ofs_y = 0},
    {.bitmap_index = 11720, .adv_w = 66, .box_w = 5, .box_h = 9, .ofs_x = 0, .ofs_y = 0},
    {.bitmap_index = 11743, .adv_w = 133, .box_w = 9, .box_h = 10, .ofs_x = 0, .ofs_y = 0},
    {.bitmap_index = 11788, .adv_w = 107, .box_w = 7, .box_h = 9, .ofs_x = 0, .ofs_y = 0},
    {.bitmap_index = 11820, .adv_w = 48, .box_w = 5, .box_h = 9, .ofs_x = -1, .ofs_y = 0},
    {.bitmap_index = 11843, .adv_w = 126, .box_w = 8, .box_h = 9, .ofs_x = 0, .ofs_y = 0},
    {.bitmap_index = 11879, .adv_w = 177, .box_w = 11, .box_h = 9, .ofs_x = 0, .ofs_y = 0},
    {.bitmap_index = 11929, .adv_w = 145, .box_w = 10, .box_h = 12, .ofs_x = -1, .ofs_y = -3},
    {.bitmap_index = 11989, .adv_w = 116, .box_w = 7, .box_h = 10, .ofs_x = 0, .ofs_y = -3},
    {.bitmap_index = 12024, .adv_w = 147, .box_w = 9, .box_h = 9, .ofs_x = 0, .ofs_y = 0},
    {.bitmap_index = 12065, .adv_w = 147, .box_w = 9, .box_h = 11, .ofs_x = 0, .ofs_y = 0},
    {.bitmap_index = 12115, .adv_w = 116, .box_w = 7, .box_h = 9, .ofs_x = 0, .ofs_y = 0},
    {.bitmap_index = 12147, .adv_w = 171, .box_w = 10, .box_h = 12, .ofs_x = 0, .ofs_y = -3},
    {.bitmap_index = 12207, .adv_w = 129, .box_w = 8, .box_h = 10, .ofs_x = 0, .ofs_y = -3},
    {.bitmap_index = 12247, .adv_w = 153, .box_w = 9, .box_h = 9, .ofs_x = 0, .ofs_y = 0},
    {.bitmap_index = 12288, .adv_w = 119, .box_w = 7, .box_h = 12, .ofs_x = 0, .ofs_y = -3},
    {.bitmap_index = 12330, .adv_w = 142, .box_w = 9, .box_h = 12, .ofs_x = 0, .ofs_y = -2},
    {.bitmap_index = 12384, .adv_w = 124, .box_w = 8, .box_h = 9, .ofs_x = 0, .ofs_y = 0},
    {.bitmap_index = 12420, .adv_w = 103, .box_w = 6, .box_h = 7, .ofs_x = 0, .ofs_y = 0},
    {.bitmap_index = 12441, .adv_w = 123, .box_w = 8, .box_h = 9, .ofs_x = 0, .ofs_y = 0},
    {.bitmap_index = 12477, .adv_w = 111, .box_w = 7, .box_h = 12, .ofs_x = 0, .ofs_y = -3},
    {.bitmap_index = 12519, .adv_w = 65, .box_w = 5, .box_h = 11, .ofs_x = 0, .ofs_y = -3},
    {.bitmap_index = 12547, .adv_w = 129, .box_w = 8, .box_h = 9, .ofs_x = 0, .ofs_y = 0},
    {.bitmap_index = 12583, .adv_w = 65, .box_w = 4, .box_h = 9, .ofs_x = 0, .ofs_y = 0},
    {.bitmap_index = 12601, .adv_w = 125, .box_w = 8, .box_h = 12, .ofs_x = 0, .ofs_y = -3},
    {.bitmap_index = 12649, .adv_w = 142, .box_w = 9, .box_h = 11, .ofs_x = 0, .ofs_y = 0},
    {.bitmap_index = 12699, .adv_w = 122, .box_w = 8, .box_h = 9, .ofs_x = 0, .ofs_y = 0},
    {.bitmap_index = 12735, .adv_w = 148, .box_w = 9, .box_h = 9, .ofs_x = 0, .ofs_y = 0},
    {.bitmap_index = 12776, .adv_w = 124, .box_w = 8, .box_h = 9, .ofs_x = 0, .ofs_y = 0},
    {.bitmap_index = 12812, .adv_w = 141, .box_w = 9, .box_h = 10, .ofs_x = 0, .ofs_y = 0},
    {.bitmap_index = 12857, .adv_w = 133, .box_w = 9, .box_h = 12, .ofs_x = 0, .ofs_y = -3},
    {.bitmap_index = 12911, .adv_w = 123, .box_w = 7, .box_h = 9, .ofs_x = 0, .ofs_y = 0},
    {.bitmap_index = 12943, .adv_w = 107, .box_w = 6, .box_h = 7, .ofs_x = 0, .ofs_y = 0},
    {.bitmap_index = 12964, .adv_w = 132, .box_w = 8, .box_h = 12, .ofs_x = 0, .ofs_y = -3},
    {.bitmap_index = 13012, .adv_w = 132, .box_w = 8, .box_h = 12, .ofs_x = 0, .ofs_y = -3},
    {.bitmap_index = 13060, .adv_w = 121, .box_w = 7, .box_h = 10, .ofs_x = 0, .ofs_y = -3},
    {.bitmap_index = 13095, .adv_w = 106, .box_w = 7, .box_h = 10, .ofs_x = 0, .ofs_y = -3},
    {.bitmap_index = 13130, .adv_w = 118, .box_w = 7, .box_h = 9, .ofs_x = 0, .ofs_y = 0},
    {.bitmap_index = 13162, .adv_w = 119, .box_w = 7, .box_h = 9, .ofs_x = 0, .ofs_y = 0},
    {.bitmap_index = 13194, .adv_w = 111, .box_w = 7, .box_h = 7, .ofs_x = 0, .ofs_y = 0},
    {.bitmap_index = 13219, .adv_w = 106, .box_w = 6, .box_h = 9, .ofs_x = 0, .ofs_y = 0},
    {.bitmap_index = 13246, .adv_w = 124, .box_w = 6, .box_h = 10, .ofs_x = 1, .ofs_y = -3},
    {.bitmap_index = 13276, .adv_w = 53, .box_w = 2, .box_h = 9, .ofs_x = 1, .ofs_y = 0},
    {.bitmap_index = 13285, .adv_w = 71, .box_w = 4, .box_h = 9, .ofs_x = 0, .ofs_y = 0},
    {.bitmap_index = 13303, .adv_w = 48, .box_w = 5, .box_h = 9, .ofs_x = -1, .ofs_y = 0},
    {.bitmap_index = 13326, .adv_w = 58, .box_w = 3, .box_h = 9, .ofs_x = 0, .ofs_y = 0},
    {.bitmap_index = 13340, .adv_w = 246, .box_w = 15, .box_h = 10, .ofs_x = 0, .ofs_y = 0},
    {.bitmap_index = 13415, .adv_w = 226, .box_w = 14, .box_h = 10, .ofs_x = 0, .ofs_y = 0},
    {.bitmap_index = 13485, .adv_w = 219, .box_w = 13, .box_h = 9, .ofs_x = 0, .ofs_y = 0},
    {.bitmap_index = 13544, .adv_w = 157, .box_w = 10, .box_h = 12, .ofs_x = 0, .ofs_y = -3},
    {.bitmap_index = 13604, .adv_w = 97, .box_w = 6, .box_h = 12, .ofs_x = 0, .ofs_y = -3},
    {.bitmap_index = 13640, .adv_w = 256, .box_w = 16, .box_h = 9, .ofs_x = 0, .ofs_y = 0},
    {.bitmap_index = 13712, .adv_w = 194, .box_w = 12, .box_h = 12, .ofs_x = 0, .ofs_y = -3},
    {.bitmap_index = 13784, .adv_w = 164, .box_w = 10, .box_h = 12, .ofs_x = 0, .ofs_y = -3},
    {.bitmap_index = 13844, .adv_w = 136, .box_w = 9, .box_h = 12, .ofs_x = 0, .ofs_y = 0},
    {.bitmap_index = 13898, .adv_w = 109, .box_w = 6, .box_h = 10, .ofs_x = 0, .ofs_y = 0},
    {.bitmap_index = 13928, .adv_w = 52, .box_w = 5, .box_h = 12, .ofs_x = -1, .ofs_y = 0},
    {.bitmap_index = 13958, .adv_w = 48, .box_w = 5, .box_h = 10, .ofs_x = -1, .ofs_y = 0},
    {.bitmap_index = 13983, .adv_w = 147, .box_w = 9, .box_h = 12, .ofs_x = 0, .ofs_y = 0},
    {.bitmap_index = 14037, .adv_w = 116, .box_w = 7, .box_h = 10, .ofs_x = 0, .ofs_y = 0},
    {.bitmap_index = 14072, .adv_w = 142, .box_w = 8, .box_h = 12, .ofs_x = 0, .ofs_y = 0},
    {.bitmap_index = 14120, .adv_w = 116, .box_w = 7, .box_h = 10, .ofs_x = 0, .ofs_y = 0},
    {.bitmap_index = 14155, .adv_w = 142, .box_w = 8, .box_h = 14, .ofs_x = 0, .ofs_y = 0},
    {.bitmap_index = 14211, .adv_w = 116, .box_w = 7, .box_h = 11, .ofs_x = 0, .ofs_y = 0},
    {.bitmap_index = 14250, .adv_w = 142, .box_w = 8, .box_h = 14, .ofs_x = 0, .ofs_y = 0},
    {.bitmap_index = 14306, .adv_w = 116, .box_w = 7, .box_h = 12, .ofs_x = 0, .ofs_y = 0},
    {.bitmap_index = 14348, .adv_w = 142, .box_w = 8, .box_h = 14, .ofs_x = 0, .ofs_y = 0},
    {.bitmap_index = 14404, .adv_w = 116, .box_w = 7, .box_h = 12, .ofs_x = 0, .ofs_y = 0},
    {.bitmap_index = 14446, .adv_w = 142, .box_w = 8, .box_h = 14, .ofs_x = 0, .ofs_y = 0},
    {.bitmap_index = 14502, .adv_w = 116, .box_w = 7, .box_h = 12, .ofs_x = 0, .ofs_y = 0},
    {.bitmap_index = 14544, .adv_w = 113, .box_w = 7, .box_h = 7, .ofs_x = 0, .ofs_y = 0},
    {.bitmap_index = 14569, .adv_w = 136, .box_w = 9, .box_h = 13, .ofs_x = 0, .ofs_y = 0},
    {.bitmap_index = 14628, .adv_w = 109, .box_w = 6, .box_h = 11, .ofs_x = 0, .ofs_y = 0},
    {.bitmap_index = 14661, .adv_w = 136, .box_w = 9, .box_h = 13, .ofs_x = 0, .ofs_y = 0},
    {.bitmap_index = 14720, .adv_w = 109, .box_w = 6, .box_h = 11, .ofs_x = 0, .ofs_y = 0},
    {.bitmap_index = 14753, .adv_w = 193, .box_w = 12, .box_h = 12, .ofs_x = 0, .ofs_y = 0},
    {.bitmap_index = 14825, .adv_w = 176, .box_w = 11, .box_h = 9, .ofs_x = 0, .ofs_y = 0},
    {.bitmap_index = 14875, .adv_w = 144, .box_w = 9, .box_h = 9, .ofs_x = 0, .ofs_y = 0},
    {.bitmap_index = 14916, .adv_w = 130, .box_w = 8, .box_h = 10, .ofs_x = 0, .ofs_y = -3},
    {.bitmap_index = 14956, .adv_w = 144, .box_w = 9, .box_h = 12, .ofs_x = 0, .ofs_y = 0},
    {.bitmap_index = 15010, .adv_w = 119, .box_w = 7, .box_h = 13, .ofs_x = 0, .ofs_y = -3},
    {.bitmap_index = 15056, .adv_w = 132, .box_w = 8, .box_h = 12, .ofs_x = 0, .ofs_y = 0},
    {.bitmap_index = 15104, .adv_w = 107, .box_w = 8, .box_h = 12, .ofs_x = -1, .ofs_y = 0},
    {.bitmap_index = 15152, .adv_w = 147, .box_w = 9, .box_h = 12, .ofs_x = 0, .ofs_y = -3},
    {.bitmap_index = 15206, .adv_w = 116, .box_w = 7, .box_h = 10, .ofs_x = 0, .ofs_y = -3},
    {.bitmap_index = 15241, .adv_w = 147, .box_w = 9, .box_h = 14, .ofs_x = 0, .ofs_y = -3},
    {.bitmap_index = 15304, .adv_w = 116, .box_w = 7, .box_h = 12, .ofs_x = 0, .ofs_y = -3},
    {.bitmap_index = 15346, .adv_w = 132, .box_w = 8, .box_h = 15, .ofs_x = 0, .ofs_y = -3},
    {.bitmap_index = 15406, .adv_w = 121, .box_w = 7, .box_h = 12, .ofs_x = 0, .ofs_y = -3},
    {.bitmap_index = 15448, .adv_w = 48, .box_w = 5, .box_h = 12, .ofs_x = -1, .ofs_y = -3},
    {.bitmap_index = 15478, .adv_w = 262, .box_w = 16, .box_h = 9, .ofs_x = 0, .ofs_y = 0},
    {.bitmap_index = 15550, .adv_w = 246, .box_w = 15, .box_h = 9, .ofs_x = 0, .ofs_y = 0},
    {.bitmap_index = 15618, .adv_w = 226, .box_w = 14, .box_h = 9, .ofs_x = 0, .ofs_y = 0},
    {.bitmap_index = 15681, .adv_w = 144, .box_w = 9, .box_h = 12, .ofs_x = 0, .ofs_y = 0},
    {.bitmap_index = 15735, .adv_w = 119, .box_w = 7, .box_h = 12, .ofs_x = 0, .ofs_y = -3},
    {.bitmap_index = 15777, .adv_w = 215, .box_w = 13, .box_h = 9, .ofs_x = 0, .ofs_y = 0},
    {.bitmap_index = 15836, .adv_w = 129, .box_w = 8, .box_h = 12, .ofs_x = 0, .ofs_y = -3},
    {.bitmap_index = 15884, .adv_w = 145, .box_w = 9, .box_h = 12, .ofs_x = 0, .ofs_y = 0},
    {.bitmap_index = 15938, .adv_w = 116, .box_w = 7, .box_h = 10, .ofs_x = 0, .ofs_y = 0},
    {.bitmap_index = 15973, .adv_w = 136, .box_w = 9, .box_h = 14, .ofs_x = 0, .ofs_y = 0},
    {.bitmap_index = 16036, .adv_w = 109, .box_w = 6, .box_h = 12, .ofs_x = 0, .ofs_y = 0},
    {.bitmap_index = 16072, .adv_w = 193, .box_w = 12, .box_h = 12, .ofs_x = 0, .ofs_y = 0},
    {.bitmap_index = 16144, .adv_w = 176, .box_w = 11, .box_h = 10, .ofs_x = 0, .ofs_y = 0},
    {.bitmap_index = 16199, .adv_w = 147, .box_w = 9, .box_h = 13, .ofs_x = 0, .ofs_y = -1},
    {.bitmap_index = 16258, .adv_w = 116, .box_w = 7, .box_h = 11, .ofs_x = 0, .ofs_y = -1},
    {.bitmap_index = 16297, .adv_w = 136, .box_w = 9, .box_h = 12, .ofs_x = 0, .ofs_y = 0},
    {.bitmap_index = 16351, .adv_w = 109, .box_w = 6, .box_h = 10, .ofs_x = 0, .ofs_y = 0},
    {.bitmap_index = 16381, .adv_w = 136, .box_w = 9, .box_h = 12, .ofs_x = 0, .ofs_y = 0},
    {.bitmap_index = 16435, .adv_w = 109, .box_w = 6, .box_h = 9, .ofs_x = 0, .ofs_y = 0},
    {.bitmap_index = 16462, .adv_w = 116, .box_w = 7, .box_h = 12, .ofs_x = 0, .ofs_y = 0},
    {.bitmap_index = 16504, .adv_w = 113, .box_w = 7, .box_h = 10, .ofs_x = 0, .ofs_y = 0},
    {.bitmap_index = 16539, .adv_w = 116, .box_w = 7, .box_h = 12, .ofs_x = 0, .ofs_y = 0},
    {.bitmap_index = 16581, .adv_w = 113, .box_w = 7, .box_h = 9, .ofs_x = 0, .ofs_y = 0},
    {.bitmap_index = 16613, .adv_w = 52, .box_w = 6, .box_h = 12, .ofs_x = -2, .ofs_y = 0},
    {.bitmap_index = 16649, .adv_w = 48, .box_w = 5, .box_h = 10, .ofs_x = -2, .ofs_y = 0},
    {.bitmap_index = 16674, .adv_w = 52, .box_w = 5, .box_h = 12, .ofs_x = -1, .ofs_y = 0},
    {.bitmap_index = 16704, .adv_w = 48, .box_w = 5, .box_h = 9, .ofs_x = -1, .ofs_y = 0},
    {.bitmap_index = 16727, .adv_w = 147, .box_w = 9, .box_h = 12, .ofs_x = 0, .ofs_y = 0},
    {.bitmap_index = 16781, .adv_w = 116, .box_w = 7, .box_h = 10, .ofs_x = 0, .ofs_y = 0},
    {.bitmap_index = 16816, .adv_w = 147, .box_w = 9, .box_h = 12, .ofs_x = 0, .ofs_y = 0},
    {.bitmap_index = 16870, .adv_w = 116, .box_w = 7, .box_h = 9, .ofs_x = 0, .ofs_y = 0},
    {.bitmap_index = 16902, .adv_w = 124, .box_w = 8, .box_h = 12, .ofs_x = 0, .ofs_y = 0},
    {.bitmap_index = 16950, .adv_w = 74, .box_w = 6, .box_h = 10, .ofs_x = -1, .ofs_y = 0},
    {.bitmap_index = 16980, .adv_w = 124, .box_w = 8, .box_h = 12, .ofs_x = 0, .ofs_y = 0},
    {.bitmap_index = 17028, .adv_w = 74, .box_w = 5, .box_h = 9, .ofs_x = 0, .ofs_y = 0},
    {.bitmap_index = 17051, .adv_w = 142, .box_w = 8, .box_h = 12, .ofs_x = 0, .ofs_y = 0},
    {.bitmap_index = 17099, .adv_w = 116, .box_w = 7, .box_h = 10, .ofs_x = 0, .ofs_y = 0},
    {.bitmap_index = 17134, .adv_w = 142, .box_w = 8, .box_h = 12, .ofs_x = 0, .ofs_y = 0},
    {.bitmap_index = 17182, .adv_w = 116, .box_w = 7, .box_h = 9, .ofs_x = 0, .ofs_y = 0},
    {.bitmap_index = 17214, .adv_w = 124, .box_w = 8, .box_h = 12, .ofs_x = 0, .ofs_y = -3},
    {.bitmap_index = 17262, .adv_w = 103, .box_w = 6, .box_h = 10, .ofs_x = 0, .ofs_y = -3},
    {.bitmap_index = 17292, .adv_w = 125, .box_w = 8, .box_h = 12, .ofs_x = 0, .ofs_y = -3},
    {.bitmap_index = 17340, .adv_w = 65, .box_w = 4, .box_h = 12, .ofs_x = 0, .ofs_y = -3},
    {.bitmap_index = 17364, .adv_w = 124, .box_w = 7, .box_h = 13, .ofs_x = 0, .ofs_y = -4},
    {.bitmap_index = 17410, .adv_w = 106, .box_w = 6, .box_h = 10, .ofs_x = 0, .ofs_y = -3},
    {.bitmap_index = 17440, .adv_w = 143, .box_w = 8, .box_h = 12, .ofs_x = 0, .ofs_y = 0},
    {.bitmap_index = 17488, .adv_w = 116, .box_w = 8, .box_h = 12, .ofs_x = -1, .ofs_y = 0},
    {.bitmap_index = 17536, .adv_w = 124, .box_w = 8, .box_h = 12, .ofs_x = 0, .ofs_y = -3},
    {.bitmap_index = 17584, .adv_w = 149, .box_w = 10, .box_h = 12, .ofs_x = 0, .ofs_y = -3},
    {.bitmap_index = 17644, .adv_w = 124, .box_w = 8, .box_h = 9, .ofs_x = 0, .ofs_y = 0},
    {.bitmap_index = 17680, .adv_w = 124, .box_w = 8, .box_h = 9, .ofs_x = 0, .ofs_y = 0},
    {.bitmap_index = 17716, .adv_w = 123, .box_w = 7, .box_h = 12, .ofs_x = 0, .ofs_y = -3},
    {.bitmap_index = 17758, .adv_w = 107, .box_w = 7, .box_h = 9, .ofs_x = 0, .ofs_y = -2},
    {.bitmap_index = 17790, .adv_w = 136, .box_w = 9, .box_h = 12, .ofs_x = 0, .ofs_y = 0},
    {.bitmap_index = 17844, .adv_w = 109, .box_w = 6, .box_h = 9, .ofs_x = 0, .ofs_y = 0},
    {.bitmap_index = 17871, .adv_w = 116, .box_w = 7, .box_h = 12, .ofs_x = 0, .ofs_y = -3},
    {.bitmap_index = 17913, .adv_w = 113, .box_w = 7, .box_h = 10, .ofs_x = 0, .ofs_y = -3},
    {.bitmap_index = 17948, .adv_w = 147, .box_w = 9, .box_h = 14, .ofs_x = 0, .ofs_y = 0},
    {.bitmap_index = 18011, .adv_w = 116, .box_w = 7, .box_h = 11, .ofs_x = 0, .ofs_y = 0},
    {.bitmap_index = 18050, .adv_w = 147, .box_w = 9, .box_h = 14, .ofs_x = 0, .ofs_y = 0},
    {.bitmap_index = 18113, .adv_w = 116, .box_w = 7, .box_h = 11, .ofs_x = 0, .ofs_y = 0},
    {.bitmap_index = 18152, .adv_w = 147, .box_w = 9, .box_h = 12, .ofs_x = 0, .ofs_y = 0},
    {.bitmap_index = 18206, .adv_w = 116, .box_w = 7, .box_h = 9, .ofs_x = 0, .ofs_y = 0},
    {.bitmap_index = 18238, .adv_w = 147, .box_w = 9, .box_h = 14, .ofs_x = 0, .ofs_y = 0},
    {.bitmap_index = 18301, .adv_w = 116, .box_w = 7, .box_h = 11, .ofs_x = 0, .ofs_y = 0},
    {.bitmap_index = 18340, .adv_w = 134, .box_w = 9, .box_h = 12, .ofs_x = 0, .ofs_y = 0},
    {.bitmap_index = 18394, .adv_w = 110, .box_w = 7, .box_h = 12, .ofs_x = 0, .ofs_y = -3},
    {.bitmap_index = 18436, .adv_w = 78, .box_w = 6, .box_h = 12, .ofs_x = -1, .ofs_y = -3},
    {.bitmap_index = 18472, .adv_w = 146, .box_w = 9, .box_h = 10, .ofs_x = 0, .ofs_y = -3},
    {.bitmap_index = 18517, .adv_w = 82, .box_w = 6, .box_h = 9, .ofs_x = -1, .ofs_y = 0},
    {.bitmap_index = 18544, .adv_w = 48, .box_w = 4, .box_h = 10, .ofs_x = -1, .ofs_y = -3},
    {.bitmap_index = 18564, .adv_w = 177, .box_w = 11, .box_h = 9, .ofs_x = 0, .ofs_y = 0},
    {.bitmap_index = 18614, .adv_w = 177, .box_w = 11, .box_h = 10, .ofs_x = 0, .ofs_y = -3},
    {.bitmap_index = 18669, .adv_w = 136, .box_w = 9, .box_h = 12, .ofs_x = 0, .ofs_y = -1},
    {.bitmap_index = 18723, .adv_w = 141, .box_w = 9, .box_h = 12, .ofs_x = 0, .ofs_y = -1},
    {.bitmap_index = 18777, .adv_w = 111, .box_w = 7, .box_h = 12, .ofs_x = 0, .ofs_y = -3},
    {.bitmap_index = 18819, .adv_w = 113, .box_w = 7, .box_h = 9, .ofs_x = 0, .ofs_y = 0},
    {.bitmap_index = 18851, .adv_w = 125, .box_w = 8, .box_h = 13, .ofs_x = 0, .ofs_y = -2},
    {.bitmap_index = 18903, .adv_w = 103, .box_w = 6, .box_h = 10, .ofs_x = 0, .ofs_y = -3},
    {.bitmap_index = 18933, .adv_w = 107, .box_w = 8, .box_h = 10, .ofs_x = 0, .ofs_y = -3},
    {.bitmap_index = 18973, .adv_w = 106, .box_w = 7, .box_h = 9, .ofs_x = 0, .ofs_y = 0},
    {.bitmap_index = 19005, .adv_w = 106, .box_w = 6, .box_h = 7, .ofs_x = 0, .ofs_y = 0},
    {.bitmap_index = 19026, .adv_w = 127, .box_w = 8, .box_h = 9, .ofs_x = 0, .ofs_y = 0},
    {.bitmap_index = 19062, .adv_w = 143, .box_w = 10, .box_h = 9, .ofs_x = -1, .ofs_y = 0},
    {.bitmap_index = 19107, .adv_w = 142, .box_w = 9, .box_h = 9, .ofs_x = 0, .ofs_y = 0},
    {.bitmap_index = 19148, .adv_w = 116, .box_w = 7, .box_h = 13, .ofs_x = 0, .ofs_y = -2},
    {.bitmap_index = 19194, .adv_w = 113, .box_w = 7, .box_h = 12, .ofs_x = 0, .ofs_y = -3},
    {.bitmap_index = 19236, .adv_w = 118, .box_w = 8, .box_h = 9, .ofs_x = 0, .ofs_y = 0},
    {.bitmap_index = 19272, .adv_w = 48, .box_w = 5, .box_h = 12, .ofs_x = -1, .ofs_y = -3},
    {.bitmap_index = 19302, .adv_w = 147, .box_w = 10, .box_h = 12, .ofs_x = 0, .ofs_y = -3},
    {.bitmap_index = 19362, .adv_w = 119, .box_w = 8, .box_h = 10, .ofs_x = 0, .ofs_y = -3},
    {.bitmap_index = 19402, .adv_w = 126, .box_w = 8, .box_h = 9, .ofs_x = 0, .ofs_y = 0},
    {.bitmap_index = 19438, .adv_w = 74, .box_w = 6, .box_h = 7, .ofs_x = -1, .ofs_y = 0},
    {.bitmap_index = 19459, .adv_w = 132, .box_w = 9, .box_h = 9, .ofs_x = 0, .ofs_y = 0},
    {.bitmap_index = 19500, .adv_w = 110, .box_w = 7, .box_h = 10, .ofs_x = 0, .ofs_y = -3},
    {.bitmap_index = 19535, .adv_w = 192, .box_w = 12, .box_h = 13, .ofs_x = 0, .ofs_y = -2},
    {.bitmap_index = 19613, .adv_w = 192, .box_w = 12, .box_h = 9, .ofs_x = 0, .ofs_y = 0},
    {.bitmap_index = 19667, .adv_w = 192, .box_w = 12, .box_h = 11, .ofs_x = 0, .ofs_y = -1},
    {.bitmap_index = 19733, .adv_w = 192, .box_w = 12, .box_h = 9, .ofs_x = 0, .ofs_y = 0},
    {.bitmap_index = 19787, .adv_w = 132, .box_w = 9, .box_h = 9, .ofs_x = 0, .ofs_y = 0},
    {.bitmap_index = 19828, .adv_w = 192, .box_w = 12, .box_h = 13, .ofs_x = 0, .ofs_y = -2},
    {.bitmap_index = 19906, .adv_w = 192, .box_w = 12, .box_h = 13, .ofs_x = 0, .ofs_y = -2},
    {.bitmap_index = 19984, .adv_w = 216, .box_w = 14, .box_h = 11, .ofs_x = 0, .ofs_y = -1},
    {.bitmap_index = 20061, .adv_w = 192, .box_w = 12, .box_h = 13, .ofs_x = 0, .ofs_y = -2},
    {.bitmap_index = 20139, .adv_w = 216, .box_w = 14, .box_h = 9, .ofs_x = 0, .ofs_y = 0},
    {.bitmap_index = 20202, .adv_w = 192, .box_w = 12, .box_h = 13, .ofs_x = 0, .ofs_y = -2},
    {.bitmap_index = 20280, .adv_w = 96, .box_w = 6, .box_h = 10, .ofs_x = 0, .ofs_y = -1},
    {.bitmap_index = 20310, .adv_w = 144, .box_w = 9, .box_h = 10, .ofs_x = 0, .ofs_y = -1},
    {.bitmap_index = 20355, .adv_w = 216, .box_w = 14, .box_h = 13, .ofs_x = 0, .ofs_y = -2},
    {.bitmap_index = 20446, .adv_w = 192, .box_w = 12, .box_h = 9, .ofs_x = 0, .ofs_y = 0},
    {.bitmap_index = 20500, .adv_w = 132, .box_w = 9, .box_h = 13, .ofs_x = 0, .ofs_y = -2},
    {.bitmap_index = 20559, .adv_w = 168, .box_w = 8, .box_h = 12, .ofs_x = 1, .ofs_y = -2},
    {.bitmap_index = 20607, .adv_w = 168, .box_w = 11, .box_h = 13, .ofs_x = 0, .ofs_y = -2},
    {.bitmap_index = 20679, .adv_w = 168, .box_w = 11, .box_h = 11, .ofs_x = 0, .ofs_y = -1},
    {.bitmap_index = 20740, .adv_w = 168, .box_w = 11, .box_h = 11, .ofs_x = 0, .ofs_y = -1},
    {.bitmap_index = 20801, .adv_w = 168, .box_w = 8, .box_h = 12, .ofs_x = 1, .ofs_y = -2},
    {.bitmap_index = 20849, .adv_w = 168, .box_w = 12, .box_h = 11, .ofs_x = -1, .ofs_y = -1},
    {.bitmap_index = 20915, .adv_w = 120, .box_w = 7, .box_h = 11, .ofs_x = 0, .ofs_y = -1},
    {.bitmap_index = 20954, .adv_w = 120, .box_w = 7, .box_h = 11, .ofs_x = 0, .ofs_y = -1},
    {.bitmap_index = 20993, .adv_w = 168, .box_w = 11, .box_h = 11, .ofs_x = 0, .ofs_y = -1},
    {.bitmap_index = 21054, .adv_w = 168, .box_w = 11, .box_h = 3, .ofs_x = 0, .ofs_y = 3},
    {.bitmap_index = 21071, .adv_w = 216, .box_w = 14, .box_h = 9, .ofs_x = 0, .ofs_y = 0},
    {.bitmap_index = 21134, .adv_w = 240, .box_w = 16, .box_h = 13, .ofs_x = 0, .ofs_y = -2},
    {.bitmap_index = 21238, .adv_w = 216, .box_w = 15, .box_h = 13, .ofs_x = -1, .ofs_y = -2},
    {.bitmap_index = 21336, .adv_w = 192, .box_w = 12, .box_h = 11, .ofs_x = 0, .ofs_y = -1},
    {.bitmap_index = 21402, .adv_w = 168, .box_w = 11, .box_h = 7, .ofs_x = 0, .ofs_y = 1},
    {.bitmap_index = 21441, .adv_w = 168, .box_w = 11, .box_h = 7, .ofs_x = 0, .ofs_y = 1},
    {.bitmap_index = 21480, .adv_w = 240, .box_w = 16, .box_h = 10, .ofs_x = -1, .ofs_y = 0},
    {.bitmap_index = 21560, .adv_w = 192, .box_w = 12, .box_h = 9, .ofs_x = 0, .ofs_y = 0},
    {.bitmap_index = 21614, .adv_w = 192, .box_w = 12, .box_h = 13, .ofs_x = 0, .ofs_y = -2},
    {.bitmap_index = 21692, .adv_w = 192, .box_w = 13, .box_h = 13, .ofs_x = -1, .ofs_y = -2},
    {.bitmap_index = 21777, .adv_w = 240, .box_w = 15, .box_h = 11, .ofs_x = 0, .ofs_y = -1},
    {.bitmap_index = 21860, .adv_w = 168, .box_w = 11, .box_h = 11, .ofs_x = 0, .ofs_y = -1},
    {.bitmap_index = 21921, .adv_w = 168, .box_w = 11, .box_h = 13, .ofs_x = 0, .ofs_y = -2},
    {.bitmap_index = 21993, .adv_w = 168, .box_w = 11, .box_h = 11, .ofs_x = 0, .ofs_y = -1},
    {.bitmap_index = 22054, .adv_w = 168, .box_w = 11, .box_h = 11, .ofs_x = 0, .ofs_y = -1},
    {.bitmap_index = 22115, .adv_w = 192, .box_w = 12, .box_h = 9, .ofs_x = 0, .ofs_y = 0},
    {.bitmap_index = 22169, .adv_w = 120, .box_w = 9, .box_h = 13, .ofs_x = -1, .ofs_y = -2},
    {.bitmap_index = 22228, .adv_w = 168, .box_w = 11, .box_h = 13, .ofs_x = 0, .ofs_y = -2},
    {.bitmap_index = 22300, .adv_w = 168, .box_w = 11, .box_h = 13, .ofs_x = 0, .ofs_y = -2},
    {.bitmap_index = 22372, .adv_w = 216, .box_w = 14, .box_h = 9, .ofs_x = 0, .ofs_y = 0},
    {.bitmap_index = 22435, .adv_w = 192, .box_w = 14, .box_h = 13, .ofs_x = -1, .ofs_y = -2},
    {.bitmap_index = 22526, .adv_w = 144, .box_w = 9, .box_h = 13, .ofs_x = 0, .ofs_y = -2},
    {.bitmap_index = 22585, .adv_w = 192, .box_w = 12, .box_h = 13, .ofs_x = 0, .ofs_y = -2},
    {.bitmap_index = 22663, .adv_w = 240, .box_w = 15, .box_h = 12, .ofs_x = 0, .ofs_y = -1},
    {.bitmap_index = 22753, .adv_w = 240, .box_w = 15, .box_h = 9, .ofs_x = 0, .ofs_y = 0},
    {.bitmap_index = 22821, .adv_w = 240, .box_w = 15, .box_h = 9, .ofs_x = 0, .ofs_y = 0},
    {.bitmap_index = 22889, .adv_w = 240, .box_w = 15, .box_h = 9, .ofs_x = 0, .ofs_y = 0},
    {.bitmap_index = 22957, .adv_w = 240, .box_w = 15, .box_h = 9, .ofs_x = 0, .ofs_y = 0},
    {.bitmap_index = 23025, .adv_w = 240, .box_w = 15, .box_h = 9, .ofs_x = 0, .ofs_y = 0},
    {.bitmap_index = 23093, .adv_w = 240, .box_w = 16, .box_h = 11, .ofs_x = 0, .ofs_y = -1},
    {.bitmap_index = 23181, .adv_w = 168, .box_w = 10, .box_h = 13, .ofs_x = 0, .ofs_y = -2},
    {.bitmap_index = 23246, .adv_w = 168, .box_w = 12, .box_h = 13, .ofs_x = -1, .ofs_y = -2},
    {.bitmap_index = 23324, .adv_w = 168, .box_w = 11, .box_h = 13, .ofs_x = 0, .ofs_y = -2},
    {.bitmap_index = 23396, .adv_w = 192, .box_w = 13, .box_h = 13, .ofs_x = -1, .ofs_y = -2},
    {.bitmap_index = 23481, .adv_w = 240, .box_w = 15, .box_h = 9, .ofs_x = 0, .ofs_y = 0},
    {.bitmap_index = 23549, .adv_w = 240, .box_w = 15, .box_h = 13, .ofs_x = 0, .ofs_y = -2},
    {.bitmap_index = 23647, .adv_w = 192, .box_w = 13, .box_h = 11, .ofs_x = 0, .ofs_y = -1},
    {.bitmap_index = 23719, .adv_w = 192, .box_w = 12, .box_h = 13, .ofs_x = 0, .ofs_y = -2},
    {.bitmap_index = 23797, .adv_w = 192, .box_w = 13, .box_h = 13, .ofs_x = -1, .ofs_y = -2},
    {.bitmap_index = 23882, .adv_w = 240, .box_w = 15, .box_h = 13, .ofs_x = 0, .ofs_y = -2},
    {.bitmap_index = 23980, .adv_w = 144, .box_w = 9, .box_h = 13, .ofs_x = 0, .ofs_y = -2},
    {.bitmap_index = 24039, .adv_w = 193, .box_w = 13, .box_h = 9, .ofs_x = 0, .ofs_y = 0}
};

/*---------------------
 *  CHARACTER MAPPING
 *--------------------*/

static const uint16_t unicode_list_5[] = {
    0x0, 0x7, 0xa, 0xb, 0xc, 0x10, 0x12, 0x14,
    0x18, 0x1b, 0x20, 0x25, 0x26, 0x27, 0x3d, 0x42,
    0x47, 0x4a, 0x4b, 0x4c, 0x50, 0x51, 0x52, 0x53,
    0x66, 0x67, 0x6d, 0x6f, 0x70, 0x73, 0x76, 0x77,
    0x78, 0x7a, 0x92, 0x94, 0xc1, 0xc3, 0xc4, 0xc6,
    0xc8, 0xdf, 0xe6, 0xe9, 0xf2, 0x11b, 0x123, 0x15a,
    0x184, 0x1ea, 0x23f, 0x240, 0x241, 0x242, 0x243, 0x286,
    0x292, 0x2db, 0x2ec, 0x303, 0x559, 0x6c3, 0x72d, 0x73c,
    0x73f, 0x75e, 0x7c1, 0x8a1
};

/*Collect the unicode lists and glyph_id offsets*/
static const lv_font_fmt_txt_cmap_t cmaps[] =
{
    {
        .range_start = 32, .range_length = 95, .glyph_id_start = 1,
        .unicode_list = NULL, .glyph_id_ofs_list = NULL, .list_length = 0, .type = LV_FONT_FMT_TXT_CMAP_FORMAT0_TINY
    },
    {
        .range_start = 160, .range_length = 13, .glyph_id_start = 96,
        .unicode_list = NULL, .glyph_id_ofs_list = NULL, .list_length = 0, .type = LV_FONT_FMT_TXT_CMAP_FORMAT0_TINY
    },
    {
        .range_start = 174, .range_length = 155, .glyph_id_start = 109,
        .unicode_list = NULL, .glyph_id_ofs_list = NULL, .list_length = 0, .type = LV_FONT_FMT_TXT_CMAP_FORMAT0_TINY
    },
    {
        .range_start = 330, .range_length = 122, .glyph_id_start = 264,
        .unicode_list = NULL, .glyph_id_ofs_list = NULL, .list_length = 0, .type = LV_FONT_FMT_TXT_CMAP_FORMAT0_TINY
    },
    {
        .range_start = 453, .range_length = 139, .glyph_id_start = 386,
        .unicode_list = NULL, .glyph_id_ofs_list = NULL, .list_length = 0, .type = LV_FONT_FMT_TXT_CMAP_FORMAT0_TINY
    },
    {
        .range_start = 61441, .range_length = 2210, .glyph_id_start = 525,
        .unicode_list = unicode_list_5, .glyph_id_ofs_list = NULL, .list_length = 68, .type = LV_FONT_FMT_TXT_CMAP_SPARSE_TINY
    }
};

/*-----------------
 *    KERNING
 *----------------*/


/*Pair left and right glyphs for kerning*/
static const uint16_t kern_pair_glyph_ids[] =
{
    3, 7,
    3, 13,
    3, 15,
    3, 21,
    3, 98,
    7, 3,
    7, 8,
    7, 61,
    7, 109,
    8, 7,
    8, 13,
    8, 15,
    8, 21,
    8, 98,
    9, 93,
    9, 98,
    11, 7,
    11, 13,
    11, 15,
    11, 21,
    11, 33,
    11, 64,
    11, 105,
    12, 19,
    12, 20,
    12, 24,
    12, 61,
    12, 117,
    13, 1,
    13, 2,
    13, 3,
    13, 8,
    13, 17,
    13, 18,
    13, 20,
    13, 22,
    13, 23,
    13, 24,
    13, 25,
    13, 26,
    13, 32,
    13, 33,
    13, 105,
    13, 117,
    14, 19,
    14, 20,
    14, 24,
    14, 61,
    14, 117,
    15, 1,
    15, 2,
    15, 3,
    15, 8,
    15, 17,
    15, 18,
    15, 20,
    15, 22,
    15, 23,
    15, 24,
    15, 25,
    15, 26,
    15, 32,
    15, 33,
    15, 105,
    15, 117,
    16, 13,
    16, 15,
    16, 61,
    17, 13,
    17, 15,
    17, 24,
    17, 61,
    17, 64,
    18, 10,
    18, 62,
    18, 64,
    18, 94,
    19, 21,
    20, 11,
    20, 13,
    20, 15,
    20, 63,
    20, 107,
    20, 111,
    21, 11,
    21, 13,
    21, 15,
    21, 18,
    21, 63,
    21, 109,
    21, 111,
    21, 117,
    22, 11,
    22, 13,
    22, 15,
    22, 63,
    22, 109,
    22, 111,
    23, 13,
    23, 15,
    23, 64,
    24, 4,
    24, 7,
    24, 13,
    24, 15,
    24, 17,
    24, 20,
    24, 21,
    24, 22,
    24, 23,
    24, 24,
    24, 25,
    24, 26,
    24, 27,
    24, 28,
    24, 29,
    24, 64,
    24, 98,
    24, 107,
    25, 11,
    25, 13,
    25, 15,
    25, 63,
    25, 107,
    25, 111,
    26, 13,
    26, 15,
    26, 24,
    26, 61,
    26, 64,
    27, 61,
    28, 61,
    30, 61,
    31, 24,
    31, 61,
    33, 13,
    33, 15,
    33, 16,
    33, 61,
    33, 64,
    33, 109,
    60, 93,
    60, 98,
    61, 3,
    61, 5,
    61, 8,
    61, 11,
    61, 12,
    61, 14,
    61, 16,
    61, 18,
    61, 29,
    61, 30,
    61, 32,
    61, 33,
    61, 61,
    61, 63,
    61, 95,
    61, 98,
    61, 105,
    61, 107,
    61, 108,
    61, 109,
    61, 111,
    61, 112,
    61, 117,
    61, 118,
    61, 122,
    61, 150,
    61, 182,
    63, 7,
    63, 13,
    63, 15,
    63, 21,
    63, 33,
    63, 64,
    63, 105,
    64, 11,
    64, 17,
    64, 18,
    64, 20,
    64, 21,
    64, 22,
    64, 23,
    64, 25,
    64, 26,
    64, 33,
    64, 61,
    64, 63,
    64, 93,
    64, 105,
    64, 111,
    64, 117,
    92, 93,
    92, 98,
    93, 10,
    93, 62,
    93, 64,
    93, 94,
    95, 19,
    95, 20,
    95, 24,
    95, 61,
    95, 117,
    97, 61,
    98, 3,
    98, 8,
    98, 10,
    98, 18,
    98, 61,
    98, 62,
    98, 94,
    98, 109,
    105, 13,
    105, 15,
    105, 16,
    105, 61,
    105, 64,
    105, 109,
    109, 7,
    109, 21,
    109, 33,
    109, 98,
    109, 105,
    111, 7,
    111, 13,
    111, 15,
    111, 21,
    111, 33,
    111, 64,
    111, 105,
    112, 61,
    116, 12,
    116, 14,
    116, 16,
    116, 29,
    116, 64,
    116, 95,
    116, 108,
    116, 118,
    116, 182,
    117, 10,
    117, 62,
    117, 64,
    117, 94,
    118, 19,
    118, 20,
    118, 24,
    118, 61,
    118, 117,
    122, 18,
    122, 19,
    122, 20,
    122, 24,
    122, 25,
    122, 61,
    126, 61,
    150, 61,
    182, 19,
    182, 20,
    182, 24,
    182, 61,
    182, 117
};

/* Kerning between the respective left and right glyphs
 * 4.4 format which needs to scaled with `kern_scale`*/
static const int8_t kern_pair_values[] =
{
    -6, -16, -16, -12, -3, -6, -6, -12,
    -4, -6, -16, -16, -12, -3, 1, -2,
    -6, -26, -26, -9, -3, -13, -3, -6,
    -2, -5, -9, -3, -2, -1, -17, -17,
    -5, -17, -5, -2, -5, -3, -5, -2,
    -17, -8, -8, -10, -6, -2, -5, -9,
    -3, -2, -1, -17, -17, -5, -17, -5,
    -2, -5, -3, -5, -2, -17, -8, -8,
    -10, -8, -8, 0, -5, -5, -4, -3,
    -9, 1, 1, 1, 1, -3, -2, -4,
    -4, -2, -6, -2, -5, -6, -6, -5,
    -5, -1, -5, -8, 0, -5, -5, 0,
    -1, 0, -6, -6, -9, -11, -9, -24,
    -24, -3, -3, -11, -2, -3, 4, -3,
    -2, -6, -6, -17, -30, -10, -12, -2,
    -4, -4, -2, -6, -2, -5, -5, -4,
    -3, -9, -12, -12, -13, -14, -14, -8,
    -8, -8, -7, -8, -1, 1, -2, -15,
    -1, -15, -16, -6, -6, 3, -7, -2,
    -10, -12, -7, -9, -16, -6, -1, -7,
    -6, -6, -14, -16, -10, -10, -6, -6,
    -6, -6, -6, -26, -26, -9, -3, -13,
    -3, -13, -9, -21, -9, -11, -9, -9,
    -9, -9, -8, -15, -13, 6, -8, -13,
    -9, 1, -2, 1, 1, 1, 1, -6,
    -2, -5, -9, -3, -6, -3, -3, -2,
    -6, -10, -2, -2, -2, -8, -8, -8,
    -7, -8, -1, -6, -9, -1, -5, -1,
    -6, -26, -26, -9, -3, -13, -3, -13,
    -7, -7, -6, -8, -6, -7, -6, -7,
    -7, 1, 1, 1, 1, -6, -2, -5,
    -8, -3, -8, -10, -9, -10, -6, -12,
    -17, -8, -6, -2, -5, -9, -3
};

/*Collect the kern pair's data in one place*/
static const lv_font_fmt_txt_kern_pair_t kern_pairs =
{
    .glyph_ids = kern_pair_glyph_ids,
    .values = kern_pair_values,
    .pair_cnt = 263,
    .glyph_ids_size = 1
};

/*--------------------
 *  ALL CUSTOM DATA
 *--------------------*/

#if LVGL_VERSION_MAJOR == 8
/*Store all the custom data of the font*/
static  lv_font_fmt_txt_glyph_cache_t cache;
#endif

#if LVGL_VERSION_MAJOR >= 8
static const lv_font_fmt_txt_dsc_t font_dsc = {
#else
static lv_font_fmt_txt_dsc_t font_dsc = {
#endif
    .glyph_bitmap = glyph_bitmap,
    .glyph_dsc = glyph_dsc,
    .cmaps = cmaps,
    .kern_dsc = &kern_pairs,
    .kern_scale = 16,
    .cmap_num = 6,
    .bpp = 4,
    .kern_classes = 0,
    .bitmap_format = 0,
#if LVGL_VERSION_MAJOR == 8
    .cache = &cache
#endif
};



/*-----------------
 *  PUBLIC FONT
 *----------------*/

/*Initialize a public general font descriptor*/
#if LVGL_VERSION_MAJOR >= 8
const lv_font_t font_pl_12 = {
#else
lv_font_t font_pl_12 = {
#endif
    .get_glyph_dsc = lv_font_get_glyph_dsc_fmt_txt,    /*Function pointer to get glyph's data*/
    .get_glyph_bitmap = lv_font_get_bitmap_fmt_txt,    /*Function pointer to get glyph's bitmap*/
    .line_height = 18,          /*The maximum line height required by the font*/
    .base_line = 4,             /*Baseline measured from the bottom of the line*/
#if !(LVGL_VERSION_MAJOR == 6 && LVGL_VERSION_MINOR == 0)
    .subpx = LV_FONT_SUBPX_NONE,
#endif
#if LV_VERSION_CHECK(7, 4, 0) || LVGL_VERSION_MAJOR >= 8
    .underline_position = -2,
    .underline_thickness = 1,
#endif
    .dsc = &font_dsc,          /*The custom font data. Will be accessed by `get_glyph_bitmap/dsc` */
#if LV_VERSION_CHECK(8, 2, 0) || LVGL_VERSION_MAJOR >= 9
    .fallback = NULL,
#endif
    .user_data = NULL,
};



#endif /*#if FONT_PL_12*/

