/*******************************************************************************
 * Size: 10 px
 * Bpp: 4
 * Opts: --bpp 4 --size 10 --font ../tools/fonts/Inter-Medium.otf -r 0x20-0x7F,0xA0-0x24F --font ../managed_components/lvgl__lvgl/scripts/built_in_font/FontAwesome5-Solid+Brands+Regular.woff -r 61441,61448,61451,61452,61453,61457,61459,61461,61465,61468,61473,61478,61479,61480,61502,61507,61512,61515,61516,61517,61521,61522,61523,61524,61543,61544,61550,61552,61553,61556,61559,61560,61561,61563,61587,61589,61636,61637,61639,61641,61664,61671,61674,61683,61724,61732,61787,61931,62016,62017,62018,62019,62020,62087,62099,62212,62189,62810,63426,63650,0xf185,0xf6c4,0xf0c2,0xf75f,0xf73d,0xf740,0xf2dc,0xf72e --format lvgl --no-compress -o font_pl_10.c
 ******************************************************************************/

#ifdef LV_LVGL_H_INCLUDE_SIMPLE
#include "lvgl.h"
#else
#include "lvgl/lvgl.h"
#endif

#ifndef FONT_PL_10
#define FONT_PL_10 1
#endif

#if FONT_PL_10

/*-----------------
 *    BITMAPS
 *----------------*/

/*Store the image of the glyphs*/
static LV_ATTRIBUTE_LARGE_CONST const uint8_t glyph_bitmap[] = {
    /* U+0020 " " */

    /* U+0021 "!" */
    0x1f, 0x10, 0xf1, 0xf, 0x10, 0xf0, 0xf, 0x0,
    0x50, 0x7, 0x1, 0xe2,

    /* U+0022 "\"" */
    0xf3, 0xee, 0x2d, 0xe1, 0xd1, 0x1,

    /* U+0023 "#" */
    0x0, 0xd0, 0x76, 0x0, 0x2b, 0x9, 0x40, 0x5f,
    0xfe, 0xff, 0x20, 0x76, 0xd, 0x0, 0x9, 0x40,
    0xd0, 0xb, 0xff, 0xff, 0xb0, 0xd, 0x5, 0x80,
    0x0, 0xd0, 0x76, 0x0,

    /* U+0024 "$" */
    0x0, 0x1, 0x0, 0x0, 0x8, 0x0, 0x5, 0xdf,
    0xc2, 0x2f, 0x49, 0x9b, 0x2f, 0x18, 0x1, 0xa,
    0xec, 0x20, 0x0, 0x3d, 0xe6, 0x12, 0x8, 0x4d,
    0x4f, 0x39, 0x9c, 0x8, 0xef, 0xc2, 0x0, 0x8,
    0x0,

    /* U+0025 "%" */
    0x7d, 0x80, 0x5, 0x90, 0xd0, 0xd0, 0xc, 0x0,
    0xc0, 0xc0, 0x95, 0x0, 0x5d, 0x63, 0xb0, 0x0,
    0x0, 0xc, 0x17, 0xd5, 0x0, 0x77, 0xc, 0x1c,
    0x1, 0xc0, 0xc, 0xc, 0xa, 0x30, 0x8, 0xd6,

    /* U+0026 "&" */
    0x5, 0xed, 0x30, 0x0, 0xd4, 0x69, 0x0, 0xc,
    0x5a, 0x70, 0x0, 0x5f, 0xa0, 0x0, 0x1d, 0xbc,
    0x1a, 0x6, 0xa0, 0xac, 0xc0, 0x6d, 0x13, 0xf8,
    0x0, 0x9f, 0xe7, 0xe1,

    /* U+0027 "'" */
    0xf1, 0xe0, 0xe0, 0x10,

    /* U+0028 "(" */
    0x0, 0xc1, 0x4, 0xc0, 0x9, 0x70, 0xc, 0x40,
    0xe, 0x20, 0xf, 0x10, 0xd, 0x30, 0xb, 0x60,
    0x5, 0xb0, 0x0, 0xe1,

    /* U+0029 ")" */
    0x68, 0x2, 0xe0, 0xc, 0x40, 0x97, 0x7, 0x90,
    0x6a, 0x8, 0x80, 0xb6, 0x1f, 0x16, 0xa0,

    /* U+002A "*" */
    0x0, 0xb0, 0x2, 0xcd, 0xb4, 0x9, 0xfb, 0x11,
    0x5b, 0x33, 0x0, 0x50, 0x0,

    /* U+002B "+" */
    0x0, 0x2c, 0x0, 0x0, 0x2c, 0x0, 0xf, 0xff,
    0xfb, 0x0, 0x2c, 0x0, 0x0, 0x2c, 0x0, 0x0,
    0x2, 0x0,

    /* U+002C "," */
    0x1, 0x0, 0xf0, 0x2c, 0x5, 0x80,

    /* U+002D "-" */
    0x4f, 0xfe,

    /* U+002E "." */
    0x7, 0x1, 0xe1,

    /* U+002F "/" */
    0x0, 0x43, 0x0, 0xb4, 0x0, 0xe0, 0x3, 0xc0,
    0x7, 0x80, 0xb, 0x40, 0xe, 0x0, 0x2c, 0x0,
    0x68, 0x0, 0xa4, 0x0,

    /* U+0030 "0" */
    0x3, 0xde, 0x80, 0xe, 0x62, 0xd6, 0x4d, 0x0,
    0x6b, 0x6b, 0x0, 0x3d, 0x6b, 0x0, 0x3d, 0x4d,
    0x0, 0x6b, 0xe, 0x62, 0xd6, 0x3, 0xde, 0x80,

    /* U+0031 "1" */
    0x8, 0xf5, 0x7a, 0xc5, 0x20, 0xc5, 0x0, 0xc5,
    0x0, 0xc5, 0x0, 0xc5, 0x0, 0xc5, 0x0, 0xc5,

    /* U+0032 "2" */
    0x6, 0xee, 0x70, 0x1f, 0x43, 0xf3, 0x15, 0x0,
    0xc4, 0x0, 0x3, 0xe0, 0x0, 0x1d, 0x50, 0x0,
    0xc7, 0x0, 0xb, 0xa0, 0x0, 0x4f, 0xff, 0xf8,

    /* U+0033 "3" */
    0x6, 0xef, 0x90, 0x2e, 0x32, 0xd5, 0x0, 0x1,
    0xd3, 0x0, 0x9f, 0x90, 0x0, 0x2, 0xd6, 0x24,
    0x0, 0x8a, 0x3f, 0x43, 0xd7, 0x6, 0xee, 0x90,

    /* U+0034 "4" */
    0x0, 0x9, 0xf0, 0x0, 0x3, 0xdf, 0x0, 0x0,
    0xd4, 0xf0, 0x0, 0x7a, 0xf, 0x0, 0x1e, 0x10,
    0xf0, 0x6, 0xfe, 0xef, 0xe0, 0x1, 0x11, 0xf2,
    0x0, 0x0, 0xf, 0x0,

    /* U+0035 "5" */
    0xf, 0xff, 0xf1, 0xf, 0x0, 0x0, 0x2e, 0x0,
    0x0, 0x3e, 0xde, 0x80, 0x15, 0x23, 0xf4, 0x11,
    0x0, 0xb6, 0x4e, 0x33, 0xf3, 0x7, 0xee, 0x70,

    /* U+0036 "6" */
    0x2, 0xcf, 0x90, 0xd, 0x72, 0xd6, 0x3d, 0x0,
    0x22, 0x5b, 0xae, 0xa0, 0x6f, 0x51, 0xc8, 0x4d,
    0x0, 0x6b, 0xe, 0x52, 0xc7, 0x4, 0xdf, 0x90,

    /* U+0037 "7" */
    0x8f, 0xff, 0xf4, 0x0, 0x2, 0xf1, 0x0, 0x8,
    0x90, 0x0, 0xe, 0x20, 0x0, 0x7b, 0x0, 0x0,
    0xe3, 0x0, 0x5, 0xc0, 0x0, 0xd, 0x50, 0x0,

    /* U+0038 "8" */
    0x6, 0xef, 0x90, 0x1f, 0x31, 0xd5, 0xe, 0x31,
    0xd4, 0x5, 0xff, 0x90, 0x1f, 0x42, 0xd6, 0x6c,
    0x0, 0x7a, 0x3f, 0x32, 0xc8, 0x6, 0xee, 0x90,

    /* U+0039 "9" */
    0x6, 0xee, 0x70, 0x3f, 0x43, 0xd4, 0x6b, 0x0,
    0x89, 0x3f, 0x32, 0xdb, 0x7, 0xec, 0x8a, 0x13,
    0x0, 0x88, 0x2f, 0x43, 0xe2, 0x6, 0xee, 0x50,

    /* U+003A ":" */
    0x6, 0x1, 0xe1, 0x0, 0x0, 0x0, 0x7, 0x1,
    0xe1,

    /* U+003B ";" */
    0x6, 0x10, 0xd3, 0x0, 0x0, 0x0, 0x1, 0x0,
    0xf0, 0x2c, 0x5, 0x80,

    /* U+003C "<" */
    0x0, 0x0, 0x0, 0x0, 0x0, 0x77, 0x0, 0x6e,
    0xb2, 0x1d, 0xb3, 0x0, 0x1a, 0xd6, 0x0, 0x0,
    0x3b, 0xe4, 0x0, 0x0, 0x45,

    /* U+003D "=" */
    0xde, 0xee, 0x91, 0x11, 0x11, 0xde, 0xee, 0x91,
    0x11, 0x11,

    /* U+003E ">" */
    0x0, 0x0, 0xb, 0x40, 0x0, 0x5d, 0xc3, 0x0,
    0x5, 0xda, 0x1, 0x8e, 0x78, 0xe8, 0x10, 0x81,
    0x0, 0x0,

    /* U+003F "?" */
    0xb, 0xfc, 0x27, 0xc1, 0x9a, 0x11, 0x7, 0xa0,
    0x4, 0xe3, 0x0, 0xf3, 0x0, 0x8, 0x0, 0x0,
    0x60, 0x0, 0x3e, 0x0,

    /* U+0040 "@" */
    0x0, 0x3b, 0xee, 0xb2, 0x0, 0x5, 0xd4, 0x0,
    0x4d, 0x30, 0xd, 0x20, 0x0, 0x3, 0xc0, 0x3b,
    0x5, 0xdb, 0xc0, 0xd1, 0x69, 0x1d, 0x13, 0xe0,
    0xa3, 0x69, 0x3a, 0x0, 0xe0, 0xa2, 0x3b, 0x1d,
    0x3, 0xf0, 0xd0, 0xe, 0x27, 0xdb, 0x9d, 0x70,
    0x5, 0xd4, 0x0, 0x10, 0x0, 0x0, 0x3b, 0xee,
    0xc2, 0x0,

    /* U+0041 "A" */
    0x0, 0x5f, 0x50, 0x0, 0xa, 0xcb, 0x0, 0x0,
    0xf4, 0xf0, 0x0, 0x4e, 0xd, 0x50, 0x9, 0x90,
    0x8a, 0x0, 0xef, 0xef, 0xf0, 0x4f, 0x11, 0x1e,
    0x59, 0x90, 0x0, 0x8a,

    /* U+0042 "B" */
    0x2f, 0xff, 0xc2, 0x2, 0xe0, 0x19, 0xb0, 0x2e,
    0x0, 0x98, 0x2, 0xfe, 0xfe, 0x20, 0x2e, 0x0,
    0x8b, 0x2, 0xe0, 0x2, 0xf0, 0x2e, 0x1, 0x8e,
    0x2, 0xff, 0xfd, 0x30,

    /* U+0043 "C" */
    0x1, 0xae, 0xe7, 0x0, 0xca, 0x35, 0xe6, 0x3e,
    0x0, 0x4, 0x76, 0xb0, 0x0, 0x0, 0x6b, 0x0,
    0x0, 0x3, 0xe0, 0x0, 0x47, 0xc, 0xa2, 0x5e,
    0x60, 0x1a, 0xee, 0x70,

    /* U+0044 "D" */
    0x2f, 0xff, 0xb2, 0x2, 0xe0, 0x27, 0xe1, 0x2e,
    0x0, 0xb, 0x72, 0xe0, 0x0, 0x79, 0x2e, 0x0,
    0x7, 0x92, 0xe0, 0x0, 0xb6, 0x2e, 0x2, 0x7e,
    0x2, 0xff, 0xeb, 0x20,

    /* U+0045 "E" */
    0x2f, 0xff, 0xf6, 0x2e, 0x0, 0x0, 0x2e, 0x0,
    0x0, 0x2f, 0xee, 0xe2, 0x2e, 0x11, 0x10, 0x2e,
    0x0, 0x0, 0x2e, 0x0, 0x0, 0x2f, 0xff, 0xf6,

    /* U+0046 "F" */
    0x2f, 0xff, 0xf5, 0x2e, 0x0, 0x0, 0x2e, 0x0,
    0x0, 0x2e, 0x0, 0x0, 0x2f, 0xee, 0xe0, 0x2e,
    0x11, 0x10, 0x2e, 0x0, 0x0, 0x2e, 0x0, 0x0,

    /* U+0047 "G" */
    0x1, 0xae, 0xe7, 0x0, 0xca, 0x35, 0xe6, 0x3e,
    0x0, 0x5, 0x76, 0xb0, 0x0, 0x0, 0x6b, 0x0,
    0xff, 0xe3, 0xe0, 0x0, 0x4c, 0xc, 0xa3, 0x3d,
    0x70, 0x1a, 0xee, 0x80,

    /* U+0048 "H" */
    0x2e, 0x0, 0x7, 0xa2, 0xe0, 0x0, 0x7a, 0x2e,
    0x0, 0x7, 0xa2, 0xfe, 0xee, 0xfa, 0x2e, 0x11,
    0x18, 0xa2, 0xe0, 0x0, 0x7a, 0x2e, 0x0, 0x7,
    0xa2, 0xe0, 0x0, 0x7a,

    /* U+0049 "I" */
    0x2e, 0x2e, 0x2e, 0x2e, 0x2e, 0x2e, 0x2e, 0x2e,

    /* U+004A "J" */
    0x0, 0x2, 0xf0, 0x0, 0x2f, 0x0, 0x2, 0xf0,
    0x0, 0x2f, 0x0, 0x2, 0xf7, 0x70, 0x2f, 0x6d,
    0x28, 0xc0, 0xaf, 0xd3,

    /* U+004B "K" */
    0x2e, 0x0, 0x4f, 0x32, 0xe0, 0x2e, 0x50, 0x2e,
    0xd, 0x80, 0x2, 0xe9, 0xe0, 0x0, 0x2f, 0xbe,
    0x50, 0x2, 0xf1, 0x4e, 0x10, 0x2e, 0x0, 0xaa,
    0x2, 0xe0, 0x1, 0xe4,

    /* U+004C "L" */
    0x2e, 0x0, 0x0, 0x2e, 0x0, 0x0, 0x2e, 0x0,
    0x0, 0x2e, 0x0, 0x0, 0x2e, 0x0, 0x0, 0x2e,
    0x0, 0x0, 0x2e, 0x0, 0x0, 0x2f, 0xff, 0xf3,

    /* U+004D "M" */
    0x2f, 0x90, 0x0, 0x8f, 0x52, 0xee, 0x0, 0xd,
    0xe5, 0x2d, 0xc4, 0x2, 0xec, 0x52, 0xe7, 0xa0,
    0x89, 0xc5, 0x2e, 0x2f, 0xd, 0x3c, 0x52, 0xe0,
    0xc6, 0xe0, 0xc5, 0x2e, 0x6, 0xe8, 0xc, 0x52,
    0xe0, 0x1f, 0x30, 0xc5,

    /* U+004E "N" */
    0x2f, 0x60, 0x5, 0xc2, 0xfe, 0x0, 0x5c, 0x2e,
    0xa8, 0x5, 0xc2, 0xe2, 0xf2, 0x5c, 0x2e, 0x8,
    0xa5, 0xc2, 0xe0, 0xe, 0x8c, 0x2e, 0x0, 0x6f,
    0xc2, 0xe0, 0x0, 0xcc,

    /* U+004F "O" */
    0x1, 0xae, 0xd7, 0x0, 0xb, 0xa3, 0x4e, 0x60,
    0x3e, 0x0, 0x4, 0xd0, 0x6b, 0x0, 0x0, 0xf0,
    0x6b, 0x0, 0x0, 0xf0, 0x3e, 0x0, 0x4, 0xd0,
    0xc, 0xa3, 0x4d, 0x60, 0x1, 0xae, 0xd7, 0x0,

    /* U+0050 "P" */
    0x2f, 0xff, 0xb2, 0x2e, 0x2, 0xab, 0x2e, 0x0,
    0x4e, 0x2e, 0x0, 0x9b, 0x2f, 0xef, 0xd2, 0x2e,
    0x11, 0x0, 0x2e, 0x0, 0x0, 0x2e, 0x0, 0x0,

    /* U+0051 "Q" */
    0x1, 0xae, 0xd7, 0x0, 0xb, 0xa3, 0x4e, 0x60,
    0x3e, 0x0, 0x4, 0xd0, 0x6b, 0x0, 0x0, 0xf0,
    0x6b, 0x0, 0x0, 0xf0, 0x3e, 0x2, 0x74, 0xd0,
    0xc, 0xa3, 0xce, 0x50, 0x1, 0xae, 0xde, 0x20,
    0x0, 0x0, 0x3, 0x50,

    /* U+0052 "R" */
    0x2f, 0xff, 0xc2, 0x2, 0xe0, 0x2a, 0xb0, 0x2e,
    0x0, 0x4e, 0x2, 0xe0, 0x9, 0xb0, 0x2f, 0xef,
    0xe2, 0x2, 0xe1, 0x6e, 0x0, 0x2e, 0x0, 0xd6,
    0x2, 0xe0, 0x5, 0xe0,

    /* U+0053 "S" */
    0x5, 0xdf, 0xb1, 0x1f, 0x52, 0xaa, 0x2f, 0x10,
    0x2, 0xa, 0xe8, 0x20, 0x0, 0x38, 0xe7, 0x23,
    0x0, 0x4d, 0x4f, 0x42, 0xab, 0x7, 0xef, 0xb2,

    /* U+0054 "T" */
    0x8f, 0xff, 0xff, 0x10, 0x5, 0xd0, 0x0, 0x0,
    0x4d, 0x0, 0x0, 0x4, 0xd0, 0x0, 0x0, 0x4d,
    0x0, 0x0, 0x4, 0xd0, 0x0, 0x0, 0x4d, 0x0,
    0x0, 0x4, 0xd0, 0x0,

    /* U+0055 "U" */
    0x2e, 0x0, 0x8, 0x92, 0xe0, 0x0, 0x89, 0x2e,
    0x0, 0x8, 0x92, 0xe0, 0x0, 0x89, 0x2e, 0x0,
    0x8, 0x91, 0xf1, 0x0, 0xa8, 0xd, 0x92, 0x5f,
    0x30, 0x2b, 0xfd, 0x60,

    /* U+0056 "V" */
    0x99, 0x0, 0x8, 0xa4, 0xe0, 0x0, 0xd5, 0xe,
    0x30, 0x2f, 0x0, 0x98, 0x7, 0xb0, 0x4, 0xd0,
    0xb6, 0x0, 0xe, 0x3f, 0x10, 0x0, 0x9b, 0xb0,
    0x0, 0x4, 0xf6, 0x0,

    /* U+0057 "W" */
    0xa8, 0x0, 0xbb, 0x0, 0x8a, 0x6c, 0x0, 0xee,
    0x0, 0xc6, 0x2f, 0x2, 0xcc, 0x30, 0xf2, 0xe,
    0x36, 0x99, 0x63, 0xe0, 0xa, 0x7a, 0x55, 0xa6,
    0xa0, 0x6, 0xad, 0x11, 0xd9, 0x60, 0x2, 0xed,
    0x0, 0xde, 0x20, 0x0, 0xea, 0x0, 0x9e, 0x0,

    /* U+0058 "X" */
    0x3f, 0x10, 0x1e, 0x40, 0x9a, 0x9, 0xa0, 0x1,
    0xe5, 0xe1, 0x0, 0x6, 0xf6, 0x0, 0x0, 0x8f,
    0x80, 0x0, 0x2e, 0x3f, 0x30, 0xc, 0x70, 0x7c,
    0x6, 0xd0, 0x0, 0xd6,

    /* U+0059 "Y" */
    0x7c, 0x0, 0xd, 0x60, 0xe5, 0x6, 0xd0, 0x5,
    0xd0, 0xe5, 0x0, 0xc, 0xbc, 0x0, 0x0, 0x3f,
    0x30, 0x0, 0x0, 0xf0, 0x0, 0x0, 0xf, 0x0,
    0x0, 0x0, 0xf0, 0x0,

    /* U+005A "Z" */
    0x6f, 0xff, 0xfc, 0x0, 0x0, 0xc5, 0x0, 0x7,
    0xb0, 0x0, 0x2e, 0x20, 0x0, 0xb8, 0x0, 0x5,
    0xd0, 0x0, 0xe, 0x40, 0x0, 0x6f, 0xff, 0xfd,

    /* U+005B "[" */
    0xff, 0x1f, 0x0, 0xf0, 0xf, 0x0, 0xf0, 0xf,
    0x0, 0xf0, 0xf, 0x0, 0xf0, 0xf, 0xf1,

    /* U+005C "\\" */
    0x51, 0x0, 0x86, 0x0, 0x4a, 0x0, 0x1e, 0x0,
    0xc, 0x20, 0x9, 0x60, 0x5, 0xa0, 0x1, 0xe0,
    0x0, 0xd2, 0x0, 0x95,

    /* U+005D "]" */
    0x6f, 0xa0, 0x5a, 0x5, 0xa0, 0x5a, 0x5, 0xa0,
    0x5a, 0x5, 0xa0, 0x5a, 0x5, 0xa6, 0xfa,

    /* U+005E "^" */
    0x1, 0x70, 0x0, 0x9d, 0x50, 0xd, 0x3c, 0x6,
    0x80, 0xc2,

    /* U+005F "_" */
    0xff, 0xff, 0x90,

    /* U+0060 "`" */
    0x8, 0x0, 0x95,

    /* U+0061 "a" */
    0x9, 0xee, 0x42, 0x91, 0x5d, 0x3, 0x7b, 0xf5,
    0xd6, 0x4f, 0x8a, 0x8, 0xf2, 0xbe, 0x8f,

    /* U+0062 "b" */
    0x4c, 0x0, 0x0, 0x4c, 0x0, 0x0, 0x4c, 0x9e,
    0xa0, 0x4f, 0x41, 0xd6, 0x4e, 0x0, 0x8a, 0x4e,
    0x0, 0x8a, 0x4f, 0x41, 0xd6, 0x4c, 0x9e, 0xa0,

    /* U+0063 "c" */
    0x6, 0xed, 0x60, 0x3e, 0x22, 0xd1, 0x7a, 0x0,
    0x0, 0x7a, 0x0, 0x0, 0x3e, 0x22, 0xd1, 0x6,
    0xed, 0x60,

    /* U+0064 "d" */
    0x0, 0x0, 0x97, 0x0, 0x0, 0x97, 0x8, 0xeb,
    0xa7, 0x3f, 0x22, 0xf7, 0x7a, 0x0, 0xb7, 0x7a,
    0x0, 0xb7, 0x3f, 0x22, 0xf7, 0x8, 0xeb, 0xa7,

    /* U+0065 "e" */
    0x6, 0xee, 0x70, 0x3d, 0x22, 0xe3, 0x7e, 0xdd,
    0xe5, 0x7b, 0x0, 0x0, 0x3f, 0x21, 0xc1, 0x6,
    0xed, 0x70,

    /* U+0066 "f" */
    0x5, 0xe7, 0xd, 0x50, 0xdf, 0xf6, 0xd, 0x30,
    0xd, 0x30, 0xd, 0x30, 0xd, 0x30, 0xd, 0x30,

    /* U+0067 "g" */
    0x7, 0xeb, 0xa7, 0x3e, 0x11, 0xf7, 0x7a, 0x0,
    0xb7, 0x7a, 0x0, 0xb7, 0x3e, 0x22, 0xf7, 0x8,
    0xeb, 0xa7, 0x6, 0x0, 0xc5, 0x8, 0xde, 0x90,

    /* U+0068 "h" */
    0x4c, 0x0, 0x0, 0x4c, 0x0, 0x0, 0x4c, 0xaf,
    0x90, 0x4f, 0x43, 0xf2, 0x4d, 0x0, 0xc4, 0x4c,
    0x0, 0xc4, 0x4c, 0x0, 0xc4, 0x4c, 0x0, 0xc4,

    /* U+0069 "i" */
    0x4c, 0x3, 0x4c, 0x4c, 0x4c, 0x4c, 0x4c, 0x4c,

    /* U+006A "j" */
    0x4, 0xc0, 0x3, 0x4, 0xc0, 0x4c, 0x4, 0xc0,
    0x4c, 0x4, 0xc0, 0x4c, 0x6, 0xa2, 0xd4,

    /* U+006B "k" */
    0x4c, 0x0, 0x0, 0x4c, 0x0, 0x0, 0x4c, 0x6,
    0xd1, 0x4c, 0x4e, 0x20, 0x4e, 0xe5, 0x0, 0x4f,
    0xac, 0x0, 0x4c, 0xd, 0x70, 0x4c, 0x3, 0xf2,

    /* U+006C "l" */
    0x4c, 0x4c, 0x4c, 0x4c, 0x4c, 0x4c, 0x4c, 0x4c,

    /* U+006D "m" */
    0x4c, 0xae, 0x4a, 0xf8, 0x4, 0xf3, 0x6f, 0x53,
    0xf1, 0x4d, 0x1, 0xf0, 0xe, 0x24, 0xc0, 0x1f,
    0x0, 0xe2, 0x4c, 0x1, 0xf0, 0xe, 0x24, 0xc0,
    0x1f, 0x0, 0xe2,

    /* U+006E "n" */
    0x4c, 0xaf, 0x90, 0x4f, 0x43, 0xf2, 0x4d, 0x0,
    0xc4, 0x4c, 0x0, 0xc4, 0x4c, 0x0, 0xc4, 0x4c,
    0x0, 0xc4,

    /* U+006F "o" */
    0x6, 0xee, 0x70, 0x3e, 0x22, 0xe3, 0x7a, 0x0,
    0xa7, 0x7a, 0x0, 0xa8, 0x3e, 0x22, 0xe3, 0x6,
    0xee, 0x70,

    /* U+0070 "p" */
    0x4c, 0x9e, 0xa0, 0x4f, 0x41, 0xd6, 0x4e, 0x0,
    0x8a, 0x4e, 0x0, 0x8a, 0x4f, 0x41, 0xd6, 0x4c,
    0x9e, 0xa0, 0x4c, 0x0, 0x0, 0x4c, 0x0, 0x0,

    /* U+0071 "q" */
    0x8, 0xeb, 0xa7, 0x3e, 0x11, 0xf7, 0x7a, 0x0,
    0xb7, 0x7b, 0x0, 0xb7, 0x3f, 0x22, 0xf7, 0x8,
    0xeb, 0xa7, 0x0, 0x0, 0x97, 0x0, 0x0, 0x97,

    /* U+0072 "r" */
    0x4c, 0xba, 0x4f, 0x51, 0x4d, 0x0, 0x4c, 0x0,
    0x4c, 0x0, 0x4c, 0x0,

    /* U+0073 "s" */
    0x9, 0xec, 0x34, 0xd0, 0x46, 0x1e, 0x95, 0x0,
    0x16, 0xca, 0x39, 0x6, 0xd0, 0xae, 0xd4,

    /* U+0074 "t" */
    0x7, 0x0, 0x1f, 0x0, 0xdf, 0xf0, 0x1f, 0x0,
    0x1f, 0x0, 0x1f, 0x0, 0x1f, 0x10, 0x8, 0xf1,

    /* U+0075 "u" */
    0x4c, 0x0, 0xc4, 0x4c, 0x0, 0xc4, 0x4c, 0x0,
    0xc4, 0x4d, 0x0, 0xd4, 0x2f, 0x34, 0xf4, 0x9,
    0xfa, 0xb4,

    /* U+0076 "v" */
    0x98, 0x0, 0xc5, 0x4d, 0x1, 0xf0, 0xe, 0x26,
    0xa0, 0x9, 0x7b, 0x40, 0x3, 0xce, 0x0, 0x0,
    0xe9, 0x0,

    /* U+0077 "w" */
    0x98, 0x8, 0xc0, 0x3e, 0x4, 0xc0, 0xce, 0x7,
    0x90, 0xf, 0xd, 0x94, 0xb5, 0x0, 0xc6, 0xa5,
    0x8e, 0x10, 0x7, 0xd6, 0x1d, 0xc0, 0x0, 0x3f,
    0x20, 0xd8, 0x0,

    /* U+0078 "x" */
    0x4d, 0x4, 0xd0, 0xb, 0x6c, 0x40, 0x2, 0xfb,
    0x0, 0x3, 0xec, 0x0, 0xc, 0x5c, 0x50, 0x6c,
    0x3, 0xe1,

    /* U+0079 "y" */
    0x98, 0x0, 0xc5, 0x3e, 0x2, 0xf0, 0xe, 0x37,
    0xa0, 0x8, 0x8c, 0x40, 0x2, 0xde, 0x0, 0x0,
    0xd8, 0x0, 0x1, 0xe2, 0x0, 0x3e, 0x70, 0x0,

    /* U+007A "z" */
    0x4f, 0xff, 0xe0, 0x0, 0xc7, 0x0, 0x7b, 0x0,
    0x3e, 0x10, 0xd, 0x60, 0x6, 0xff, 0xff,

    /* U+007B "{" */
    0x0, 0xac, 0x2, 0xe1, 0x3, 0xc0, 0x6, 0xb0,
    0x4e, 0x20, 0x9, 0x90, 0x4, 0xc0, 0x3, 0xc0,
    0x1, 0xe1, 0x0, 0x8c,

    /* U+007C "|" */
    0xc3, 0xc3, 0xc3, 0xc3, 0xc3, 0xc3, 0xc3, 0xc3,
    0xc3, 0xc3, 0xc3, 0xc3, 0xc3,

    /* U+007D "}" */
    0x6d, 0x20, 0x8, 0x90, 0x5, 0xa0, 0x4, 0xc0,
    0x0, 0xab, 0x3, 0xd3, 0x5, 0xa0, 0x5, 0x90,
    0x9, 0x80, 0x6c, 0x10,

    /* U+007E "~" */
    0x8, 0xd6, 0x2b, 0x2d, 0x3c, 0xf7, 0x0, 0x0,
    0x0,

    /* U+00A0 " " */

    /* U+00A1 "¡" */
    0x1e, 0x20, 0x70, 0x5, 0x0, 0xf0, 0xf, 0x10,
    0xf1, 0xf, 0x11, 0xf1,

    /* U+00A2 "¢" */
    0x0, 0x54, 0x0, 0x7, 0xff, 0x70, 0x3e, 0x75,
    0xc1, 0x7a, 0x44, 0x0, 0x7a, 0x44, 0x0, 0x3e,
    0x75, 0xd1, 0x8, 0xff, 0x70, 0x0, 0x54, 0x0,

    /* U+00A3 "£" */
    0x1, 0xbf, 0xa0, 0x8, 0xb2, 0xc5, 0xc, 0x40,
    0x22, 0xc, 0x40, 0x0, 0x6f, 0xed, 0x60, 0xb,
    0x50, 0x0, 0xc, 0x30, 0x57, 0x7f, 0xff, 0xe4,

    /* U+00A4 "¤" */
    0x0, 0x0, 0x0, 0x2, 0xb9, 0xdc, 0x88, 0xd,
    0x70, 0x3e, 0x31, 0xc0, 0x0, 0x77, 0x39, 0x0,
    0x4, 0x91, 0xc0, 0x0, 0x77, 0xe, 0x60, 0x3e,
    0x32, 0xaa, 0xed, 0x77,

    /* U+00A5 "¥" */
    0xa8, 0x0, 0xe3, 0x3e, 0x5, 0xc0, 0xc, 0x4b,
    0x50, 0x5, 0xce, 0x0, 0x4c, 0xfe, 0xa0, 0x4c,
    0xfd, 0xa0, 0x0, 0xc5, 0x0, 0x0, 0xc5, 0x0,

    /* U+00A6 "¦" */
    0xf, 0xf, 0xf, 0x9, 0x0, 0x0, 0xf, 0xf,
    0xf, 0x9,

    /* U+00A7 "§" */
    0x6, 0xdc, 0x20, 0xf, 0x25, 0x80, 0xd, 0x60,
    0x0, 0x19, 0xbb, 0x10, 0x58, 0x4, 0xc0, 0x2f,
    0x70, 0xe0, 0x4, 0xdf, 0x70, 0x0, 0xa, 0x80,
    0x1c, 0x17, 0xa0, 0x6, 0xdb, 0x30,

    /* U+00A8 "¨" */
    0x0, 0x0, 0x87, 0x79, 0x11, 0x11,

    /* U+00A9 "©" */
    0x0, 0x3a, 0xdb, 0x40, 0x0, 0x3e, 0x62, 0x5e,
    0x50, 0xc, 0x49, 0xea, 0x3e, 0x1, 0xd5, 0xb0,
    0x63, 0xb3, 0x1d, 0x5a, 0x6, 0x3b, 0x30, 0xd2,
    0x9e, 0xa1, 0xe1, 0x5, 0xd3, 0x2, 0xc7, 0x0,
    0x5, 0xef, 0xe7, 0x0, 0x0, 0x0, 0x0, 0x0,
    0x0,

    /* U+00AA "ª" */
    0x1c, 0xc7, 0x2, 0x21, 0xf0, 0x3c, 0xcf, 0x9,
    0x51, 0xf0, 0x4c, 0xae, 0x0,

    /* U+00AB "«" */
    0x1, 0xd4, 0xd5, 0xb, 0x7a, 0x80, 0x5d, 0x4f,
    0x0, 0xb, 0x7a, 0x80, 0x1, 0xd4, 0xd5,

    /* U+00AC "¬" */
    0xef, 0xff, 0x40, 0x0, 0xa4, 0x0, 0x5, 0x20,

    /* U+00AE "®" */
    0x2, 0xab, 0x80, 0x1, 0xb9, 0x87, 0xa0, 0x64,
    0xab, 0x3a, 0x16, 0x49, 0x46, 0xa1, 0x1c, 0x10,
    0x4a, 0x0, 0x2b, 0xc8, 0x0,

    /* U+00AF "¯" */
    0xd, 0xd9,

    /* U+00B0 "°" */
    0xa, 0xd4, 0x3a, 0x1b, 0x3a, 0x1b, 0xa, 0xd4,

    /* U+00B1 "±" */
    0x0, 0x2d, 0x0, 0xe, 0xef, 0xea, 0x1, 0x3d,
    0x11, 0x0, 0x2d, 0x0, 0x0, 0x0, 0x0, 0xe,
    0xee, 0xea, 0x1, 0x11, 0x11,

    /* U+00B2 "²" */
    0x1b, 0xc6, 0x22, 0x4b, 0x5, 0xa1, 0x5f, 0xcc,

    /* U+00B3 "³" */
    0x1b, 0xc8, 0x1, 0x4c, 0x80, 0x12, 0xf, 0x2,
    0xcd, 0x80,

    /* U+00B4 "´" */
    0x5, 0x40, 0xd0,

    /* U+00B5 "µ" */
    0x4c, 0x0, 0xc4, 0x4c, 0x0, 0xc4, 0x4c, 0x0,
    0xc4, 0x4d, 0x0, 0xd4, 0x4f, 0x33, 0xf5, 0x4d,
    0xcd, 0x7e, 0x4c, 0x0, 0x0, 0x4c, 0x0, 0x0,

    /* U+00B6 "¶" */
    0x8, 0xef, 0xf3, 0x4f, 0xf5, 0xc3, 0x7f, 0xf5,
    0xc3, 0x4f, 0xf5, 0xc3, 0x9, 0xf5, 0xc3, 0x0,
    0x0, 0xc3, 0x0, 0x0, 0xc3, 0x0, 0x0, 0xc3,

    /* U+00B7 "·" */
    0x7, 0x1, 0xe1,

    /* U+00B8 "¸" */
    0x9, 0x0, 0x46, 0x19, 0x40,

    /* U+00B9 "¹" */
    0x4e, 0x82, 0x68, 0x6, 0x80, 0x68,

    /* U+00BA "º" */
    0xb, 0xe9, 0x7, 0x90, 0xb4, 0x95, 0x8, 0x77,
    0x90, 0xb4, 0xb, 0xe9, 0x0,

    /* U+00BB "»" */
    0x4d, 0x4e, 0x10, 0x7, 0xb6, 0xc0, 0x0, 0xd5,
    0xc6, 0x7, 0xb6, 0xc0, 0x4d, 0x4e, 0x10,

    /* U+00BC "¼" */
    0x5, 0x10, 0x0, 0x30, 0x8d, 0x30, 0x8, 0x50,
    0xa, 0x30, 0x3a, 0x0, 0xa, 0x30, 0xc1, 0x0,
    0xa, 0x37, 0x60, 0xb3, 0x0, 0x2b, 0x7, 0xd4,
    0x0, 0xb2, 0x1b, 0x84, 0x6, 0x70, 0x4d, 0xea,
    0x6, 0x0, 0x0, 0x42,

    /* U+00BD "½" */
    0x6, 0x10, 0x0, 0x40, 0x8, 0xd3, 0x0, 0x94,
    0x0, 0xa, 0x30, 0x3a, 0x0, 0x0, 0xa3, 0xb,
    0x20, 0x0, 0x9, 0x26, 0x73, 0xb7, 0x0, 0x1,
    0xc0, 0x31, 0xc0, 0x0, 0x94, 0x0, 0x4b, 0x0,
    0x3a, 0x0, 0x1c, 0x10, 0xa, 0x10, 0x8, 0xdc,
    0x10,

    /* U+00BE "¾" */
    0x1a, 0x90, 0x0, 0x75, 0x1, 0x19, 0x30, 0x1c,
    0x0, 0x5, 0xd1, 0xa, 0x30, 0x1, 0x18, 0x64,
    0x90, 0x0, 0x2c, 0xb1, 0xc1, 0x3e, 0x10, 0x0,
    0x76, 0xb, 0xd1, 0x0, 0x1c, 0x3, 0x8b, 0x10,
    0xa, 0x30, 0x8c, 0xe7, 0x0, 0x60, 0x0, 0x6,
    0x0,

    /* U+00BF "¿" */
    0x0, 0xa6, 0x0, 0x5, 0x20, 0x0, 0x53, 0x0,
    0x1e, 0x40, 0x1d, 0x80, 0x6, 0xb0, 0x2, 0x6d,
    0x18, 0xb0, 0xaf, 0xd2,

    /* U+00C0 "À" */
    0x0, 0x87, 0x0, 0x0, 0x0, 0x70, 0x0, 0x0,
    0x5f, 0x50, 0x0, 0xa, 0xcb, 0x0, 0x0, 0xf4,
    0xf0, 0x0, 0x4e, 0xd, 0x50, 0x9, 0x90, 0x8a,
    0x0, 0xef, 0xef, 0xf0, 0x4f, 0x11, 0x1e, 0x59,
    0x90, 0x0, 0x8a,

    /* U+00C1 "Á" */
    0x0, 0x6, 0x90, 0x0, 0x0, 0x71, 0x0, 0x0,
    0x5f, 0x50, 0x0, 0xa, 0xcb, 0x0, 0x0, 0xf4,
    0xf0, 0x0, 0x4e, 0xd, 0x50, 0x9, 0x90, 0x8a,
    0x0, 0xef, 0xef, 0xf0, 0x4f, 0x11, 0x1e, 0x59,
    0x90, 0x0, 0x8a,

    /* U+00C2 "Â" */
    0x0, 0x7, 0x10, 0x0, 0x8, 0xba, 0x0, 0x0,
    0x70, 0x70, 0x0, 0x5, 0xf5, 0x0, 0x0, 0xac,
    0xb0, 0x0, 0xf, 0x4f, 0x0, 0x4, 0xe0, 0xd5,
    0x0, 0x99, 0x8, 0xa0, 0xe, 0xfe, 0xff, 0x4,
    0xf1, 0x11, 0xe5, 0x99, 0x0, 0x8, 0xa0,

    /* U+00C3 "Ã" */
    0x0, 0x8b, 0x90, 0x0, 0x0, 0x0, 0x0, 0x0,
    0x5f, 0x50, 0x0, 0xa, 0xcb, 0x0, 0x0, 0xf4,
    0xf0, 0x0, 0x4e, 0xd, 0x50, 0x9, 0x90, 0x8a,
    0x0, 0xef, 0xef, 0xf0, 0x4f, 0x11, 0x1e, 0x59,
    0x90, 0x0, 0x8a,

    /* U+00C4 "Ä" */
    0x0, 0x0, 0x0, 0x0, 0xf, 0xe, 0x10, 0x0,
    0x20, 0x20, 0x0, 0x5, 0xf5, 0x0, 0x0, 0xac,
    0xb0, 0x0, 0xf, 0x4f, 0x0, 0x4, 0xe0, 0xd5,
    0x0, 0x99, 0x8, 0xa0, 0xe, 0xfe, 0xff, 0x4,
    0xf1, 0x11, 0xe5, 0x99, 0x0, 0x8, 0xa0,

    /* U+00C5 "Å" */
    0x0, 0x3a, 0x40, 0x0, 0xa, 0xb, 0x0, 0x0,
    0x3a, 0x40, 0x0, 0x5, 0xf5, 0x0, 0x0, 0xac,
    0xb0, 0x0, 0xf, 0x4f, 0x0, 0x4, 0xe0, 0xd5,
    0x0, 0x99, 0x8, 0xa0, 0xe, 0xfe, 0xff, 0x4,
    0xf1, 0x11, 0xe5, 0x99, 0x0, 0x8, 0xa0,

    /* U+00C6 "Æ" */
    0x0, 0x9, 0xef, 0xff, 0xf5, 0x0, 0xf, 0x4e,
    0x0, 0x0, 0x0, 0x6b, 0x2e, 0x0, 0x0, 0x0,
    0xd5, 0x2f, 0xee, 0xe2, 0x4, 0xe0, 0x2e, 0x11,
    0x10, 0xb, 0xfe, 0xfe, 0x0, 0x0, 0x2f, 0x20,
    0x2e, 0x0, 0x0, 0x8b, 0x0, 0x2f, 0xff, 0xf6,

    /* U+00C7 "Ç" */
    0x1, 0xae, 0xe7, 0x0, 0xba, 0x35, 0xe6, 0x3e,
    0x0, 0x4, 0x76, 0xb0, 0x0, 0x0, 0x6b, 0x0,
    0x0, 0x3, 0xe0, 0x0, 0x47, 0xc, 0xa1, 0x4e,
    0x60, 0x1b, 0xfe, 0x80, 0x0, 0x6, 0x80, 0x0,
    0x0, 0x6a, 0x0,

    /* U+00C8 "È" */
    0x0, 0xd1, 0x0, 0x0, 0x43, 0x0, 0x2f, 0xff,
    0xf6, 0x2e, 0x0, 0x0, 0x2e, 0x0, 0x0, 0x2f,
    0xee, 0xe2, 0x2e, 0x11, 0x10, 0x2e, 0x0, 0x0,
    0x2e, 0x0, 0x0, 0x2f, 0xff, 0xf6,

    /* U+00C9 "É" */
    0x0, 0xd, 0x20, 0x0, 0x16, 0x0, 0x2f, 0xff,
    0xf6, 0x2e, 0x0, 0x0, 0x2e, 0x0, 0x0, 0x2f,
    0xee, 0xe2, 0x2e, 0x11, 0x10, 0x2e, 0x0, 0x0,
    0x2e, 0x0, 0x0, 0x2f, 0xff, 0xf6,

    /* U+00CA "Ê" */
    0x0, 0x45, 0x0, 0x1, 0xdc, 0x30, 0x3, 0x42,
    0x50, 0x2f, 0xff, 0xf6, 0x2e, 0x0, 0x0, 0x2e,
    0x0, 0x0, 0x2f, 0xee, 0xe2, 0x2e, 0x11, 0x10,
    0x2e, 0x0, 0x0, 0x2e, 0x0, 0x0, 0x2f, 0xff,
    0xf6,

    /* U+00CB "Ë" */
    0x0, 0x0, 0x0, 0x7, 0x95, 0xa0, 0x0, 0x10,
    0x10, 0x2f, 0xff, 0xf6, 0x2e, 0x0, 0x0, 0x2e,
    0x0, 0x0, 0x2f, 0xee, 0xe2, 0x2e, 0x11, 0x10,
    0x2e, 0x0, 0x0, 0x2e, 0x0, 0x0, 0x2f, 0xff,
    0xf6,

    /* U+00CC "Ì" */
    0xb5, 0x26, 0x2e, 0x2e, 0x2e, 0x2e, 0x2e, 0x2e,
    0x2e, 0x2e,

    /* U+00CD "Í" */
    0x9, 0x60, 0x80, 0x2e, 0x2, 0xe0, 0x2e, 0x2,
    0xe0, 0x2e, 0x2, 0xe0, 0x2e, 0x2, 0xe0,

    /* U+00CE "Î" */
    0x2, 0x70, 0x0, 0xbb, 0x70, 0x16, 0x7, 0x0,
    0x2e, 0x0, 0x2, 0xe0, 0x0, 0x2e, 0x0, 0x2,
    0xe0, 0x0, 0x2e, 0x0, 0x2, 0xe0, 0x0, 0x2e,
    0x0, 0x2, 0xe0, 0x0,

    /* U+00CF "Ï" */
    0x0, 0x0, 0x3, 0xd1, 0xe0, 0x2, 0x2, 0x0,
    0x2e, 0x0, 0x2, 0xe0, 0x0, 0x2e, 0x0, 0x2,
    0xe0, 0x0, 0x2e, 0x0, 0x2, 0xe0, 0x0, 0x2e,
    0x0, 0x2, 0xe0, 0x0,

    /* U+00D0 "Ð" */
    0xf, 0xff, 0xc4, 0x0, 0xf3, 0x15, 0xf3, 0xf,
    0x20, 0x7, 0xa0, 0xf2, 0x0, 0x4c, 0xcf, 0xed,
    0x4, 0xc0, 0xf2, 0x0, 0x7a, 0xf, 0x31, 0x5f,
    0x30, 0xff, 0xfc, 0x40,

    /* U+00D1 "Ñ" */
    0x0, 0x5b, 0xa1, 0x0, 0x0, 0x0, 0x0, 0x2f,
    0x60, 0x5, 0xc2, 0xfe, 0x0, 0x5c, 0x2e, 0xa8,
    0x5, 0xc2, 0xe2, 0xf2, 0x5c, 0x2e, 0x8, 0xa5,
    0xc2, 0xe0, 0xe, 0x8c, 0x2e, 0x0, 0x6f, 0xc2,
    0xe0, 0x0, 0xcc,

    /* U+00D2 "Ò" */
    0x0, 0x36, 0x0, 0x0, 0x0, 0xc, 0x10, 0x0,
    0x0, 0x0, 0x0, 0x0, 0x1, 0xae, 0xd7, 0x0,
    0xb, 0xa3, 0x4e, 0x60, 0x3e, 0x0, 0x4, 0xd0,
    0x6b, 0x0, 0x0, 0xf0, 0x6b, 0x0, 0x0, 0xf0,
    0x3e, 0x0, 0x4, 0xd0, 0xc, 0xa3, 0x4d, 0x60,
    0x1, 0xae, 0xd7, 0x0,

    /* U+00D3 "Ó" */
    0x0, 0x0, 0x80, 0x0, 0x0, 0x6, 0x80, 0x0,
    0x0, 0x0, 0x0, 0x0, 0x1, 0xae, 0xd7, 0x0,
    0xb, 0xa3, 0x4e, 0x60, 0x3e, 0x0, 0x4, 0xd0,
    0x6b, 0x0, 0x0, 0xf0, 0x6b, 0x0, 0x0, 0xf0,
    0x3e, 0x0, 0x4, 0xd0, 0xc, 0xa3, 0x4d, 0x60,
    0x1, 0xae, 0xd7, 0x0,

    /* U+00D4 "Ô" */
    0x0, 0x6, 0x40, 0x0, 0x0, 0x78, 0xc3, 0x0,
    0x0, 0x0, 0x0, 0x0, 0x1, 0xae, 0xd7, 0x0,
    0xb, 0xa3, 0x4e, 0x60, 0x3e, 0x0, 0x4, 0xd0,
    0x6b, 0x0, 0x0, 0xf0, 0x6b, 0x0, 0x0, 0xf0,
    0x3e, 0x0, 0x4, 0xd0, 0xc, 0xa3, 0x4d, 0x60,
    0x1, 0xae, 0xd7, 0x0,

    /* U+00D5 "Õ" */
    0x0, 0x5b, 0xa2, 0x0, 0x0, 0x0, 0x0, 0x0,
    0x1, 0xae, 0xd7, 0x0, 0xb, 0xa3, 0x4e, 0x60,
    0x3e, 0x0, 0x4, 0xd0, 0x6b, 0x0, 0x0, 0xf0,
    0x6b, 0x0, 0x0, 0xf0, 0x3e, 0x0, 0x4, 0xd0,
    0xc, 0xa3, 0x4d, 0x60, 0x1, 0xae, 0xd7, 0x0,

    /* U+00D6 "Ö" */
    0x0, 0x0, 0x0, 0x0, 0x0, 0xb4, 0xa6, 0x0,
    0x0, 0x10, 0x10, 0x0, 0x1, 0xae, 0xd7, 0x0,
    0xb, 0xa3, 0x4e, 0x60, 0x3e, 0x0, 0x4, 0xd0,
    0x6b, 0x0, 0x0, 0xf0, 0x6b, 0x0, 0x0, 0xf0,
    0x3e, 0x0, 0x4, 0xd0, 0xc, 0xa3, 0x4d, 0x60,
    0x1, 0xae, 0xd7, 0x0,

    /* U+00D7 "×" */
    0x6, 0x0, 0x34, 0x9, 0xb2, 0xe5, 0x0, 0xbf,
    0x60, 0x1, 0xdd, 0x90, 0xb, 0x80, 0xc7, 0x3,
    0x0, 0x12,

    /* U+00D8 "Ø" */
    0x0, 0x0, 0x0, 0x0, 0x1, 0xae, 0xea, 0x80,
    0xc, 0xb3, 0x6f, 0x60, 0x3e, 0x0, 0xaa, 0xd0,
    0x6b, 0x4, 0xa1, 0xf0, 0x6c, 0xc, 0x10, 0xf0,
    0x3f, 0x95, 0x4, 0xd0, 0xc, 0xe3, 0x4d, 0x60,
    0xc, 0xaf, 0xd7, 0x0, 0x0, 0x0, 0x0, 0x0,

    /* U+00D9 "Ù" */
    0x0, 0x45, 0x0, 0x0, 0x1, 0xd0, 0x0, 0x0,
    0x0, 0x0, 0x2, 0xe0, 0x0, 0x89, 0x2e, 0x0,
    0x8, 0x92, 0xe0, 0x0, 0x89, 0x2e, 0x0, 0x8,
    0x92, 0xe0, 0x0, 0x89, 0x1f, 0x10, 0xa, 0x80,
    0xd9, 0x25, 0xf3, 0x2, 0xbf, 0xd6, 0x0,

    /* U+00DA "Ú" */
    0x0, 0x1, 0x80, 0x0, 0x0, 0x86, 0x0, 0x0,
    0x0, 0x0, 0x2, 0xe0, 0x0, 0x89, 0x2e, 0x0,
    0x8, 0x92, 0xe0, 0x0, 0x89, 0x2e, 0x0, 0x8,
    0x92, 0xe0, 0x0, 0x89, 0x1f, 0x10, 0xa, 0x80,
    0xd9, 0x25, 0xf3, 0x2, 0xbf, 0xd6, 0x0,

    /* U+00DB "Û" */
    0x0, 0x7, 0x30, 0x0, 0x9, 0x7c, 0x10, 0x0,
    0x0, 0x0, 0x2, 0xe0, 0x0, 0x89, 0x2e, 0x0,
    0x8, 0x92, 0xe0, 0x0, 0x89, 0x2e, 0x0, 0x8,
    0x92, 0xe0, 0x0, 0x89, 0x1f, 0x10, 0xa, 0x80,
    0xd9, 0x25, 0xf3, 0x2, 0xbf, 0xd6, 0x0,

    /* U+00DC "Ü" */
    0x0, 0x0, 0x0, 0x0, 0xd, 0x2c, 0x40, 0x0,
    0x20, 0x20, 0x2, 0xe0, 0x0, 0x89, 0x2e, 0x0,
    0x8, 0x92, 0xe0, 0x0, 0x89, 0x2e, 0x0, 0x8,
    0x92, 0xe0, 0x0, 0x89, 0x1f, 0x10, 0xa, 0x80,
    0xd9, 0x25, 0xf3, 0x2, 0xbf, 0xd6, 0x0,

    /* U+00DD "Ý" */
    0x0, 0x7, 0x80, 0x0, 0x0, 0x70, 0x0, 0x7c,
    0x0, 0xd, 0x60, 0xe5, 0x6, 0xd0, 0x5, 0xd0,
    0xe5, 0x0, 0xc, 0xbc, 0x0, 0x0, 0x3f, 0x30,
    0x0, 0x0, 0xf0, 0x0, 0x0, 0xf, 0x0, 0x0,
    0x0, 0xf0, 0x0,

    /* U+00DE "Þ" */
    0x3e, 0x0, 0x0, 0x3e, 0x0, 0x0, 0x3f, 0xed,
    0x90, 0x3e, 0x12, 0xb8, 0x3e, 0x0, 0x99, 0x3f,
    0xef, 0xc1, 0x3e, 0x10, 0x0, 0x3e, 0x0, 0x0,

    /* U+00DF "ß" */
    0x6, 0xed, 0x80, 0x1f, 0x53, 0xf4, 0x2e, 0x1,
    0xe2, 0x2e, 0x3f, 0xa0, 0x2e, 0x2, 0xc7, 0x2e,
    0x0, 0x6b, 0x2e, 0x1, 0xa9, 0x2e, 0x3f, 0xc1,

    /* U+00E0 "à" */
    0x3, 0x60, 0x0, 0xd, 0x0, 0x0, 0x0, 0x0,
    0x9e, 0xe4, 0x29, 0x15, 0xd0, 0x37, 0xbf, 0x5d,
    0x64, 0xf8, 0xa0, 0x8f, 0x2b, 0xe8, 0xf0,

    /* U+00E1 "á" */
    0x0, 0x18, 0x0, 0x7, 0x70, 0x0, 0x0, 0x0,
    0x9e, 0xe4, 0x29, 0x15, 0xd0, 0x37, 0xbf, 0x5d,
    0x64, 0xf8, 0xa0, 0x8f, 0x2b, 0xe8, 0xf0,

    /* U+00E2 "â" */
    0x0, 0x73, 0x0, 0x88, 0xc2, 0x0, 0x0, 0x0,
    0x9e, 0xe4, 0x29, 0x15, 0xd0, 0x37, 0xbf, 0x5d,
    0x64, 0xf8, 0xa0, 0x8f, 0x2b, 0xe8, 0xf0,

    /* U+00E3 "ã" */
    0x5, 0xba, 0x10, 0x0, 0x0, 0x9, 0xee, 0x42,
    0x91, 0x5d, 0x3, 0x7b, 0xf5, 0xd6, 0x4f, 0x8a,
    0x8, 0xf2, 0xbe, 0x8f,

    /* U+00E4 "ä" */
    0xb, 0x3a, 0x50, 0x30, 0x20, 0x9, 0xee, 0x42,
    0x91, 0x5d, 0x3, 0x7b, 0xf5, 0xd6, 0x4f, 0x8a,
    0x8, 0xf2, 0xbe, 0x8f,

    /* U+00E5 "å" */
    0x1, 0xa7, 0x0, 0x64, 0xa0, 0x1, 0xa7, 0x0,
    0x9e, 0xe4, 0x29, 0x15, 0xd0, 0x37, 0xbf, 0x5d,
    0x64, 0xf8, 0xa0, 0x8f, 0x2b, 0xe8, 0xf0,

    /* U+00E6 "æ" */
    0x9, 0xed, 0x5c, 0xfa, 0x1, 0x60, 0x4f, 0x40,
    0xa7, 0x9, 0xdd, 0xfd, 0xdd, 0x97, 0xb0, 0x2e,
    0x0, 0x0, 0x8a, 0x19, 0xf5, 0xa, 0x51, 0xce,
    0x93, 0xce, 0x90,

    /* U+00E7 "ç" */
    0x6, 0xed, 0x60, 0x3e, 0x22, 0xd1, 0x7a, 0x0,
    0x0, 0x7b, 0x0, 0x0, 0x2f, 0x33, 0xe1, 0x5,
    0xdd, 0x50, 0x0, 0x3a, 0x0, 0x0, 0x5b, 0x10,

    /* U+00E8 "è" */
    0x2, 0x70, 0x0, 0x0, 0xb2, 0x0, 0x0, 0x0,
    0x0, 0x6, 0xee, 0x70, 0x3d, 0x22, 0xe3, 0x7e,
    0xdd, 0xe5, 0x7b, 0x0, 0x0, 0x3f, 0x21, 0xc1,
    0x6, 0xed, 0x70,

    /* U+00E9 "é" */
    0x0, 0x8, 0x10, 0x0, 0x4a, 0x0, 0x0, 0x0,
    0x0, 0x6, 0xee, 0x70, 0x3d, 0x22, 0xe3, 0x7e,
    0xdd, 0xe5, 0x7b, 0x0, 0x0, 0x3f, 0x21, 0xc1,
    0x6, 0xed, 0x70,

    /* U+00EA "ê" */
    0x0, 0x55, 0x0, 0x5, 0xab, 0x40, 0x0, 0x0,
    0x0, 0x6, 0xee, 0x70, 0x3d, 0x22, 0xe3, 0x7e,
    0xdd, 0xe5, 0x7b, 0x0, 0x0, 0x3f, 0x21, 0xc1,
    0x6, 0xed, 0x70,

    /* U+00EB "ë" */
    0x9, 0x67, 0x70, 0x2, 0x11, 0x10, 0x6, 0xee,
    0x70, 0x3d, 0x22, 0xe3, 0x7e, 0xdd, 0xe5, 0x7b,
    0x0, 0x0, 0x3f, 0x21, 0xc1, 0x6, 0xed, 0x70,

    /* U+00EC "ì" */
    0xc, 0x30, 0x35, 0x4, 0xc0, 0x4c, 0x4, 0xc0,
    0x4c, 0x4, 0xc0, 0x4c,

    /* U+00ED "í" */
    0xb, 0x50, 0x70, 0x4c, 0x4, 0xc0, 0x4c, 0x4,
    0xc0, 0x4c, 0x4, 0xc0,

    /* U+00EE "î" */
    0x3, 0x70, 0x1c, 0x79, 0x0, 0x0, 0x4, 0xc0,
    0x4, 0xc0, 0x4, 0xc0, 0x4, 0xc0, 0x4, 0xc0,
    0x4, 0xc0,

    /* U+00EF "ï" */
    0x4b, 0x3c, 0x2, 0x3, 0x4, 0xc0, 0x4, 0xc0,
    0x4, 0xc0, 0x4, 0xc0, 0x4, 0xc0, 0x4, 0xc0,

    /* U+00F0 "ð" */
    0x4, 0x40, 0x30, 0x1, 0xde, 0x30, 0x4, 0x4a,
    0x50, 0x6, 0xda, 0xd0, 0x3e, 0x12, 0xf2, 0x7a,
    0x0, 0xb5, 0x7a, 0x0, 0xb5, 0x3e, 0x22, 0xe1,
    0x7, 0xee, 0x50,

    /* U+00F1 "ñ" */
    0x3, 0xbb, 0x30, 0x0, 0x0, 0x0, 0x4c, 0xaf,
    0x90, 0x4f, 0x43, 0xf2, 0x4d, 0x0, 0xc4, 0x4c,
    0x0, 0xc4, 0x4c, 0x0, 0xc4, 0x4c, 0x0, 0xc4,

    /* U+00F2 "ò" */
    0x1, 0x80, 0x0, 0x0, 0xa3, 0x0, 0x0, 0x0,
    0x0, 0x6, 0xee, 0x70, 0x3e, 0x22, 0xe3, 0x7a,
    0x0, 0xa7, 0x7a, 0x0, 0xa8, 0x3e, 0x22, 0xe3,
    0x6, 0xee, 0x70,

    /* U+00F3 "ó" */
    0x0, 0x8, 0x10, 0x0, 0x3b, 0x0, 0x0, 0x0,
    0x0, 0x6, 0xee, 0x70, 0x3e, 0x22, 0xe3, 0x7a,
    0x0, 0xa7, 0x7a, 0x0, 0xa8, 0x3e, 0x22, 0xe3,
    0x6, 0xee, 0x70,

    /* U+00F4 "ô" */
    0x0, 0x55, 0x0, 0x4, 0xaa, 0x50, 0x0, 0x0,
    0x0, 0x6, 0xee, 0x70, 0x3e, 0x22, 0xe3, 0x7a,
    0x0, 0xa7, 0x7a, 0x0, 0xa8, 0x3e, 0x22, 0xe3,
    0x6, 0xee, 0x70,

    /* U+00F5 "õ" */
    0x3, 0xbb, 0x30, 0x0, 0x0, 0x0, 0x6, 0xee,
    0x70, 0x3e, 0x22, 0xe3, 0x7a, 0x0, 0xa7, 0x7a,
    0x0, 0xa8, 0x3e, 0x22, 0xe3, 0x6, 0xee, 0x70,

    /* U+00F6 "ö" */
    0x8, 0x76, 0x80, 0x1, 0x11, 0x20, 0x6, 0xee,
    0x70, 0x3e, 0x22, 0xe3, 0x7a, 0x0, 0xa7, 0x7a,
    0x0, 0xa8, 0x3e, 0x22, 0xe3, 0x6, 0xee, 0x70,

    /* U+00F7 "÷" */
    0x0, 0x3d, 0x0, 0x0, 0x16, 0x0, 0xe, 0xee,
    0xea, 0x1, 0x11, 0x11, 0x0, 0x3d, 0x0, 0x0,
    0x16, 0x0,

    /* U+00F8 "ø" */
    0x0, 0x0, 0x0, 0x6, 0xee, 0xa6, 0x3f, 0x26,
    0xf3, 0x7b, 0x1b, 0xa8, 0x7a, 0xb2, 0xa8, 0x3f,
    0x62, 0xe3, 0x5a, 0xee, 0x70, 0x0, 0x0, 0x0,

    /* U+00F9 "ù" */
    0x1, 0x80, 0x0, 0x0, 0xb3, 0x0, 0x0, 0x0,
    0x0, 0x4c, 0x0, 0xc4, 0x4c, 0x0, 0xc4, 0x4c,
    0x0, 0xc4, 0x4d, 0x0, 0xd4, 0x2f, 0x34, 0xf4,
    0x9, 0xfa, 0xb4,

    /* U+00FA "ú" */
    0x0, 0x8, 0x10, 0x0, 0x3b, 0x0, 0x0, 0x0,
    0x0, 0x4c, 0x0, 0xc4, 0x4c, 0x0, 0xc4, 0x4c,
    0x0, 0xc4, 0x4d, 0x0, 0xd4, 0x2f, 0x34, 0xf4,
    0x9, 0xfa, 0xb4,

    /* U+00FB "û" */
    0x0, 0x55, 0x0, 0x4, 0xaa, 0x50, 0x0, 0x0,
    0x0, 0x4c, 0x0, 0xc4, 0x4c, 0x0, 0xc4, 0x4c,
    0x0, 0xc4, 0x4d, 0x0, 0xd4, 0x2f, 0x34, 0xf4,
    0x9, 0xfa, 0xb4,

    /* U+00FC "ü" */
    0x8, 0x76, 0x80, 0x2, 0x11, 0x20, 0x4c, 0x0,
    0xc4, 0x4c, 0x0, 0xc4, 0x4c, 0x0, 0xc4, 0x4d,
    0x0, 0xd4, 0x2f, 0x34, 0xf4, 0x9, 0xfa, 0xb4,

    /* U+00FD "ý" */
    0x0, 0x8, 0x0, 0x0, 0x59, 0x0, 0x0, 0x0,
    0x0, 0x98, 0x0, 0xc5, 0x3e, 0x2, 0xf0, 0xe,
    0x37, 0xa0, 0x8, 0x8c, 0x40, 0x2, 0xde, 0x0,
    0x0, 0xd8, 0x0, 0x1, 0xe2, 0x0, 0x3e, 0x70,
    0x0,

    /* U+00FE "þ" */
    0x4c, 0x0, 0x0, 0x4c, 0x0, 0x0, 0x4c, 0x9e,
    0xa0, 0x4f, 0x41, 0xd6, 0x4e, 0x0, 0x8a, 0x4e,
    0x0, 0x8a, 0x4f, 0x41, 0xd6, 0x4c, 0x9e, 0xa0,
    0x4c, 0x0, 0x0, 0x4c, 0x0, 0x0,

    /* U+00FF "ÿ" */
    0xa, 0x58, 0x60, 0x2, 0x12, 0x10, 0x98, 0x0,
    0xc5, 0x3e, 0x2, 0xf0, 0xe, 0x37, 0xa0, 0x8,
    0x8c, 0x40, 0x2, 0xde, 0x0, 0x0, 0xd8, 0x0,
    0x1, 0xe2, 0x0, 0x3e, 0x70, 0x0,

    /* U+0100 "Ā" */
    0x0, 0xbd, 0xc0, 0x0, 0x0, 0x0, 0x0, 0x0,
    0x5f, 0x50, 0x0, 0xa, 0xcb, 0x0, 0x0, 0xf4,
    0xf0, 0x0, 0x4e, 0xd, 0x50, 0x9, 0x90, 0x8a,
    0x0, 0xef, 0xef, 0xf0, 0x4f, 0x11, 0x1e, 0x59,
    0x90, 0x0, 0x8a,

    /* U+0101 "ā" */
    0x8, 0xdd, 0x20, 0x0, 0x0, 0x9, 0xee, 0x42,
    0x91, 0x5d, 0x3, 0x7b, 0xf5, 0xd6, 0x4f, 0x8a,
    0x8, 0xf2, 0xbe, 0x8f,

    /* U+0102 "Ă" */
    0x0, 0x70, 0x70, 0x0, 0x5, 0xb6, 0x0, 0x0,
    0x0, 0x0, 0x0, 0x5, 0xf5, 0x0, 0x0, 0xac,
    0xb0, 0x0, 0xf, 0x4f, 0x0, 0x4, 0xe0, 0xd5,
    0x0, 0x99, 0x8, 0xa0, 0xe, 0xfe, 0xff, 0x4,
    0xf1, 0x11, 0xe5, 0x99, 0x0, 0x8, 0xa0,

    /* U+0103 "ă" */
    0x6, 0x16, 0x10, 0x2b, 0x80, 0x0, 0x0, 0x0,
    0x9e, 0xe4, 0x29, 0x15, 0xd0, 0x37, 0xbf, 0x5d,
    0x64, 0xf8, 0xa0, 0x8f, 0x2b, 0xe8, 0xf0,

    /* U+0104 "Ą" */
    0x0, 0x5f, 0x50, 0x0, 0x0, 0xac, 0xb0, 0x0,
    0x0, 0xf4, 0xf0, 0x0, 0x4, 0xe0, 0xd5, 0x0,
    0x9, 0x90, 0x8a, 0x0, 0xe, 0xfe, 0xff, 0x0,
    0x4f, 0x11, 0x1e, 0x50, 0x99, 0x0, 0x8, 0xa0,
    0x0, 0x0, 0xc, 0x40, 0x0, 0x0, 0xb, 0xd0,

    /* U+0105 "ą" */
    0x9, 0xee, 0x40, 0x29, 0x15, 0xd0, 0x3, 0x7b,
    0xf0, 0x5d, 0x64, 0xf0, 0x8a, 0x8, 0xf0, 0x2b,
    0xe8, 0xf0, 0x0, 0xa, 0x50, 0x0, 0x9, 0xd1,

    /* U+0106 "Ć" */
    0x0, 0x0, 0x80, 0x0, 0x0, 0x68, 0x0, 0x0,
    0x0, 0x0, 0x0, 0x1a, 0xee, 0x70, 0xc, 0xa3,
    0x5e, 0x63, 0xe0, 0x0, 0x47, 0x6b, 0x0, 0x0,
    0x6, 0xb0, 0x0, 0x0, 0x3e, 0x0, 0x4, 0x70,
    0xca, 0x25, 0xe6, 0x1, 0xae, 0xe7, 0x0,

    /* U+0107 "ć" */
    0x0, 0x8, 0x10, 0x0, 0x3b, 0x0, 0x0, 0x0,
    0x0, 0x6, 0xed, 0x60, 0x3e, 0x22, 0xd1, 0x7a,
    0x0, 0x0, 0x7a, 0x0, 0x0, 0x3e, 0x22, 0xd1,
    0x6, 0xed, 0x60,

    /* U+0108 "Ĉ" */
    0x0, 0x6, 0x40, 0x0, 0x7, 0x8c, 0x30, 0x0,
    0x0, 0x0, 0x0, 0x1a, 0xee, 0x70, 0xc, 0xa3,
    0x5e, 0x63, 0xe0, 0x0, 0x47, 0x6b, 0x0, 0x0,
    0x6, 0xb0, 0x0, 0x0, 0x3e, 0x0, 0x4, 0x70,
    0xca, 0x25, 0xe6, 0x1, 0xae, 0xe7, 0x0,

    /* U+0109 "ĉ" */
    0x0, 0x55, 0x0, 0x4, 0xaa, 0x50, 0x0, 0x0,
    0x0, 0x6, 0xed, 0x60, 0x3e, 0x22, 0xd1, 0x7a,
    0x0, 0x0, 0x7a, 0x0, 0x0, 0x3e, 0x22, 0xd1,
    0x6, 0xed, 0x60,

    /* U+010A "Ċ" */
    0x0, 0x0, 0x0, 0x0, 0x0, 0xb6, 0x0, 0x0,
    0x2, 0x0, 0x0, 0x1a, 0xee, 0x70, 0xc, 0xa3,
    0x5e, 0x63, 0xe0, 0x0, 0x47, 0x6b, 0x0, 0x0,
    0x6, 0xb0, 0x0, 0x0, 0x3e, 0x0, 0x4, 0x70,
    0xca, 0x25, 0xe6, 0x1, 0xae, 0xe7, 0x0,

    /* U+010B "ċ" */
    0x0, 0x88, 0x0, 0x0, 0x22, 0x0, 0x6, 0xed,
    0x60, 0x3e, 0x22, 0xd1, 0x7a, 0x0, 0x0, 0x7a,
    0x0, 0x0, 0x3e, 0x22, 0xd1, 0x6, 0xed, 0x60,

    /* U+010C "Č" */
    0x0, 0x52, 0x52, 0x0, 0x2, 0xcb, 0x0, 0x0,
    0x0, 0x0, 0x0, 0x1a, 0xee, 0x70, 0xc, 0xa3,
    0x5e, 0x63, 0xe0, 0x0, 0x47, 0x6b, 0x0, 0x0,
    0x6, 0xb0, 0x0, 0x0, 0x3e, 0x0, 0x4, 0x70,
    0xca, 0x25, 0xe6, 0x1, 0xae, 0xe7, 0x0,

    /* U+010D "č" */
    0x4, 0x43, 0x40, 0x0, 0xcc, 0x0, 0x0, 0x0,
    0x0, 0x6, 0xed, 0x60, 0x3e, 0x22, 0xd1, 0x7a,
    0x0, 0x0, 0x7a, 0x0, 0x0, 0x3e, 0x22, 0xd1,
    0x6, 0xed, 0x60,

    /* U+010E "Ď" */
    0x4, 0x33, 0x40, 0x0, 0x2d, 0xc2, 0x0, 0x0,
    0x54, 0x0, 0x2, 0xff, 0xfb, 0x20, 0x2e, 0x2,
    0x7e, 0x12, 0xe0, 0x0, 0xb7, 0x2e, 0x0, 0x7,
    0x92, 0xe0, 0x0, 0x79, 0x2e, 0x0, 0xb, 0x62,
    0xe0, 0x27, 0xe0, 0x2f, 0xfe, 0xb2, 0x0,

    /* U+010F "ď" */
    0x0, 0x0, 0x0, 0x0, 0x0, 0x0, 0x97, 0xe0,
    0x0, 0x0, 0x97, 0xc0, 0x8, 0xeb, 0xa7, 0x0,
    0x3f, 0x22, 0xf7, 0x0, 0x7a, 0x0, 0xb7, 0x0,
    0x7a, 0x0, 0xb7, 0x0, 0x3f, 0x22, 0xf7, 0x0,
    0x8, 0xeb, 0xa7, 0x0,

    /* U+0110 "Đ" */
    0xf, 0xff, 0xc4, 0x0, 0xf3, 0x15, 0xf3, 0xf,
    0x20, 0x7, 0xa0, 0xf2, 0x0, 0x4c, 0xcf, 0xed,
    0x4, 0xc0, 0xf2, 0x0, 0x7a, 0xf, 0x31, 0x5f,
    0x30, 0xff, 0xfc, 0x40,

    /* U+0111 "đ" */
    0x0, 0x1c, 0xee, 0x10, 0x0, 0x9, 0x70, 0x8,
    0xeb, 0xa7, 0x3, 0xf2, 0x2f, 0x70, 0x7a, 0x0,
    0xb7, 0x7, 0xa0, 0xb, 0x70, 0x3f, 0x22, 0xf7,
    0x0, 0x8e, 0xba, 0x70,

    /* U+0112 "Ē" */
    0x3, 0xdd, 0x60, 0x0, 0x0, 0x0, 0x2f, 0xff,
    0xf6, 0x2e, 0x0, 0x0, 0x2e, 0x0, 0x0, 0x2f,
    0xee, 0xe2, 0x2e, 0x11, 0x10, 0x2e, 0x0, 0x0,
    0x2e, 0x0, 0x0, 0x2f, 0xff, 0xf6,

    /* U+0113 "ē" */
    0x5, 0xdd, 0x40, 0x0, 0x0, 0x0, 0x6, 0xee,
    0x70, 0x3d, 0x22, 0xe3, 0x7e, 0xdd, 0xe5, 0x7b,
    0x0, 0x0, 0x3f, 0x21, 0xc1, 0x6, 0xed, 0x70,

    /* U+0114 "Ĕ" */
    0x2, 0x52, 0x50, 0x0, 0x9a, 0x10, 0x0, 0x0,
    0x0, 0x2f, 0xff, 0xf6, 0x2e, 0x0, 0x0, 0x2e,
    0x0, 0x0, 0x2f, 0xee, 0xe2, 0x2e, 0x11, 0x10,
    0x2e, 0x0, 0x0, 0x2e, 0x0, 0x0, 0x2f, 0xff,
    0xf6,

    /* U+0115 "ĕ" */
    0x4, 0x34, 0x30, 0x1, 0xaa, 0x0, 0x0, 0x0,
    0x0, 0x6, 0xee, 0x70, 0x3d, 0x22, 0xe3, 0x7e,
    0xdd, 0xe5, 0x7b, 0x0, 0x0, 0x3f, 0x21, 0xc1,
    0x6, 0xed, 0x70,

    /* U+0116 "Ė" */
    0x0, 0x0, 0x0, 0x0, 0x7a, 0x0, 0x0, 0x1,
    0x0, 0x2f, 0xff, 0xf6, 0x2e, 0x0, 0x0, 0x2e,
    0x0, 0x0, 0x2f, 0xee, 0xe2, 0x2e, 0x11, 0x10,
    0x2e, 0x0, 0x0, 0x2e, 0x0, 0x0, 0x2f, 0xff,
    0xf6,

    /* U+0117 "ė" */
    0x0, 0x97, 0x0, 0x0, 0x21, 0x0, 0x6, 0xee,
    0x70, 0x3d, 0x22, 0xe3, 0x7e, 0xdd, 0xe5, 0x7b,
    0x0, 0x0, 0x3f, 0x21, 0xc1, 0x6, 0xed, 0x70,

    /* U+0118 "Ę" */
    0x2f, 0xff, 0xf6, 0x2e, 0x0, 0x0, 0x2e, 0x0,
    0x0, 0x2f, 0xee, 0xe2, 0x2e, 0x11, 0x10, 0x2e,
    0x0, 0x0, 0x2e, 0x0, 0x0, 0x2f, 0xff, 0xf6,
    0x0, 0x2, 0xc0, 0x0, 0x3, 0xe7,

    /* U+0119 "ę" */
    0x6, 0xee, 0x70, 0x3d, 0x22, 0xe3, 0x7e, 0xdd,
    0xe5, 0x7b, 0x0, 0x0, 0x3f, 0x21, 0xd2, 0x6,
    0xef, 0xc0, 0x0, 0x9, 0x50, 0x0, 0x8, 0xe1,

    /* U+011A "Ě" */
    0x3, 0x42, 0x50, 0x1, 0xdc, 0x30, 0x0, 0x45,
    0x0, 0x2f, 0xff, 0xf6, 0x2e, 0x0, 0x0, 0x2e,
    0x0, 0x0, 0x2f, 0xee, 0xe2, 0x2e, 0x11, 0x10,
    0x2e, 0x0, 0x0, 0x2e, 0x0, 0x0, 0x2f, 0xff,
    0xf6,

    /* U+011B "ě" */
    0x4, 0x34, 0x30, 0x1, 0xcc, 0x0, 0x0, 0x0,
    0x0, 0x6, 0xee, 0x70, 0x3d, 0x22, 0xe3, 0x7e,
    0xdd, 0xe5, 0x7b, 0x0, 0x0, 0x3f, 0x21, 0xc1,
    0x6, 0xed, 0x70,

    /* U+011C "Ĝ" */
    0x0, 0x6, 0x30, 0x0, 0x7, 0x8c, 0x20, 0x0,
    0x0, 0x0, 0x0, 0x1a, 0xee, 0x70, 0xc, 0xa3,
    0x5e, 0x63, 0xe0, 0x0, 0x57, 0x6b, 0x0, 0x0,
    0x6, 0xb0, 0xf, 0xfe, 0x3e, 0x0, 0x4, 0xc0,
    0xca, 0x33, 0xd7, 0x1, 0xae, 0xe8, 0x0,

    /* U+011D "ĝ" */
    0x0, 0x55, 0x0, 0x4, 0xaa, 0x50, 0x0, 0x0,
    0x0, 0x7, 0xeb, 0xa7, 0x3e, 0x11, 0xf7, 0x7a,
    0x0, 0xb7, 0x7a, 0x0, 0xb7, 0x3e, 0x22, 0xf7,
    0x8, 0xeb, 0xa7, 0x6, 0x0, 0xc5, 0x8, 0xde,
    0x90,

    /* U+011E "Ğ" */
    0x0, 0x61, 0x51, 0x0, 0x2, 0xb9, 0x0, 0x0,
    0x0, 0x0, 0x0, 0x1a, 0xee, 0x70, 0xc, 0xa3,
    0x5e, 0x63, 0xe0, 0x0, 0x57, 0x6b, 0x0, 0x0,
    0x6, 0xb0, 0xf, 0xfe, 0x3e, 0x0, 0x4, 0xc0,
    0xca, 0x33, 0xd7, 0x1, 0xae, 0xe8, 0x0,

    /* U+011F "ğ" */
    0x4, 0x33, 0x30, 0x1, 0xaa, 0x10, 0x0, 0x0,
    0x0, 0x7, 0xeb, 0xa7, 0x3e, 0x11, 0xf7, 0x7a,
    0x0, 0xb7, 0x7a, 0x0, 0xb7, 0x3e, 0x22, 0xf7,
    0x8, 0xeb, 0xa7, 0x6, 0x0, 0xc5, 0x8, 0xde,
    0x90,

    /* U+0120 "Ġ" */
    0x0, 0x0, 0x0, 0x0, 0x0, 0xc5, 0x0, 0x0,
    0x2, 0x0, 0x0, 0x1a, 0xee, 0x70, 0xc, 0xa3,
    0x5e, 0x63, 0xe0, 0x0, 0x57, 0x6b, 0x0, 0x0,
    0x6, 0xb0, 0xf, 0xfe, 0x3e, 0x0, 0x4, 0xc0,
    0xca, 0x33, 0xd7, 0x1, 0xae, 0xe8, 0x0,

    /* U+0121 "ġ" */
    0x0, 0x88, 0x0, 0x0, 0x22, 0x0, 0x7, 0xeb,
    0xa7, 0x3e, 0x11, 0xf7, 0x7a, 0x0, 0xb7, 0x7a,
    0x0, 0xb7, 0x3e, 0x22, 0xf7, 0x8, 0xeb, 0xa7,
    0x6, 0x0, 0xc5, 0x8, 0xde, 0x90,

    /* U+0122 "Ģ" */
    0x1, 0xae, 0xe7, 0x0, 0xca, 0x35, 0xe6, 0x3e,
    0x0, 0x5, 0x76, 0xb0, 0x0, 0x0, 0x6b, 0x0,
    0xff, 0xe3, 0xe0, 0x0, 0x4c, 0xc, 0xa3, 0x3d,
    0x70, 0x1a, 0xee, 0x80, 0x0, 0xc, 0x20, 0x0,
    0x0, 0xc0, 0x0,

    /* U+0123 "ģ" */
    0x0, 0x1, 0x0, 0x0, 0x3b, 0x0, 0x0, 0x67,
    0x0, 0x0, 0x0, 0x0, 0x7, 0xeb, 0xa7, 0x3e,
    0x11, 0xf7, 0x7a, 0x0, 0xb7, 0x7a, 0x0, 0xb7,
    0x3e, 0x22, 0xf7, 0x8, 0xeb, 0xa7, 0x6, 0x0,
    0xc5, 0x8, 0xde, 0x90,

    /* U+0124 "Ĥ" */
    0x0, 0x7, 0x20, 0x0, 0x5, 0xbc, 0x0, 0x0,
    0x61, 0x52, 0x2, 0xe0, 0x0, 0x7a, 0x2e, 0x0,
    0x7, 0xa2, 0xe0, 0x0, 0x7a, 0x2f, 0xee, 0xef,
    0xa2, 0xe1, 0x11, 0x8a, 0x2e, 0x0, 0x7, 0xa2,
    0xe0, 0x0, 0x7a, 0x2e, 0x0, 0x7, 0xa0,

    /* U+0125 "ĥ" */
    0x2, 0x60, 0x0, 0x0, 0xcb, 0x50, 0x0, 0x25,
    0x16, 0x0, 0x0, 0x4c, 0x0, 0x0, 0x4, 0xc0,
    0x0, 0x0, 0x4c, 0xaf, 0x90, 0x4, 0xf4, 0x3f,
    0x20, 0x4d, 0x0, 0xc4, 0x4, 0xc0, 0xc, 0x40,
    0x4c, 0x0, 0xc4, 0x4, 0xc0, 0xc, 0x40,

    /* U+0126 "Ħ" */
    0xf, 0x20, 0x3, 0xd0, 0xf, 0x20, 0x3, 0xd0,
    0x7f, 0xdd, 0xde, 0xf5, 0xf, 0xee, 0xef, 0xd0,
    0xf, 0x31, 0x15, 0xd0, 0xf, 0x20, 0x3, 0xd0,
    0xf, 0x20, 0x3, 0xd0, 0xf, 0x20, 0x3, 0xd0,

    /* U+0127 "ħ" */
    0x4c, 0x0, 0x0, 0xdf, 0xc3, 0x0, 0x4c, 0xaf,
    0x90, 0x4f, 0x43, 0xf2, 0x4d, 0x0, 0xc4, 0x4c,
    0x0, 0xc4, 0x4c, 0x0, 0xc4, 0x4c, 0x0, 0xc4,

    /* U+0128 "Ĩ" */
    0xa, 0xb7, 0x0, 0x0, 0x2, 0xe0, 0x2, 0xe0,
    0x2, 0xe0, 0x2, 0xe0, 0x2, 0xe0, 0x2, 0xe0,
    0x2, 0xe0, 0x2, 0xe0,

    /* U+0129 "ĩ" */
    0x1a, 0xb6, 0x0, 0x0, 0x4, 0xc0, 0x4, 0xc0,
    0x4, 0xc0, 0x4, 0xc0, 0x4, 0xc0, 0x4, 0xc0,

    /* U+012A "Ī" */
    0xd, 0xd9, 0x0, 0x0, 0x2, 0xe0, 0x2, 0xe0,
    0x2, 0xe0, 0x2, 0xe0, 0x2, 0xe0, 0x2, 0xe0,
    0x2, 0xe0, 0x2, 0xe0,

    /* U+012B "ī" */
    0x1d, 0xd8, 0x0, 0x0, 0x4, 0xc0, 0x4, 0xc0,
    0x4, 0xc0, 0x4, 0xc0, 0x4, 0xc0, 0x4, 0xc0,

    /* U+012C "Ĭ" */
    0x7, 0x7, 0x7, 0xb4, 0x0, 0x0, 0x2, 0xe0,
    0x2, 0xe0, 0x2, 0xe0, 0x2, 0xe0, 0x2, 0xe0,
    0x2, 0xe0, 0x2, 0xe0, 0x2, 0xe0,

    /* U+012D "ĭ" */
    0x16, 0x16, 0x8, 0xb3, 0x0, 0x0, 0x4, 0xc0,
    0x4, 0xc0, 0x4, 0xc0, 0x4, 0xc0, 0x4, 0xc0,
    0x4, 0xc0,

    /* U+012E "Į" */
    0x2e, 0x2, 0xe0, 0x2e, 0x2, 0xe0, 0x2e, 0x2,
    0xe0, 0x2e, 0x3, 0xe0, 0xc4, 0x9, 0xd1,

    /* U+012F "į" */
    0x4, 0xc0, 0x0, 0x30, 0x4, 0xc0, 0x4, 0xc0,
    0x4, 0xc0, 0x4, 0xc0, 0x4, 0xc0, 0x5, 0xc0,
    0xd, 0x20, 0xb, 0xc0,

    /* U+0130 "İ" */
    0x0, 0x3, 0xe0, 0x2, 0x2, 0xe0, 0x2e, 0x2,
    0xe0, 0x2e, 0x2, 0xe0, 0x2e, 0x2, 0xe0, 0x2e,
    0x0,

    /* U+0131 "ı" */
    0x4c, 0x4c, 0x4c, 0x4c, 0x4c, 0x4c,

    /* U+0132 "Ĳ" */
    0x2e, 0x0, 0x0, 0x6a, 0x2e, 0x0, 0x0, 0x6a,
    0x2e, 0x0, 0x0, 0x6a, 0x2e, 0x0, 0x0, 0x6a,
    0x2e, 0x0, 0x0, 0x6a, 0x2e, 0xb, 0x40, 0x7a,
    0x2e, 0xa, 0xa2, 0xc7, 0x2e, 0x2, 0xcf, 0xb1,

    /* U+0133 "ĳ" */
    0x4c, 0xb, 0x40, 0x30, 0x31, 0x4c, 0xc, 0x44,
    0xc0, 0xc4, 0x4c, 0xc, 0x44, 0xc0, 0xc4, 0x4c,
    0xc, 0x44, 0xc0, 0xc4, 0x0, 0xd, 0x30, 0x9,
    0xa0,

    /* U+0134 "Ĵ" */
    0x0, 0x2, 0x70, 0x0, 0x0, 0xc6, 0xb0, 0x0,
    0x0, 0x0, 0x0, 0x0, 0x2f, 0x0, 0x0, 0x2,
    0xf0, 0x0, 0x0, 0x2f, 0x0, 0x0, 0x2, 0xf0,
    0x0, 0x0, 0x2f, 0x0, 0x77, 0x2, 0xf0, 0x6,
    0xd2, 0x8c, 0x0, 0xa, 0xfd, 0x30, 0x0,

    /* U+0135 "ĵ" */
    0x3, 0x70, 0x1c, 0x79, 0x0, 0x0, 0x4, 0xc0,
    0x4, 0xc0, 0x4, 0xc0, 0x4, 0xc0, 0x4, 0xc0,
    0x4, 0xc0, 0x6, 0xa0, 0x2d, 0x40,

    /* U+0136 "Ķ" */
    0x2e, 0x0, 0x4f, 0x32, 0xe0, 0x2e, 0x50, 0x2e,
    0xd, 0x80, 0x2, 0xe9, 0xe0, 0x0, 0x2f, 0xbe,
    0x50, 0x2, 0xf1, 0x4e, 0x10, 0x2e, 0x0, 0xaa,
    0x2, 0xe0, 0x1, 0xe4, 0x0, 0x0, 0x0, 0x0,
    0x2, 0xd0, 0x0, 0x0, 0x57, 0x0, 0x0,

    /* U+0137 "ķ" */
    0x4c, 0x0, 0x0, 0x4c, 0x0, 0x0, 0x4c, 0x6,
    0xd1, 0x4c, 0x4e, 0x20, 0x4e, 0xe5, 0x0, 0x4f,
    0xac, 0x0, 0x4c, 0xd, 0x70, 0x4c, 0x3, 0xf2,
    0x0, 0x0, 0x0, 0x0, 0xc3, 0x0, 0x0, 0xc0,
    0x0,

    /* U+0138 "ĸ" */
    0x4c, 0x3, 0xe1, 0x4c, 0xd, 0x60, 0x4c, 0x6c,
    0x0, 0x4f, 0xf4, 0x0, 0x4c, 0x4d, 0x10, 0x4c,
    0x6, 0xd0,

    /* U+0139 "Ĺ" */
    0x9, 0x60, 0x0, 0x8, 0x0, 0x0, 0x2e, 0x0,
    0x0, 0x2e, 0x0, 0x0, 0x2e, 0x0, 0x0, 0x2e,
    0x0, 0x0, 0x2e, 0x0, 0x0, 0x2e, 0x0, 0x0,
    0x2e, 0x0, 0x0, 0x2f, 0xff, 0xf3,

    /* U+013A "ĺ" */
    0xb, 0x40, 0x70, 0x4c, 0x4, 0xc0, 0x4c, 0x4,
    0xc0, 0x4c, 0x4, 0xc0, 0x4c, 0x4, 0xc0,

    /* U+013B "Ļ" */
    0x2e, 0x0, 0x0, 0x2e, 0x0, 0x0, 0x2e, 0x0,
    0x0, 0x2e, 0x0, 0x0, 0x2e, 0x0, 0x0, 0x2e,
    0x0, 0x0, 0x2e, 0x0, 0x0, 0x2f, 0xff, 0xf3,
    0x0, 0x0, 0x0, 0x0, 0xa5, 0x0, 0x0, 0xc0,
    0x0,

    /* U+013C "ļ" */
    0x4c, 0x4c, 0x4c, 0x4c, 0x4c, 0x4c, 0x4c, 0x4c,
    0x0, 0x69, 0x84,

    /* U+013D "Ľ" */
    0x0, 0x0, 0x0, 0x2e, 0xd, 0x0, 0x2e, 0xc,
    0x0, 0x2e, 0x0, 0x0, 0x2e, 0x0, 0x0, 0x2e,
    0x0, 0x0, 0x2e, 0x0, 0x0, 0x2e, 0x0, 0x0,
    0x2f, 0xff, 0xf3,

    /* U+013E "ľ" */
    0x0, 0x0, 0x4c, 0x85, 0x4c, 0x83, 0x4c, 0x0,
    0x4c, 0x0, 0x4c, 0x0, 0x4c, 0x0, 0x4c, 0x0,
    0x4c, 0x0,

    /* U+013F "Ŀ" */
    0x2e, 0x0, 0x0, 0x2e, 0x0, 0x0, 0x2e, 0x0,
    0x0, 0x2e, 0xf, 0x10, 0x2e, 0x2, 0x0, 0x2e,
    0x0, 0x0, 0x2e, 0x0, 0x0, 0x2f, 0xff, 0xf3,

    /* U+0140 "ŀ" */
    0x4c, 0x0, 0x4c, 0x0, 0x4c, 0x0, 0x4c, 0x25,
    0x4c, 0x6a, 0x4c, 0x0, 0x4c, 0x0, 0x4c, 0x0,

    /* U+0141 "Ł" */
    0xd, 0x30, 0x0, 0xd, 0x30, 0x0, 0xd, 0x7c,
    0x0, 0xe, 0xe5, 0x0, 0xbf, 0x40, 0x0, 0x2d,
    0x30, 0x0, 0xd, 0x40, 0x0, 0xd, 0xff, 0xf8,

    /* U+0142 "ł" */
    0x4, 0xc0, 0x4, 0xc0, 0x4, 0xe7, 0xb, 0xd1,
    0x8, 0xc0, 0x4, 0xc0, 0x4, 0xc0, 0x4, 0xc0,

    /* U+0143 "Ń" */
    0x0, 0x2, 0xd0, 0x0, 0x0, 0x53, 0x0, 0x2f,
    0x60, 0x5, 0xc2, 0xfe, 0x0, 0x5c, 0x2e, 0xa8,
    0x5, 0xc2, 0xe2, 0xf2, 0x5c, 0x2e, 0x8, 0xa5,
    0xc2, 0xe0, 0xe, 0x8c, 0x2e, 0x0, 0x6f, 0xc2,
    0xe0, 0x0, 0xcc,

    /* U+0144 "ń" */
    0x0, 0xe, 0x10, 0x0, 0x25, 0x0, 0x4c, 0xaf,
    0x90, 0x4f, 0x43, 0xf2, 0x4d, 0x0, 0xc4, 0x4c,
    0x0, 0xc4, 0x4c, 0x0, 0xc4, 0x4c, 0x0, 0xc4,

    /* U+0145 "Ņ" */
    0x2f, 0x60, 0x5, 0xc2, 0xfe, 0x0, 0x5c, 0x2e,
    0xa8, 0x5, 0xc2, 0xe2, 0xf2, 0x5c, 0x2e, 0x8,
    0xa5, 0xc2, 0xe0, 0xe, 0x8c, 0x2e, 0x0, 0x6f,
    0xc2, 0xe0, 0x0, 0xcc, 0x0, 0x0, 0x0, 0x0,
    0x0, 0xd2, 0x0, 0x0, 0xc, 0x0, 0x0,

    /* U+0146 "ņ" */
    0x4c, 0xaf, 0x90, 0x4f, 0x43, 0xf2, 0x4d, 0x0,
    0xc4, 0x4c, 0x0, 0xc4, 0x4c, 0x0, 0xc4, 0x4c,
    0x0, 0xc4, 0x0, 0x0, 0x0, 0x0, 0xa5, 0x0,
    0x0, 0xc0, 0x0,

    /* U+0147 "Ň" */
    0x0, 0x61, 0x52, 0x0, 0x5, 0xbc, 0x0, 0x0,
    0x6, 0x30, 0x2, 0xf6, 0x0, 0x5c, 0x2f, 0xe0,
    0x5, 0xc2, 0xea, 0x80, 0x5c, 0x2e, 0x2f, 0x25,
    0xc2, 0xe0, 0x8a, 0x5c, 0x2e, 0x0, 0xe8, 0xc2,
    0xe0, 0x6, 0xfc, 0x2e, 0x0, 0xc, 0xc0,

    /* U+0148 "ň" */
    0x4, 0x43, 0x30, 0x0, 0xcc, 0x0, 0x0, 0x0,
    0x0, 0x4c, 0xaf, 0x90, 0x4f, 0x43, 0xf2, 0x4d,
    0x0, 0xc4, 0x4c, 0x0, 0xc4, 0x4c, 0x0, 0xc4,
    0x4c, 0x0, 0xc4,

    /* U+014A "Ŋ" */
    0x2f, 0x60, 0x5, 0xc2, 0xfe, 0x0, 0x5c, 0x2e,
    0xa8, 0x5, 0xc2, 0xe2, 0xf2, 0x5c, 0x2e, 0x8,
    0xa5, 0xc2, 0xe0, 0xe, 0x8c, 0x2e, 0x0, 0x6f,
    0xc2, 0xe0, 0x0, 0xcc, 0x0, 0x0, 0x6, 0xc0,
    0x0, 0x5, 0xe5,

    /* U+014B "ŋ" */
    0x4c, 0xaf, 0x90, 0x4f, 0x43, 0xf3, 0x4d, 0x0,
    0xc4, 0x4c, 0x0, 0xc4, 0x4c, 0x0, 0xc4, 0x4c,
    0x0, 0xc4, 0x0, 0x0, 0xd4, 0x0, 0xc, 0xc0,

    /* U+014C "Ō" */
    0x0, 0x7d, 0xd2, 0x0, 0x0, 0x0, 0x0, 0x0,
    0x1, 0xae, 0xd7, 0x0, 0xb, 0xa3, 0x4e, 0x60,
    0x3e, 0x0, 0x4, 0xd0, 0x6b, 0x0, 0x0, 0xf0,
    0x6b, 0x0, 0x0, 0xf0, 0x3e, 0x0, 0x4, 0xd0,
    0xc, 0xa3, 0x4d, 0x60, 0x1, 0xae, 0xd7, 0x0,

    /* U+014D "ō" */
    0x4, 0xdd, 0x50, 0x0, 0x0, 0x0, 0x6, 0xee,
    0x70, 0x3e, 0x22, 0xe3, 0x7a, 0x0, 0xa7, 0x7a,
    0x0, 0xa8, 0x3e, 0x22, 0xe3, 0x6, 0xee, 0x70,

    /* U+014E "Ŏ" */
    0x0, 0x52, 0x52, 0x0, 0x0, 0x2a, 0x90, 0x0,
    0x0, 0x0, 0x0, 0x0, 0x1, 0xae, 0xd7, 0x0,
    0xb, 0xa3, 0x4e, 0x60, 0x3e, 0x0, 0x4, 0xd0,
    0x6b, 0x0, 0x0, 0xf0, 0x6b, 0x0, 0x0, 0xf0,
    0x3e, 0x0, 0x4, 0xd0, 0xc, 0xa3, 0x4d, 0x60,
    0x1, 0xae, 0xd7, 0x0,

    /* U+014F "ŏ" */
    0x3, 0x43, 0x40, 0x0, 0xaa, 0x10, 0x0, 0x0,
    0x0, 0x6, 0xee, 0x70, 0x3e, 0x22, 0xe3, 0x7a,
    0x0, 0xa7, 0x7a, 0x0, 0xa8, 0x3e, 0x22, 0xe3,
    0x6, 0xee, 0x70,

    /* U+0150 "Ő" */
    0x0, 0x36, 0x45, 0x0, 0x0, 0x95, 0xc1, 0x0,
    0x0, 0x0, 0x0, 0x0, 0x1, 0xae, 0xd7, 0x0,
    0xb, 0xa3, 0x4e, 0x60, 0x3e, 0x0, 0x4, 0xd0,
    0x6b, 0x0, 0x0, 0xf0, 0x6b, 0x0, 0x0, 0xf0,
    0x3e, 0x0, 0x4, 0xd0, 0xc, 0xa3, 0x4d, 0x60,
    0x1, 0xae, 0xd7, 0x0,

    /* U+0151 "ő" */
    0x1, 0x82, 0x70, 0x6, 0x7b, 0x30, 0x0, 0x0,
    0x0, 0x6, 0xee, 0x70, 0x3e, 0x22, 0xe3, 0x7a,
    0x0, 0xa7, 0x7a, 0x0, 0xa8, 0x3e, 0x22, 0xe3,
    0x6, 0xee, 0x70,

    /* U+0152 "Œ" */
    0x1, 0xae, 0xff, 0xff, 0xf6, 0xb, 0xa1, 0x2f,
    0x0, 0x0, 0x3e, 0x0, 0x2f, 0x0, 0x0, 0x6b,
    0x0, 0x2f, 0xee, 0xe2, 0x6b, 0x0, 0x2f, 0x11,
    0x10, 0x3e, 0x0, 0x2f, 0x0, 0x0, 0xb, 0xa1,
    0x2f, 0x0, 0x0, 0x1, 0xae, 0xff, 0xff, 0xf7,

    /* U+0153 "œ" */
    0x6, 0xee, 0x65, 0xde, 0x80, 0x3e, 0x22, 0xee,
    0x21, 0xd4, 0x7a, 0x0, 0xaf, 0xdd, 0xe6, 0x7a,
    0x0, 0xac, 0x0, 0x0, 0x3e, 0x22, 0xef, 0x31,
    0xc2, 0x6, 0xee, 0x64, 0xde, 0x70,

    /* U+0154 "Ŕ" */
    0x0, 0xc, 0x40, 0x0, 0x1, 0x70, 0x0, 0x2f,
    0xff, 0xc2, 0x2, 0xe0, 0x2a, 0xb0, 0x2e, 0x0,
    0x4e, 0x2, 0xe0, 0x9, 0xb0, 0x2f, 0xef, 0xe2,
    0x2, 0xe1, 0x6e, 0x0, 0x2e, 0x0, 0xd6, 0x2,
    0xe0, 0x5, 0xe0,

    /* U+0155 "ŕ" */
    0x0, 0xc3, 0x1, 0x60, 0x4c, 0xba, 0x4f, 0x51,
    0x4d, 0x0, 0x4c, 0x0, 0x4c, 0x0, 0x4c, 0x0,

    /* U+0156 "Ŗ" */
    0x2f, 0xff, 0xc2, 0x2, 0xe0, 0x2a, 0xb0, 0x2e,
    0x0, 0x4e, 0x2, 0xe0, 0x9, 0xb0, 0x2f, 0xef,
    0xe2, 0x2, 0xe1, 0x6e, 0x0, 0x2e, 0x0, 0xd6,
    0x2, 0xe0, 0x5, 0xe0, 0x0, 0x0, 0x0, 0x0,
    0x4, 0xa0, 0x0, 0x0, 0x75, 0x0, 0x0,

    /* U+0157 "ŗ" */
    0x4c, 0xba, 0x4f, 0x51, 0x4d, 0x0, 0x4c, 0x0,
    0x4c, 0x0, 0x4c, 0x0, 0x0, 0x0, 0x69, 0x0,
    0x84, 0x0,

    /* U+0158 "Ř" */
    0x3, 0x52, 0x50, 0x0, 0xd, 0xb4, 0x0, 0x0,
    0x36, 0x0, 0x2, 0xff, 0xfc, 0x20, 0x2e, 0x2,
    0xab, 0x2, 0xe0, 0x4, 0xe0, 0x2e, 0x0, 0x9b,
    0x2, 0xfe, 0xfe, 0x20, 0x2e, 0x16, 0xe0, 0x2,
    0xe0, 0xd, 0x60, 0x2e, 0x0, 0x5e, 0x0,

    /* U+0159 "ř" */
    0x35, 0x24, 0xb, 0xc1, 0x0, 0x0, 0x4c, 0xba,
    0x4f, 0x51, 0x4d, 0x0, 0x4c, 0x0, 0x4c, 0x0,
    0x4c, 0x0,

    /* U+015A "Ś" */
    0x0, 0x6, 0x30, 0x0, 0xd, 0x0, 0x0, 0x0,
    0x0, 0x5, 0xdf, 0xb1, 0x1f, 0x52, 0xaa, 0x2f,
    0x10, 0x2, 0xa, 0xe8, 0x20, 0x0, 0x38, 0xe7,
    0x23, 0x0, 0x4d, 0x4f, 0x42, 0xab, 0x7, 0xef,
    0xb2,

    /* U+015B "ś" */
    0x0, 0x18, 0x0, 0x7, 0x60, 0x0, 0x0, 0x0,
    0x9e, 0xc3, 0x4d, 0x4, 0x61, 0xe9, 0x50, 0x1,
    0x6c, 0xa3, 0x90, 0x6d, 0xa, 0xed, 0x40,

    /* U+015C "Ŝ" */
    0x0, 0x37, 0x0, 0x2, 0xc8, 0x80, 0x0, 0x0,
    0x0, 0x5, 0xdf, 0xb1, 0x1f, 0x52, 0xaa, 0x2f,
    0x10, 0x2, 0xa, 0xe8, 0x20, 0x0, 0x38, 0xe7,
    0x23, 0x0, 0x4d, 0x4f, 0x42, 0xab, 0x7, 0xef,
    0xb2,

    /* U+015D "ŝ" */
    0x0, 0x73, 0x0, 0x87, 0xc2, 0x0, 0x0, 0x0,
    0x9e, 0xc3, 0x4d, 0x4, 0x61, 0xe9, 0x50, 0x1,
    0x6c, 0xa3, 0x90, 0x6d, 0xa, 0xed, 0x40,

    /* U+015E "Ş" */
    0x5, 0xdf, 0xb1, 0x1f, 0x52, 0xaa, 0x2f, 0x10,
    0x2, 0xa, 0xe8, 0x10, 0x0, 0x39, 0xe6, 0x12,
    0x0, 0x5d, 0x4f, 0x31, 0x9c, 0x8, 0xef, 0xc2,
    0x0, 0x1b, 0x20, 0x0, 0x3a, 0x30,

    /* U+015F "ş" */
    0x9, 0xec, 0x34, 0xd0, 0x46, 0x1e, 0x94, 0x0,
    0x16, 0xca, 0x39, 0x5, 0xd0, 0xbe, 0xc4, 0x0,
    0x77, 0x0, 0x7, 0x90,

    /* U+0160 "Š" */
    0x2, 0x52, 0x50, 0x0, 0xad, 0x20, 0x0, 0x0,
    0x0, 0x5, 0xdf, 0xb1, 0x1f, 0x52, 0xaa, 0x2f,
    0x10, 0x2, 0xa, 0xe8, 0x20, 0x0, 0x38, 0xe7,
    0x23, 0x0, 0x4d, 0x4f, 0x42, 0xab, 0x7, 0xef,
    0xb2,

    /* U+0161 "š" */
    0x6, 0x16, 0x10, 0x3d, 0x90, 0x0, 0x0, 0x0,
    0x9e, 0xc3, 0x4d, 0x4, 0x61, 0xe9, 0x50, 0x1,
    0x6c, 0xa3, 0x90, 0x6d, 0xa, 0xed, 0x40,

    /* U+0162 "Ţ" */
    0x8f, 0xff, 0xff, 0x10, 0x5, 0xd0, 0x0, 0x0,
    0x4d, 0x0, 0x0, 0x4, 0xd0, 0x0, 0x0, 0x4d,
    0x0, 0x0, 0x4, 0xd0, 0x0, 0x0, 0x4d, 0x0,
    0x0, 0x4, 0xd0, 0x0, 0x0, 0xa, 0x20, 0x0,
    0x2, 0xa4, 0x0,

    /* U+0163 "ţ" */
    0x7, 0x0, 0x1f, 0x0, 0xdf, 0xf0, 0x1f, 0x0,
    0x1f, 0x0, 0x1f, 0x0, 0x1f, 0x10, 0x9, 0xf1,
    0x2, 0xb1, 0x3, 0xb2,

    /* U+0164 "Ť" */
    0x2, 0x51, 0x60, 0x0, 0xc, 0xb5, 0x0, 0x0,
    0x27, 0x0, 0x8, 0xff, 0xff, 0xf1, 0x0, 0x5d,
    0x0, 0x0, 0x4, 0xd0, 0x0, 0x0, 0x4d, 0x0,
    0x0, 0x4, 0xd0, 0x0, 0x0, 0x4d, 0x0, 0x0,
    0x4, 0xd0, 0x0, 0x0, 0x4d, 0x0, 0x0,

    /* U+0165 "ť" */
    0x0, 0x76, 0x1a, 0x74, 0x1f, 0x0, 0xdf, 0xf0,
    0x1f, 0x0, 0x1f, 0x0, 0x1f, 0x0, 0x1f, 0x10,
    0x8, 0xf1,

    /* U+0166 "Ŧ" */
    0x8f, 0xff, 0xff, 0x10, 0x5, 0xd0, 0x0, 0x0,
    0x4d, 0x0, 0x0, 0x4, 0xd0, 0x0, 0xb, 0xef,
    0xe4, 0x0, 0x4, 0xd0, 0x0, 0x0, 0x4d, 0x0,
    0x0, 0x4, 0xd0, 0x0,

    /* U+0167 "ŧ" */
    0x7, 0x0, 0x1f, 0x0, 0xdf, 0xf0, 0x1f, 0x0,
    0xcf, 0xd0, 0x1f, 0x0, 0x1f, 0x10, 0x9, 0xf1,

    /* U+0168 "Ũ" */
    0x0, 0x6b, 0xa0, 0x0, 0x0, 0x0, 0x0, 0x2e,
    0x0, 0x8, 0x92, 0xe0, 0x0, 0x89, 0x2e, 0x0,
    0x8, 0x92, 0xe0, 0x0, 0x89, 0x2e, 0x0, 0x8,
    0x91, 0xf1, 0x0, 0xa8, 0xd, 0x92, 0x5f, 0x30,
    0x2b, 0xfd, 0x60,

    /* U+0169 "ũ" */
    0x3, 0xbb, 0x30, 0x0, 0x0, 0x0, 0x4c, 0x0,
    0xc4, 0x4c, 0x0, 0xc4, 0x4c, 0x0, 0xc4, 0x4d,
    0x0, 0xd4, 0x2f, 0x34, 0xf4, 0x9, 0xfa, 0xb4,

    /* U+016A "Ū" */
    0x0, 0x9d, 0xd1, 0x0, 0x0, 0x0, 0x0, 0x2e,
    0x0, 0x8, 0x92, 0xe0, 0x0, 0x89, 0x2e, 0x0,
    0x8, 0x92, 0xe0, 0x0, 0x89, 0x2e, 0x0, 0x8,
    0x91, 0xf1, 0x0, 0xa8, 0xd, 0x92, 0x5f, 0x30,
    0x2b, 0xfd, 0x60,

    /* U+016B "ū" */
    0x4, 0xdd, 0x50, 0x0, 0x0, 0x0, 0x4c, 0x0,
    0xc4, 0x4c, 0x0, 0xc4, 0x4c, 0x0, 0xc4, 0x4d,
    0x0, 0xd4, 0x2f, 0x34, 0xf4, 0x9, 0xfa, 0xb4,

    /* U+016C "Ŭ" */
    0x0, 0x70, 0x60, 0x0, 0x3, 0xb7, 0x0, 0x0,
    0x0, 0x0, 0x2, 0xe0, 0x0, 0x89, 0x2e, 0x0,
    0x8, 0x92, 0xe0, 0x0, 0x89, 0x2e, 0x0, 0x8,
    0x92, 0xe0, 0x0, 0x89, 0x1f, 0x10, 0xa, 0x80,
    0xd9, 0x25, 0xf3, 0x2, 0xbf, 0xd6, 0x0,

    /* U+016D "ŭ" */
    0x3, 0x33, 0x40, 0x1, 0xaa, 0x10, 0x0, 0x0,
    0x0, 0x4c, 0x0, 0xc4, 0x4c, 0x0, 0xc4, 0x4c,
    0x0, 0xc4, 0x4d, 0x0, 0xd4, 0x2f, 0x34, 0xf4,
    0x9, 0xfa, 0xb4,

    /* U+016E "Ů" */
    0x0, 0x2a, 0x60, 0x0, 0x7, 0x3b, 0x0, 0x0,
    0x2a, 0x60, 0x2, 0xe0, 0x0, 0x89, 0x2e, 0x0,
    0x8, 0x92, 0xe0, 0x0, 0x89, 0x2e, 0x0, 0x8,
    0x92, 0xe0, 0x0, 0x89, 0x1f, 0x10, 0xa, 0x80,
    0xd9, 0x25, 0xf3, 0x2, 0xbf, 0xd6, 0x0,

    /* U+016F "ů" */
    0x0, 0x99, 0x0, 0x3, 0x87, 0x30, 0x0, 0x99,
    0x0, 0x4c, 0x0, 0xc4, 0x4c, 0x0, 0xc4, 0x4c,
    0x0, 0xc4, 0x4d, 0x0, 0xd4, 0x2f, 0x34, 0xf4,
    0x9, 0xfa, 0xb4,

    /* U+0170 "Ű" */
    0x0, 0x45, 0x54, 0x0, 0xb, 0x4c, 0x0, 0x0,
    0x0, 0x0, 0x2, 0xe0, 0x0, 0x89, 0x2e, 0x0,
    0x8, 0x92, 0xe0, 0x0, 0x89, 0x2e, 0x0, 0x8,
    0x92, 0xe0, 0x0, 0x89, 0x1f, 0x10, 0xa, 0x80,
    0xd9, 0x25, 0xf3, 0x2, 0xbf, 0xd6, 0x0,

    /* U+0171 "ű" */
    0x1, 0x82, 0x70, 0x6, 0x7b, 0x30, 0x0, 0x0,
    0x0, 0x4c, 0x0, 0xc4, 0x4c, 0x0, 0xc4, 0x4c,
    0x0, 0xc4, 0x4d, 0x0, 0xd4, 0x2f, 0x34, 0xf4,
    0x9, 0xfa, 0xb4,

    /* U+0172 "Ų" */
    0x2e, 0x0, 0x8, 0x92, 0xe0, 0x0, 0x89, 0x2e,
    0x0, 0x8, 0x92, 0xe0, 0x0, 0x89, 0x2e, 0x0,
    0x8, 0x92, 0xf1, 0x0, 0xa8, 0xd, 0x91, 0x4f,
    0x30, 0x2c, 0xfe, 0x40, 0x0, 0xc, 0x10, 0x0,
    0x0, 0xda, 0x0,

    /* U+0173 "ų" */
    0x4c, 0x0, 0xc4, 0x4c, 0x0, 0xc4, 0x4c, 0x0,
    0xc4, 0x4d, 0x0, 0xd4, 0x2f, 0x34, 0xf4, 0x9,
    0xfa, 0xc4, 0x0, 0x4, 0xb0, 0x0, 0x4, 0xe5,

    /* U+0174 "Ŵ" */
    0x0, 0x0, 0x45, 0x0, 0x0, 0x0, 0x1, 0xdd,
    0x20, 0x0, 0x0, 0x4, 0x33, 0x40, 0x0, 0xa8,
    0x0, 0xbb, 0x0, 0x8a, 0x6c, 0x0, 0xee, 0x0,
    0xc6, 0x2f, 0x2, 0xcc, 0x30, 0xf2, 0xe, 0x36,
    0x99, 0x63, 0xe0, 0xa, 0x7a, 0x55, 0xa6, 0xa0,
    0x6, 0xad, 0x11, 0xd9, 0x60, 0x2, 0xed, 0x0,
    0xde, 0x20, 0x0, 0xea, 0x0, 0x9e, 0x0,

    /* U+0175 "ŵ" */
    0x0, 0x4, 0x60, 0x0, 0x0, 0x3, 0xc9, 0x70,
    0x0, 0x0, 0x0, 0x0, 0x0, 0x9, 0x80, 0x8c,
    0x3, 0xe0, 0x4c, 0xc, 0xe0, 0x79, 0x0, 0xf0,
    0xd9, 0x4b, 0x50, 0xc, 0x6a, 0x58, 0xe1, 0x0,
    0x7d, 0x61, 0xdc, 0x0, 0x3, 0xf2, 0xd, 0x80,
    0x0,

    /* U+0176 "Ŷ" */
    0x0, 0x3, 0x0, 0x0, 0x9, 0xa9, 0x0, 0x0,
    0x20, 0x20, 0x7, 0xc0, 0x0, 0xd6, 0xe, 0x50,
    0x6d, 0x0, 0x5d, 0xe, 0x50, 0x0, 0xcb, 0xc0,
    0x0, 0x3, 0xf3, 0x0, 0x0, 0xf, 0x0, 0x0,
    0x0, 0xf0, 0x0, 0x0, 0xf, 0x0, 0x0,

    /* U+0177 "ŷ" */
    0x0, 0x64, 0x0, 0x6, 0x9b, 0x30, 0x0, 0x0,
    0x0, 0x98, 0x0, 0xc5, 0x3e, 0x2, 0xf0, 0xe,
    0x37, 0xa0, 0x8, 0x8c, 0x40, 0x2, 0xde, 0x0,
    0x0, 0xd8, 0x0, 0x1, 0xe2, 0x0, 0x3e, 0x70,
    0x0,

    /* U+0178 "Ÿ" */
    0x0, 0x0, 0x0, 0x0, 0x1e, 0xf, 0x10, 0x0,
    0x20, 0x20, 0x7, 0xc0, 0x0, 0xd6, 0xe, 0x50,
    0x6d, 0x0, 0x5d, 0xe, 0x50, 0x0, 0xcb, 0xc0,
    0x0, 0x3, 0xf3, 0x0, 0x0, 0xf, 0x0, 0x0,
    0x0, 0xf0, 0x0, 0x0, 0xf, 0x0, 0x0,

    /* U+0179 "Ź" */
    0x0, 0xc, 0x40, 0x0, 0x7, 0x0, 0x6f, 0xff,
    0xfc, 0x0, 0x0, 0xc5, 0x0, 0x7, 0xb0, 0x0,
    0x2e, 0x20, 0x0, 0xb8, 0x0, 0x5, 0xd0, 0x0,
    0xe, 0x40, 0x0, 0x6f, 0xff, 0xfd,

    /* U+017A "ź" */
    0x0, 0x3c, 0x0, 0x5, 0x30, 0x4f, 0xff, 0xe0,
    0x0, 0xc7, 0x0, 0x7b, 0x0, 0x3e, 0x10, 0xd,
    0x60, 0x6, 0xff, 0xff,

    /* U+017B "Ż" */
    0x0, 0x0, 0x0, 0x0, 0x5c, 0x0, 0x0, 0x2,
    0x0, 0x6f, 0xff, 0xfc, 0x0, 0x0, 0xc5, 0x0,
    0x7, 0xb0, 0x0, 0x2e, 0x20, 0x0, 0xb8, 0x0,
    0x5, 0xd0, 0x0, 0xe, 0x40, 0x0, 0x6f, 0xff,
    0xfd,

    /* U+017C "ż" */
    0x0, 0xc4, 0x0, 0x3, 0x0, 0x4f, 0xff, 0xe0,
    0x0, 0xc7, 0x0, 0x7b, 0x0, 0x3e, 0x10, 0xd,
    0x60, 0x6, 0xff, 0xff,

    /* U+017D "Ž" */
    0x3, 0x51, 0x50, 0x0, 0xdb, 0x40, 0x0, 0x36,
    0x0, 0x6f, 0xff, 0xfc, 0x0, 0x0, 0xc5, 0x0,
    0x7, 0xb0, 0x0, 0x2e, 0x20, 0x0, 0xb8, 0x0,
    0x5, 0xd0, 0x0, 0xe, 0x40, 0x0, 0x6f, 0xff,
    0xfd,

    /* U+017E "ž" */
    0x6, 0x25, 0x10, 0x2d, 0xa0, 0x0, 0x0, 0x4,
    0xff, 0xfe, 0x0, 0xc, 0x70, 0x7, 0xb0, 0x3,
    0xe1, 0x0, 0xd6, 0x0, 0x6f, 0xff, 0xf0,

    /* U+017F "ſ" */
    0xa, 0xf1, 0x3e, 0x10, 0x4c, 0x0, 0x4c, 0x0,
    0x4c, 0x0, 0x4c, 0x0, 0x4c, 0x0, 0x4c, 0x0,

    /* U+0180 "ƀ" */
    0xdf, 0xc4, 0x0, 0x4c, 0x0, 0x0, 0x4c, 0x9e,
    0xa0, 0x4f, 0x41, 0xd6, 0x4e, 0x0, 0x8a, 0x4e,
    0x0, 0x8a, 0x4f, 0x41, 0xd6, 0x4c, 0x9e, 0xa0,

    /* U+0181 "Ɓ" */
    0x3d, 0xff, 0xfe, 0x90, 0xa6, 0xa7, 0x3, 0xf3,
    0x0, 0xa7, 0x2, 0xf1, 0x0, 0xaf, 0xef, 0x90,
    0x0, 0xa7, 0x2, 0xe4, 0x0, 0xa7, 0x0, 0x98,
    0x0, 0xa7, 0x3, 0xd6, 0x0, 0xaf, 0xff, 0xa0,

    /* U+0182 "Ƃ" */
    0x2f, 0xff, 0xf5, 0x2, 0xe0, 0x0, 0x0, 0x2e,
    0x0, 0x0, 0x2, 0xfe, 0xeb, 0x20, 0x2e, 0x12,
    0x9d, 0x2, 0xe0, 0x1, 0xf0, 0x2e, 0x0, 0x8d,
    0x2, 0xff, 0xfc, 0x30,

    /* U+0183 "ƃ" */
    0x4f, 0xee, 0xc0, 0x4c, 0x0, 0x0, 0x4c, 0x9e,
    0xa0, 0x4f, 0x41, 0xd6, 0x4e, 0x0, 0x8a, 0x4e,
    0x0, 0x8a, 0x4f, 0x41, 0xd6, 0x4c, 0x9e, 0xa0,

    /* U+0184 "Ƅ" */
    0xc, 0xf7, 0x0, 0x0, 0x4d, 0xa7, 0x0, 0x0,
    0x75, 0xa7, 0x0, 0x0, 0x0, 0xaf, 0xed, 0x70,
    0x0, 0xa8, 0x14, 0xe5, 0x0, 0xa7, 0x0, 0x98,
    0x0, 0xa7, 0x2, 0xe5, 0x0, 0xaf, 0xfe, 0x90,

    /* U+0185 "ƅ" */
    0xd, 0xf3, 0x0, 0x6, 0xad, 0x30, 0x0, 0x52,
    0xde, 0xea, 0x10, 0xd, 0x42, 0xb8, 0x0, 0xd3,
    0xa, 0x90, 0xd, 0xff, 0xc1,

    /* U+0186 "Ɔ" */
    0x3, 0xcf, 0xc3, 0x1, 0xf7, 0x27, 0xf1, 0x38,
    0x0, 0xa, 0x80, 0x0, 0x0, 0x6b, 0x0, 0x0,
    0x6, 0xb3, 0x80, 0x0, 0xa8, 0x1f, 0x72, 0x7f,
    0x10, 0x4c, 0xfc, 0x30,

    /* U+0187 "Ƈ" */
    0x0, 0x0, 0x0, 0xad, 0x1, 0xae, 0xe9, 0xe0,
    0xc, 0xa3, 0x5e, 0xd0, 0x3e, 0x0, 0x4, 0x80,
    0x6b, 0x0, 0x0, 0x0, 0x6b, 0x0, 0x0, 0x0,
    0x3e, 0x0, 0x4, 0x70, 0xc, 0xa2, 0x5e, 0x60,
    0x1, 0xae, 0xe7, 0x0,

    /* U+0188 "ƈ" */
    0x0, 0x0, 0xaa, 0x6, 0xee, 0xf0, 0x3e, 0x22,
    0xd2, 0x7a, 0x0, 0x0, 0x7a, 0x0, 0x0, 0x3e,
    0x22, 0xd1, 0x6, 0xed, 0x60,

    /* U+0189 "Ɖ" */
    0xf, 0xff, 0xc4, 0x0, 0xf3, 0x15, 0xf3, 0xf,
    0x20, 0x7, 0xa0, 0xf2, 0x0, 0x4c, 0xcf, 0xed,
    0x4, 0xc0, 0xf2, 0x0, 0x7a, 0xf, 0x31, 0x5f,
    0x30, 0xff, 0xfc, 0x40,

    /* U+018A "Ɗ" */
    0x3d, 0xff, 0xfd, 0x80, 0xa, 0x6a, 0x70, 0x3c,
    0x80, 0x0, 0xa7, 0x0, 0x2f, 0x0, 0xa, 0x70,
    0x0, 0xe2, 0x0, 0xa7, 0x0, 0xf, 0x20, 0xa,
    0x70, 0x2, 0xf0, 0x0, 0xa8, 0x13, 0xd8, 0x0,
    0xa, 0xff, 0xd7, 0x0,

    /* U+018B "Ƌ" */
    0xa, 0xff, 0xfd, 0x0, 0x11, 0x6d, 0x0, 0x0,
    0x5d, 0x6, 0xde, 0xfd, 0x2f, 0x62, 0x6d, 0x5e,
    0x0, 0x5d, 0x3f, 0x50, 0x5d, 0x6, 0xef, 0xfd,

    /* U+018C "ƌ" */
    0xa, 0xee, 0xf7, 0x0, 0x0, 0x97, 0x8, 0xeb,
    0xa7, 0x3f, 0x22, 0xf7, 0x7a, 0x0, 0xb7, 0x7a,
    0x0, 0xb7, 0x3f, 0x22, 0xf7, 0x8, 0xeb, 0xa7,

    /* U+018D "ƍ" */
    0x7, 0xed, 0x40, 0x3f, 0x25, 0xf0, 0x7b, 0x0,
    0xf4, 0x6a, 0x0, 0xe4, 0x1e, 0x13, 0xe0, 0x5,
    0xeb, 0x30, 0x0, 0x6b, 0x0, 0xf, 0xff, 0x90,

    /* U+018E "Ǝ" */
    0x6f, 0xff, 0xf3, 0x0, 0x0, 0xe3, 0x0, 0x0,
    0xe3, 0x1e, 0xee, 0xf3, 0x1, 0x11, 0xe3, 0x0,
    0x0, 0xe3, 0x0, 0x0, 0xe3, 0x5f, 0xff, 0xf3,

    /* U+018F "Ə" */
    0x2, 0xbf, 0xd4, 0x0, 0xe9, 0x35, 0xf3, 0x29,
    0x0, 0x8, 0xa0, 0x0, 0x0, 0x3d, 0x6f, 0xff,
    0xff, 0xd4, 0xc0, 0x0, 0x8b, 0x1e, 0x72, 0x6f,
    0x40, 0x2b, 0xfd, 0x50,

    /* U+0190 "Ɛ" */
    0x6, 0xee, 0x90, 0x1f, 0x41, 0xc6, 0xe, 0x40,
    0x0, 0x4, 0xfd, 0x0, 0x2f, 0x40, 0x0, 0x6c,
    0x0, 0x23, 0x3f, 0x42, 0xd7, 0x6, 0xee, 0x90,

    /* U+0191 "Ƒ" */
    0x2, 0xff, 0xff, 0x50, 0x2e, 0x0, 0x0, 0x2,
    0xe0, 0x0, 0x0, 0x2f, 0xee, 0xe0, 0x2, 0xe1,
    0x11, 0x0, 0x2e, 0x0, 0x0, 0x2, 0xe0, 0x0,
    0x0, 0x2e, 0x0, 0x0, 0x4, 0xd0, 0x0, 0x3,
    0xe6, 0x0, 0x0,

    /* U+0192 "ƒ" */
    0x2, 0xcc, 0x8, 0x90, 0x6f, 0xf7, 0x9, 0x70,
    0x9, 0x70, 0x9, 0x70, 0x9, 0x70, 0x9, 0x70,
    0xb, 0x50, 0xbb, 0x10,

    /* U+0193 "Ɠ" */
    0x0, 0x0, 0x0, 0xad, 0x1, 0xae, 0xe9, 0xe0,
    0xc, 0xa3, 0x5e, 0xd0, 0x3e, 0x0, 0x5, 0x80,
    0x6b, 0x0, 0x0, 0x0, 0x6b, 0x0, 0xff, 0xe0,
    0x3e, 0x0, 0x4, 0xc0, 0xc, 0xa3, 0x3d, 0x70,
    0x1, 0xae, 0xe8, 0x0,

    /* U+0194 "Ɣ" */
    0x99, 0x0, 0xe, 0x53, 0xf0, 0x5, 0xe0, 0xc,
    0x60, 0xb7, 0x0, 0x5d, 0x2f, 0x10, 0x0, 0xec,
    0x90, 0x0, 0x7, 0xf2, 0x0, 0x0, 0x6f, 0x10,
    0x0, 0xc, 0xd7, 0x0, 0x1, 0xf7, 0xb0, 0x0,
    0xa, 0xe6, 0x0,

    /* U+0195 "ƕ" */
    0x4c, 0x0, 0x0, 0x0, 0x4, 0xc0, 0x0, 0x0,
    0x0, 0x4c, 0xae, 0xa0, 0x3, 0xe4, 0xf3, 0x1f,
    0x30, 0x3d, 0x4d, 0x0, 0xb5, 0x4, 0xb4, 0xc0,
    0xb, 0x50, 0x89, 0x4c, 0x0, 0x99, 0x2e, 0x34,
    0xc0, 0x2, 0xde, 0x70,

    /* U+0196 "Ɩ" */
    0x4c, 0x4, 0xc0, 0x4c, 0x4, 0xc0, 0x4c, 0x4,
    0xc0, 0x4d, 0x0, 0xca,

    /* U+0197 "Ɨ" */
    0xd, 0x40, 0xd, 0x40, 0xd, 0x40, 0x9f, 0xc3,
    0xd, 0x40, 0xd, 0x40, 0xd, 0x40, 0xd, 0x40,

    /* U+0198 "Ƙ" */
    0x0, 0x0, 0x0, 0x2, 0xe0, 0x3, 0xea, 0x2e,
    0x2, 0xe6, 0x2, 0xe1, 0xd7, 0x0, 0x2f, 0xbb,
    0x0, 0x2, 0xfd, 0xf2, 0x0, 0x2f, 0x17, 0xc0,
    0x2, 0xe0, 0xc, 0x80, 0x2e, 0x0, 0x2f, 0x30,

    /* U+0199 "ƙ" */
    0xb, 0xd0, 0x0, 0x3d, 0x0, 0x0, 0x4c, 0x6,
    0xd1, 0x4c, 0x4e, 0x20, 0x4e, 0xe5, 0x0, 0x4f,
    0xac, 0x0, 0x4c, 0xd, 0x70, 0x4c, 0x3, 0xf2,

    /* U+019A "ƚ" */
    0x4, 0xc0, 0x4, 0xc0, 0x4, 0xc0, 0x4d, 0xfb,
    0x4, 0xc0, 0x4, 0xc0, 0x4, 0xc0, 0x4, 0xc0,

    /* U+019B "ƛ" */
    0x2f, 0x84, 0x0, 0x0, 0x7f, 0x90, 0x0, 0x2,
    0xd9, 0x0, 0x0, 0x3c, 0xe0, 0x0, 0x8, 0x8b,
    0x40, 0x0, 0xe3, 0x6a, 0x0, 0x4d, 0x1, 0xe1,
    0x9, 0x80, 0x6, 0xe4,

    /* U+019C "Ɯ" */
    0x2f, 0x0, 0xf2, 0xb, 0x62, 0xf0, 0xf, 0x20,
    0xb6, 0x2f, 0x0, 0xf2, 0xb, 0x62, 0xf0, 0xf,
    0x20, 0xb6, 0x2f, 0x0, 0xf2, 0xb, 0x62, 0xf0,
    0xf, 0x30, 0xb6, 0x1f, 0x35, 0xf7, 0x2e, 0x60,
    0x9f, 0xa6, 0xec, 0xc6,

    /* U+019D "Ɲ" */
    0x2, 0xf6, 0x0, 0x5c, 0x2, 0xfe, 0x0, 0x5c,
    0x2, 0xea, 0x80, 0x5c, 0x2, 0xe2, 0xf2, 0x5c,
    0x2, 0xe0, 0x8a, 0x5c, 0x2, 0xe0, 0xe, 0x8c,
    0x2, 0xe0, 0x6, 0xfc, 0x2, 0xe0, 0x0, 0xcc,
    0x4, 0xe0, 0x0, 0x0, 0x3e, 0x70, 0x0, 0x0,

    /* U+019E "ƞ" */
    0x4c, 0xaf, 0x90, 0x4f, 0x43, 0xf2, 0x4d, 0x0,
    0xc4, 0x4c, 0x0, 0xc4, 0x4c, 0x0, 0xc4, 0x4c,
    0x0, 0xc4, 0x0, 0x0, 0xc4, 0x0, 0x0, 0xc4,

    /* U+019F "Ɵ" */
    0x1, 0xae, 0xd7, 0x0, 0xb, 0xa3, 0x5d, 0x60,
    0x3e, 0x0, 0x2, 0xd0, 0x6f, 0xee, 0xee, 0xf0,
    0x6c, 0x0, 0x1, 0xf0, 0x3f, 0x10, 0x6, 0xd0,
    0xc, 0xb3, 0x4e, 0x60, 0x1, 0xae, 0xd7, 0x0,

    /* U+01A0 "Ơ" */
    0x0, 0x0, 0x0, 0x10, 0x0, 0x0, 0x0, 0xe1,
    0x1, 0xad, 0xff, 0xb0, 0xb, 0x70, 0xb, 0x70,
    0x3e, 0x0, 0x3, 0xe0, 0x6b, 0x0, 0x0, 0xf0,
    0x6b, 0x0, 0x1, 0xf0, 0x3e, 0x0, 0x5, 0xd0,
    0xc, 0xb3, 0x4e, 0x60, 0x1, 0xae, 0xd7, 0x0,

    /* U+01A1 "ơ" */
    0x0, 0x0, 0x2c, 0x6, 0xef, 0xf7, 0x3e, 0x11,
    0xd2, 0x7a, 0x0, 0xa7, 0x7b, 0x0, 0xa8, 0x3e,
    0x22, 0xe4, 0x6, 0xee, 0x70,

    /* U+01A2 "Ƣ" */
    0x2, 0xbe, 0xe9, 0xaf, 0x10, 0xd7, 0x3, 0xfa,
    0xf1, 0x4e, 0x0, 0xe, 0x4f, 0x16, 0xc0, 0x0,
    0xe4, 0xf1, 0x6c, 0x0, 0xe, 0x4f, 0x14, 0xf0,
    0x0, 0xe4, 0xf1, 0xd, 0x91, 0x5f, 0x4f, 0x10,
    0x2b, 0xfd, 0x71, 0xf1, 0x0, 0x0, 0x0, 0xf,
    0x10, 0x0, 0x0, 0x0, 0xf1,

    /* U+01A3 "ƣ" */
    0x9, 0xed, 0x8f, 0x55, 0xd0, 0x9e, 0xe5, 0x99,
    0x8, 0x9c, 0x59, 0x90, 0x89, 0xc5, 0x5e, 0x19,
    0x9c, 0x50, 0x9e, 0xd3, 0xc5, 0x0, 0x0, 0xc,
    0x50, 0x0, 0x0, 0xc5,

    /* U+01A4 "Ƥ" */
    0x3d, 0xff, 0xfe, 0x70, 0xa6, 0xa7, 0x4, 0xf3,
    0x0, 0xa7, 0x0, 0xb6, 0x0, 0xa7, 0x2, 0xe4,
    0x0, 0xaf, 0xef, 0x90, 0x0, 0xa8, 0x10, 0x0,
    0x0, 0xa7, 0x0, 0x0, 0x0, 0xa7, 0x0, 0x0,

    /* U+01A5 "ƥ" */
    0xb, 0xd0, 0x0, 0x3d, 0x0, 0x0, 0x4c, 0x9e,
    0xa0, 0x4f, 0x41, 0xd6, 0x4e, 0x0, 0x8a, 0x4e,
    0x0, 0x8a, 0x4f, 0x41, 0xd6, 0x4c, 0x9e, 0xa0,
    0x4c, 0x0, 0x0, 0x4c, 0x0, 0x0,

    /* U+01A6 "Ʀ" */
    0x35, 0x0, 0x0, 0x7, 0xff, 0xe9, 0x0, 0x7c,
    0x3, 0xe6, 0x7, 0xb0, 0xa, 0x80, 0x7b, 0x2,
    0xe5, 0x7, 0xfe, 0xf9, 0x0, 0x7c, 0x1b, 0x80,
    0x7, 0xb0, 0x3f, 0x10, 0x7b, 0x0, 0xb9, 0x0,
    0x0, 0x3, 0xf2, 0x0, 0x0, 0xb, 0x90,

    /* U+01A7 "Ƨ" */
    0x6, 0xef, 0xa0, 0x3f, 0x42, 0xb8, 0x12, 0x0,
    0x8b, 0x0, 0x6b, 0xe3, 0x1e, 0xb6, 0x0, 0x6c,
    0x0, 0x14, 0x4f, 0x42, 0xab, 0x7, 0xef, 0xb2,

    /* U+01A8 "ƨ" */
    0xa, 0xeb, 0x32, 0x80, 0x8a, 0x2, 0x7e, 0x64,
    0xe8, 0x30, 0x7b, 0x5, 0x81, 0xbf, 0xc3,

    /* U+01A9 "Ʃ" */
    0x4f, 0xff, 0xff, 0x20, 0xb8, 0x0, 0x0, 0x0,
    0xd7, 0x0, 0x0, 0x1, 0xd5, 0x0, 0x0, 0x3e,
    0x30, 0x0, 0x2e, 0x50, 0x0, 0x1d, 0x60, 0x0,
    0x6, 0xff, 0xff, 0xf3,

    /* U+01AA "ƪ" */
    0xa, 0xe8, 0x0, 0x5d, 0x3f, 0x10, 0x1d, 0xff,
    0x20, 0x0, 0x1f, 0x20, 0x0, 0xf, 0x20, 0x0,
    0xf, 0x20, 0x0, 0xf, 0x20, 0x0, 0xf, 0x20,
    0x0, 0xd, 0x50, 0x0, 0x7, 0xf3,

    /* U+01AB "ƫ" */
    0x7, 0x0, 0x1f, 0x0, 0xdf, 0xf0, 0x1f, 0x0,
    0x1f, 0x0, 0x1f, 0x0, 0xf, 0x30, 0x7, 0xf2,
    0x0, 0xd4, 0xe, 0xc1,

    /* U+01AC "Ƭ" */
    0x2c, 0xff, 0xff, 0x48, 0x81, 0xf0, 0x0, 0x0,
    0x1f, 0x0, 0x0, 0x1, 0xf0, 0x0, 0x0, 0x1f,
    0x0, 0x0, 0x1, 0xf0, 0x0, 0x0, 0x1f, 0x0,
    0x0, 0x1, 0xf0, 0x0,

    /* U+01AD "ƭ" */
    0x9, 0xe0, 0x1f, 0x0, 0xdf, 0xe0, 0x1e, 0x0,
    0x1e, 0x0, 0x1e, 0x0, 0x1f, 0x10, 0x8, 0xe1,

    /* U+01AE "Ʈ" */
    0x8f, 0xff, 0xff, 0x10, 0x5, 0xd0, 0x0, 0x0,
    0x4d, 0x0, 0x0, 0x4, 0xd0, 0x0, 0x0, 0x4d,
    0x0, 0x0, 0x4, 0xd0, 0x0, 0x0, 0x4d, 0x0,
    0x0, 0x4, 0xd0, 0x0, 0x0, 0x4d, 0x0, 0x0,
    0x0, 0xbd, 0x0,

    /* U+01AF "Ư" */
    0x0, 0x0, 0x0, 0x87, 0x2e, 0x0, 0x8, 0xf4,
    0x2e, 0x0, 0x8, 0x90, 0x2e, 0x0, 0x8, 0x90,
    0x2e, 0x0, 0x8, 0x90, 0x2e, 0x0, 0x8, 0x90,
    0x1f, 0x10, 0xa, 0x80, 0xd, 0x92, 0x5f, 0x30,
    0x2, 0xbf, 0xd6, 0x0,

    /* U+01B0 "ư" */
    0x0, 0x0, 0x0, 0x0, 0x0, 0x0, 0xc2, 0x4c,
    0x0, 0xce, 0x4, 0xc0, 0xc, 0x40, 0x4c, 0x0,
    0xc4, 0x4, 0xd0, 0xd, 0x40, 0x2f, 0x34, 0xf4,
    0x0, 0x9f, 0xab, 0x40,

    /* U+01B1 "Ʊ" */
    0x7f, 0xf3, 0x8f, 0xf2, 0x6, 0xe1, 0x5e, 0x30,
    0x1f, 0x20, 0x7, 0xc0, 0x4d, 0x0, 0x2, 0xf0,
    0x6b, 0x0, 0x0, 0xf1, 0x3e, 0x0, 0x4, 0xe0,
    0xc, 0xb3, 0x4e, 0x70, 0x1, 0xae, 0xd7, 0x0,

    /* U+01B2 "Ʋ" */
    0x7b, 0x6, 0xd4, 0x7b, 0x0, 0x8c, 0x7b, 0x0,
    0x4e, 0x7b, 0x0, 0x4e, 0x7b, 0x0, 0x4e, 0x6d,
    0x0, 0x6d, 0x3f, 0x52, 0xca, 0x6, 0xef, 0xb1,

    /* U+01B3 "Ƴ" */
    0x0, 0x0, 0x0, 0x0, 0x7c, 0x0, 0x9, 0xf1,
    0xd, 0x50, 0x4e, 0x10, 0x5, 0xd0, 0xc5, 0x0,
    0x0, 0xcb, 0xc0, 0x0, 0x0, 0x3f, 0x30, 0x0,
    0x0, 0xf, 0x10, 0x0, 0x0, 0xf, 0x10, 0x0,
    0x0, 0xf, 0x10, 0x0,

    /* U+01B4 "ƴ" */
    0x0, 0x0, 0xc, 0xb0, 0x0, 0x7, 0xb0, 0x98,
    0x0, 0xc5, 0x3, 0xe0, 0x2f, 0x0, 0xe, 0x37,
    0xa0, 0x0, 0x88, 0xc4, 0x0, 0x2, 0xde, 0x0,
    0x0, 0xd, 0x80, 0x0, 0x1, 0xe2, 0x0, 0x3,
    0xe7, 0x0, 0x0,

    /* U+01B5 "Ƶ" */
    0x6f, 0xff, 0xfc, 0x0, 0x0, 0xc7, 0x0, 0x5,
    0xe0, 0x0, 0xd, 0x60, 0xb, 0xef, 0xe3, 0x2,
    0xe2, 0x0, 0xd, 0x50, 0x0, 0x6f, 0xff, 0xfd,

    /* U+01B6 "ƶ" */
    0x4f, 0xff, 0xe0, 0x0, 0xb8, 0x0, 0x3e, 0x10,
    0xae, 0xc4, 0xb, 0x80, 0x5, 0xff, 0xff,

    /* U+01B7 "Ʒ" */
    0x2f, 0xff, 0xff, 0x20, 0x0, 0x2c, 0x70, 0x0,
    0x2c, 0x50, 0x0, 0x8, 0xeb, 0x20, 0x0, 0x0,
    0x9d, 0x0, 0x0, 0x0, 0xf3, 0x0, 0x0, 0xd,
    0x46, 0xb0, 0x1, 0xf2, 0x2f, 0x51, 0x9c, 0x0,
    0x4d, 0xfb, 0x10,

    /* U+01B8 "Ƹ" */
    0x4f, 0xff, 0xff, 0x0, 0xb9, 0x11, 0x10, 0x0,
    0xc7, 0x0, 0x0, 0x4, 0xf5, 0x0, 0x9, 0xd8,
    0x30, 0x3, 0xe1, 0x0, 0x0, 0x6b, 0x0, 0x0,
    0x5, 0xd0, 0x0, 0x93, 0x1e, 0x61, 0x7f, 0x10,
    0x3c, 0xfc, 0x30,

    /* U+01B9 "ƹ" */
    0x2f, 0xff, 0xf5, 0xa, 0xa1, 0x0, 0x0, 0xd6,
    0x0, 0x2, 0xaf, 0x0, 0x2f, 0x73, 0x0, 0x6c,
    0x0, 0x11, 0x3f, 0x42, 0xc8, 0x7, 0xef, 0xa0,

    /* U+01BA "ƺ" */
    0x4f, 0xff, 0xf0, 0x0, 0x4e, 0x40, 0x3, 0xfa,
    0x0, 0x1, 0x3b, 0x80, 0x1, 0x6d, 0x70, 0x2e,
    0x93, 0x0, 0x7c, 0x7, 0xb0, 0x1a, 0xec, 0x30,

    /* U+01BB "ƻ" */
    0x6, 0xee, 0x70, 0x2f, 0x32, 0xf3, 0x14, 0x0,
    0xc5, 0x0, 0x3, 0xe0, 0x7, 0xef, 0xe7, 0x1,
    0xd6, 0x0, 0xb, 0x90, 0x0, 0x4f, 0xff, 0xf8,

    /* U+01BC "Ƽ" */
    0x8f, 0xff, 0xf4, 0xe, 0x20, 0x0, 0xf, 0x0,
    0x0, 0x1f, 0xcf, 0x90, 0x5, 0x32, 0xd6, 0x2,
    0x0, 0x99, 0x1f, 0x42, 0xd6, 0x6, 0xee, 0x80,

    /* U+01BD "ƽ" */
    0x7f, 0xff, 0xe0, 0xb, 0x60, 0x0, 0xc, 0xde,
    0x90, 0x5, 0x22, 0xf2, 0xc, 0x43, 0xf2, 0x6,
    0xde, 0x80,

    /* U+01BE "ƾ" */
    0x0, 0xf2, 0x0, 0xcf, 0xe2, 0x0, 0xf3, 0x0,
    0xa, 0xb0, 0x0, 0xb, 0xb4, 0xd1, 0x5e, 0x9,
    0xec, 0x40,

    /* U+01BF "ƿ" */
    0x1f, 0xbf, 0xa0, 0x1f, 0x41, 0xe5, 0x1f, 0x0,
    0xa8, 0x1f, 0x0, 0xa7, 0x1f, 0x2, 0xf3, 0x1f,
    0x8f, 0x70, 0x1f, 0x82, 0x0, 0x1f, 0x0, 0x0,

    /* U+01C0 "ǀ" */
    0xc, 0xc, 0xc, 0xc, 0xc, 0xc, 0xc, 0xc,

    /* U+01C1 "ǁ" */
    0x48, 0xc4, 0x8c, 0x48, 0xc4, 0x8c, 0x48, 0xc4,
    0x8c, 0x48, 0xc4, 0x8c,

    /* U+01C2 "ǂ" */
    0x2, 0xa0, 0x2, 0xa0, 0x4d, 0xeb, 0x2, 0xa0,
    0x2, 0xa0, 0x5d, 0xeb, 0x2, 0xa0, 0x2, 0xa0,

    /* U+01C3 "ǃ" */
    0x1f, 0x10, 0xf1, 0xf, 0x10, 0xf0, 0xf, 0x0,
    0x50, 0x7, 0x1, 0xe2,

    /* U+01C5 "ǅ" */
    0x0, 0x0, 0x0, 0x0, 0x43, 0x33, 0x2, 0xff,
    0xfb, 0x20, 0x1, 0xcc, 0x0, 0x2e, 0x2, 0x7e,
    0x10, 0x0, 0x0, 0x2, 0xe0, 0x0, 0xb7, 0x1f,
    0xff, 0xf1, 0x2e, 0x0, 0x7, 0x90, 0x0, 0x8a,
    0x2, 0xe0, 0x0, 0x79, 0x0, 0x4e, 0x10, 0x2e,
    0x0, 0xb, 0x60, 0x1e, 0x40, 0x2, 0xe0, 0x27,
    0xe0, 0xa, 0x90, 0x0, 0x2f, 0xfe, 0xb2, 0x2,
    0xff, 0xff, 0x30,

    /* U+01C6 "ǆ" */
    0x0, 0x0, 0x0, 0x4, 0x34, 0x30, 0x0, 0x0,
    0x97, 0x1, 0xcc, 0x0, 0x0, 0x0, 0x97, 0x0,
    0x11, 0x0, 0x8, 0xeb, 0xa7, 0x1f, 0xff, 0xf1,
    0x3f, 0x44, 0xf7, 0x1, 0x19, 0xa0, 0x7a, 0x0,
    0xb7, 0x0, 0x4d, 0x10, 0x7b, 0x0, 0xb7, 0x1,
    0xe3, 0x0, 0x3f, 0x44, 0xf7, 0xc, 0x91, 0x10,
    0x8, 0xeb, 0xa7, 0x3f, 0xff, 0xf2,

    /* U+01C7 "Ǉ" */
    0x2e, 0x0, 0x0, 0x0, 0x7, 0x92, 0xe0, 0x0,
    0x0, 0x0, 0x79, 0x2e, 0x0, 0x0, 0x0, 0x7,
    0x92, 0xe0, 0x0, 0x0, 0x0, 0x79, 0x2e, 0x0,
    0x0, 0x0, 0x7, 0x92, 0xe0, 0x0, 0xc, 0x30,
    0x89, 0x2e, 0x0, 0x0, 0xb9, 0x2d, 0x62, 0xff,
    0xff, 0x32, 0xdf, 0xa0,

    /* U+01C8 "ǈ" */
    0x2e, 0x0, 0x0, 0x96, 0x2e, 0x0, 0x0, 0x21,
    0x2e, 0x0, 0x0, 0x97, 0x2e, 0x0, 0x0, 0x97,
    0x2e, 0x0, 0x0, 0x97, 0x2e, 0x0, 0x0, 0x97,
    0x2e, 0x0, 0x0, 0x97, 0x2f, 0xff, 0xf3, 0x97,
    0x0, 0x0, 0x0, 0xb5, 0x0, 0x0, 0x8, 0xb0,

    /* U+01C9 "ǉ" */
    0x4c, 0xb, 0x44, 0xc0, 0x31, 0x4c, 0xc, 0x44,
    0xc0, 0xc4, 0x4c, 0xc, 0x44, 0xc0, 0xc4, 0x4c,
    0xc, 0x44, 0xc0, 0xc4, 0x0, 0xd, 0x30, 0x9,
    0xa0,

    /* U+01CA "Ǌ" */
    0x2f, 0x60, 0x5, 0xc0, 0x0, 0x9, 0x82, 0xfe,
    0x0, 0x5c, 0x0, 0x0, 0x98, 0x2e, 0xa8, 0x5,
    0xc0, 0x0, 0x9, 0x82, 0xe2, 0xf2, 0x5c, 0x0,
    0x0, 0x98, 0x2e, 0x8, 0xa5, 0xc0, 0x0, 0x9,
    0x82, 0xe0, 0xe, 0x8c, 0xc, 0x10, 0x98, 0x2e,
    0x0, 0x6e, 0xc0, 0xd6, 0x1d, 0x52, 0xe0, 0x0,
    0xcc, 0x3, 0xde, 0x90,

    /* U+01CB "ǋ" */
    0x2f, 0x60, 0x5, 0xc0, 0xa5, 0x2f, 0xe0, 0x5,
    0xc0, 0x31, 0x2e, 0xb8, 0x5, 0xc0, 0xb5, 0x2e,
    0x3f, 0x25, 0xc0, 0xb5, 0x2e, 0x9, 0xa5, 0xc0,
    0xb5, 0x2e, 0x1, 0xe8, 0xc0, 0xb5, 0x2e, 0x0,
    0x6f, 0xc0, 0xb5, 0x2e, 0x0, 0xd, 0xc0, 0xb5,
    0x0, 0x0, 0x0, 0x0, 0xd3, 0x0, 0x0, 0x0,
    0x9, 0xa0,

    /* U+01CC "ǌ" */
    0x0, 0x0, 0x0, 0x4c, 0x0, 0x0, 0x0, 0x3,
    0x4c, 0xaf, 0x90, 0x4c, 0x4f, 0x43, 0xf2, 0x4c,
    0x4d, 0x0, 0xc4, 0x4c, 0x4c, 0x0, 0xc4, 0x4c,
    0x4c, 0x0, 0xc4, 0x4c, 0x4c, 0x0, 0xc4, 0x4c,
    0x0, 0x0, 0x0, 0x6b, 0x0, 0x0, 0x2, 0xd4,

    /* U+01CD "Ǎ" */
    0x0, 0x70, 0x70, 0x0, 0x8, 0xb9, 0x0, 0x0,
    0x7, 0x10, 0x0, 0x5, 0xf5, 0x0, 0x0, 0xac,
    0xb0, 0x0, 0xf, 0x4f, 0x0, 0x4, 0xe0, 0xd5,
    0x0, 0x99, 0x8, 0xa0, 0xe, 0xfe, 0xff, 0x4,
    0xf1, 0x11, 0xe5, 0x99, 0x0, 0x8, 0xa0,

    /* U+01CE "ǎ" */
    0x5, 0x25, 0x20, 0x2d, 0xa0, 0x0, 0x0, 0x0,
    0x9e, 0xe4, 0x29, 0x15, 0xd0, 0x37, 0xbf, 0x5d,
    0x64, 0xf8, 0xa0, 0x8f, 0x2b, 0xe8, 0xf0,

    /* U+01CF "Ǐ" */
    0x16, 0x7, 0x0, 0xbb, 0x70, 0x2, 0x70, 0x0,
    0x2e, 0x0, 0x2, 0xe0, 0x0, 0x2e, 0x0, 0x2,
    0xe0, 0x0, 0x2e, 0x0, 0x2, 0xe0, 0x0, 0x2e,
    0x0, 0x2, 0xe0, 0x0,

    /* U+01D0 "ǐ" */
    0x26, 0x16, 0x9, 0xd2, 0x0, 0x0, 0x4, 0xc0,
    0x4, 0xc0, 0x4, 0xc0, 0x4, 0xc0, 0x4, 0xc0,
    0x4, 0xc0,

    /* U+01D1 "Ǒ" */
    0x0, 0x52, 0x52, 0x0, 0x0, 0x2c, 0xa0, 0x0,
    0x0, 0x0, 0x0, 0x0, 0x1, 0xae, 0xd7, 0x0,
    0xb, 0xa3, 0x4e, 0x60, 0x3e, 0x0, 0x4, 0xd0,
    0x6b, 0x0, 0x0, 0xf0, 0x6b, 0x0, 0x0, 0xf0,
    0x3e, 0x0, 0x4, 0xd0, 0xc, 0xa3, 0x4d, 0x60,
    0x1, 0xae, 0xd7, 0x0,

    /* U+01D2 "ǒ" */
    0x4, 0x43, 0x40, 0x0, 0xcc, 0x0, 0x0, 0x0,
    0x0, 0x6, 0xee, 0x70, 0x3e, 0x22, 0xe3, 0x7a,
    0x0, 0xa7, 0x7a, 0x0, 0xa8, 0x3e, 0x22, 0xe3,
    0x6, 0xee, 0x70,

    /* U+01D3 "Ǔ" */
    0x0, 0x61, 0x61, 0x0, 0x3, 0xd9, 0x0, 0x0,
    0x0, 0x0, 0x2, 0xe0, 0x0, 0x89, 0x2e, 0x0,
    0x8, 0x92, 0xe0, 0x0, 0x89, 0x2e, 0x0, 0x8,
    0x92, 0xe0, 0x0, 0x89, 0x1f, 0x10, 0xa, 0x80,
    0xd9, 0x25, 0xf3, 0x2, 0xbf, 0xd6, 0x0,

    /* U+01D4 "ǔ" */
    0x4, 0x43, 0x40, 0x0, 0xcc, 0x0, 0x0, 0x0,
    0x0, 0x4c, 0x0, 0xc4, 0x4c, 0x0, 0xc4, 0x4c,
    0x0, 0xc4, 0x4d, 0x0, 0xd4, 0x2f, 0x34, 0xf4,
    0x9, 0xfa, 0xb4,

    /* U+01D5 "Ǖ" */
    0x0, 0x7b, 0xb0, 0x0, 0x0, 0x0, 0x0, 0x0,
    0xd3, 0xb4, 0x0, 0x2, 0x2, 0x0, 0x2e, 0x0,
    0x8, 0x92, 0xe0, 0x0, 0x89, 0x2e, 0x0, 0x8,
    0x92, 0xe0, 0x0, 0x89, 0x2e, 0x0, 0x8, 0x91,
    0xf1, 0x0, 0xa8, 0xd, 0x92, 0x5f, 0x30, 0x2b,
    0xfd, 0x60,

    /* U+01D6 "ǖ" */
    0x4, 0xbb, 0x40, 0x0, 0x0, 0x0, 0x7, 0x76,
    0x80, 0x1, 0x11, 0x20, 0x4c, 0x0, 0xc4, 0x4c,
    0x0, 0xc4, 0x4c, 0x0, 0xc4, 0x4d, 0x0, 0xd4,
    0x2f, 0x34, 0xf4, 0x9, 0xfa, 0xb4,

    /* U+01D7 "Ǘ" */
    0x0, 0x0, 0x10, 0x0, 0x0, 0x59, 0x0, 0x0,
    0x3, 0x10, 0x0, 0xd, 0x3b, 0x40, 0x0, 0x20,
    0x20, 0x2, 0xe0, 0x0, 0x89, 0x2e, 0x0, 0x8,
    0x92, 0xe0, 0x0, 0x89, 0x2e, 0x0, 0x8, 0x92,
    0xe0, 0x0, 0x89, 0x1f, 0x10, 0xa, 0x80, 0xd9,
    0x25, 0xf3, 0x2, 0xbf, 0xd6, 0x0,

    /* U+01D8 "ǘ" */
    0x0, 0x1, 0x0, 0x0, 0x1d, 0x0, 0x0, 0x12,
    0x0, 0x7, 0x76, 0x80, 0x1, 0x11, 0x20, 0x4c,
    0x0, 0xc4, 0x4c, 0x0, 0xc4, 0x4c, 0x0, 0xc4,
    0x4d, 0x0, 0xd4, 0x2f, 0x34, 0xf4, 0x9, 0xfa,
    0xb4,

    /* U+01D9 "Ǚ" */
    0x0, 0x87, 0xc1, 0x0, 0x0, 0x73, 0x0, 0x0,
    0xd3, 0xb4, 0x0, 0x2, 0x2, 0x0, 0x2e, 0x0,
    0x8, 0x92, 0xe0, 0x0, 0x89, 0x2e, 0x0, 0x8,
    0x92, 0xe0, 0x0, 0x89, 0x2e, 0x0, 0x8, 0x91,
    0xf1, 0x0, 0xa8, 0xd, 0x92, 0x5f, 0x30, 0x2b,
    0xfd, 0x60,

    /* U+01DA "ǚ" */
    0x3, 0xba, 0x40, 0x0, 0x45, 0x0, 0x7, 0x76,
    0x80, 0x1, 0x11, 0x20, 0x4c, 0x0, 0xc4, 0x4c,
    0x0, 0xc4, 0x4c, 0x0, 0xc4, 0x4d, 0x0, 0xd4,
    0x2f, 0x34, 0xf4, 0x9, 0xfa, 0xb4,

    /* U+01DB "Ǜ" */
    0x0, 0x10, 0x0, 0x0, 0x3, 0xa0, 0x0, 0x0,
    0x3, 0x0, 0x0, 0xd, 0x3b, 0x40, 0x0, 0x20,
    0x20, 0x2, 0xe0, 0x0, 0x89, 0x2e, 0x0, 0x8,
    0x92, 0xe0, 0x0, 0x89, 0x2e, 0x0, 0x8, 0x92,
    0xe0, 0x0, 0x89, 0x1f, 0x10, 0xa, 0x80, 0xd9,
    0x25, 0xf3, 0x2, 0xbf, 0xd6, 0x0,

    /* U+01DC "ǜ" */
    0x0, 0x10, 0x0, 0x0, 0xd0, 0x0, 0x0, 0x21,
    0x0, 0x7, 0x76, 0x80, 0x1, 0x11, 0x20, 0x4c,
    0x0, 0xc4, 0x4c, 0x0, 0xc4, 0x4c, 0x0, 0xc4,
    0x4d, 0x0, 0xd4, 0x2f, 0x34, 0xf4, 0x9, 0xfa,
    0xb4,

    /* U+01DD "ǝ" */
    0x8, 0xed, 0x50, 0x3c, 0x14, 0xf1, 0x0, 0x0,
    0xd5, 0x7e, 0xdd, 0xf5, 0x5c, 0x12, 0xe1, 0x8,
    0xed, 0x50,

    /* U+01DE "Ǟ" */
    0x0, 0x9b, 0xa0, 0x0, 0x0, 0x0, 0x0, 0x0,
    0xf0, 0xe2, 0x0, 0x2, 0x2, 0x0, 0x0, 0x5f,
    0x50, 0x0, 0xa, 0xcb, 0x0, 0x0, 0xf4, 0xf0,
    0x0, 0x4e, 0xd, 0x50, 0x9, 0x90, 0x8a, 0x0,
    0xef, 0xef, 0xf0, 0x4f, 0x11, 0x1e, 0x59, 0x90,
    0x0, 0x8a,

    /* U+01DF "ǟ" */
    0x6, 0xbb, 0x10, 0x0, 0x0, 0xb, 0x3a, 0x50,
    0x30, 0x21, 0x9, 0xee, 0x42, 0x91, 0x5d, 0x3,
    0x7b, 0xf5, 0xd6, 0x4f, 0x8a, 0x8, 0xf2, 0xbe,
    0x8f,

    /* U+01E0 "Ǡ" */
    0x0, 0x9b, 0xa0, 0x0, 0x0, 0x0, 0x0, 0x0,
    0xf, 0x10, 0x0, 0x0, 0x20, 0x0, 0x0, 0x5f,
    0x50, 0x0, 0xa, 0xcb, 0x0, 0x0, 0xf4, 0xf0,
    0x0, 0x4e, 0xd, 0x50, 0x9, 0x90, 0x8a, 0x0,
    0xef, 0xef, 0xf0, 0x4f, 0x11, 0x1e, 0x59, 0x90,
    0x0, 0x8a,

    /* U+01E1 "ǡ" */
    0x6, 0xbb, 0x10, 0x0, 0x0, 0x0, 0xb5, 0x0,
    0x3, 0x10, 0x9, 0xee, 0x42, 0x91, 0x5d, 0x3,
    0x7b, 0xf5, 0xd6, 0x4f, 0x8a, 0x8, 0xf2, 0xbe,
    0x8f,

    /* U+01E2 "Ǣ" */
    0x0, 0x0, 0xb, 0xdb, 0x0, 0x0, 0x0, 0x0,
    0x0, 0x0, 0x0, 0x9, 0xef, 0xff, 0xf5, 0x0,
    0xf, 0x4e, 0x0, 0x0, 0x0, 0x6b, 0x2e, 0x0,
    0x0, 0x0, 0xd5, 0x2f, 0xee, 0xe2, 0x4, 0xe0,
    0x2e, 0x11, 0x10, 0xb, 0xfe, 0xfe, 0x0, 0x0,
    0x2f, 0x20, 0x2e, 0x0, 0x0, 0x8b, 0x0, 0x2f,
    0xff, 0xf6,

    /* U+01E3 "ǣ" */
    0x0, 0xb, 0xdc, 0x0, 0x0, 0x0, 0x0, 0x0,
    0x0, 0x9, 0xed, 0x5c, 0xfa, 0x1, 0x60, 0x4f,
    0x40, 0xa7, 0x9, 0xdd, 0xfd, 0xdd, 0x97, 0xb0,
    0x2e, 0x0, 0x0, 0x8a, 0x19, 0xf5, 0xa, 0x51,
    0xce, 0x93, 0xce, 0x90,

    /* U+01E4 "Ǥ" */
    0x1, 0xae, 0xe7, 0x0, 0xc, 0xa3, 0x5e, 0x60,
    0x3e, 0x0, 0x5, 0x70, 0x6b, 0x0, 0x0, 0x0,
    0x6b, 0x0, 0xff, 0xe0, 0x3e, 0x0, 0xac, 0xe3,
    0xc, 0xa3, 0x5e, 0x30, 0x1, 0xae, 0xe6, 0x0,

    /* U+01E5 "ǥ" */
    0x7, 0xeb, 0xa7, 0x3, 0xe1, 0x1e, 0x70, 0x7a,
    0x7, 0xed, 0x67, 0xa0, 0xc, 0x70, 0x3e, 0x22,
    0xf7, 0x0, 0x8e, 0xba, 0x70, 0x6, 0x0, 0xc4,
    0x0, 0x8d, 0xe8, 0x0,

    /* U+01E6 "Ǧ" */
    0x0, 0x52, 0x52, 0x0, 0x2, 0xda, 0x0, 0x0,
    0x0, 0x0, 0x0, 0x1a, 0xee, 0x70, 0xc, 0xa3,
    0x5e, 0x63, 0xe0, 0x0, 0x57, 0x6b, 0x0, 0x0,
    0x6, 0xb0, 0xf, 0xfe, 0x3e, 0x0, 0x4, 0xc0,
    0xca, 0x33, 0xd7, 0x1, 0xae, 0xe8, 0x0,

    /* U+01E7 "ǧ" */
    0x4, 0x34, 0x30, 0x0, 0xcc, 0x0, 0x0, 0x0,
    0x0, 0x7, 0xeb, 0xa7, 0x3e, 0x11, 0xf7, 0x7a,
    0x0, 0xb7, 0x7a, 0x0, 0xb7, 0x3e, 0x22, 0xf7,
    0x8, 0xeb, 0xa7, 0x6, 0x0, 0xc5, 0x8, 0xde,
    0x90,

    /* U+01E8 "Ǩ" */
    0x0, 0x70, 0x70, 0x0, 0x9, 0xb8, 0x0, 0x0,
    0x17, 0x0, 0x2, 0xe0, 0x4, 0xf3, 0x2e, 0x2,
    0xe5, 0x2, 0xe0, 0xd8, 0x0, 0x2e, 0x9e, 0x0,
    0x2, 0xfb, 0xe5, 0x0, 0x2f, 0x14, 0xe1, 0x2,
    0xe0, 0xa, 0xa0, 0x2e, 0x0, 0x1e, 0x40,

    /* U+01E9 "ǩ" */
    0x25, 0x16, 0x0, 0x0, 0xcb, 0x50, 0x0, 0x2,
    0x60, 0x0, 0x0, 0x4c, 0x0, 0x0, 0x4, 0xc0,
    0x0, 0x0, 0x4c, 0x6, 0xd1, 0x4, 0xc4, 0xe2,
    0x0, 0x4e, 0xe5, 0x0, 0x4, 0xfa, 0xc0, 0x0,
    0x4c, 0xd, 0x70, 0x4, 0xc0, 0x3f, 0x20,

    /* U+01EA "Ǫ" */
    0x1, 0xae, 0xd7, 0x0, 0xb, 0xb3, 0x4e, 0x60,
    0x3e, 0x0, 0x4, 0xd0, 0x5b, 0x0, 0x0, 0xf0,
    0x6b, 0x0, 0x0, 0xf0, 0x3e, 0x0, 0x4, 0xe0,
    0xc, 0x91, 0x2d, 0x70, 0x1, 0xbf, 0xf8, 0x0,
    0x0, 0xc, 0x40, 0x0, 0x0, 0xc, 0xc0, 0x0,

    /* U+01EB "ǫ" */
    0x6, 0xee, 0x70, 0x2f, 0x22, 0xe3, 0x7b, 0x0,
    0xa7, 0x7a, 0x0, 0xa7, 0x3e, 0x11, 0xe3, 0x8,
    0xef, 0x80, 0x0, 0x97, 0x0, 0x0, 0x9d, 0x10,

    /* U+01EC "Ǭ" */
    0x0, 0x7d, 0xd2, 0x0, 0x0, 0x0, 0x0, 0x0,
    0x1, 0xae, 0xd7, 0x0, 0xb, 0xb3, 0x4e, 0x60,
    0x3e, 0x0, 0x4, 0xd0, 0x5b, 0x0, 0x0, 0xf0,
    0x6b, 0x0, 0x0, 0xf0, 0x3e, 0x0, 0x4, 0xe0,
    0xc, 0x91, 0x2d, 0x70, 0x1, 0xbf, 0xf8, 0x0,
    0x0, 0xc, 0x40, 0x0, 0x0, 0xc, 0xc0, 0x0,

    /* U+01ED "ǭ" */
    0x4, 0xdd, 0x50, 0x0, 0x0, 0x0, 0x6, 0xee,
    0x70, 0x2f, 0x22, 0xe3, 0x7b, 0x0, 0xa7, 0x7a,
    0x0, 0xa7, 0x3e, 0x11, 0xe3, 0x8, 0xef, 0x80,
    0x0, 0x97, 0x0, 0x0, 0x9d, 0x10,

    /* U+01EE "Ǯ" */
    0x0, 0x70, 0x70, 0x0, 0x7, 0xd4, 0x0, 0x0,
    0x0, 0x0, 0x2, 0xff, 0xff, 0xf2, 0x0, 0x2,
    0xc7, 0x0, 0x2, 0xc5, 0x0, 0x0, 0x8e, 0xb2,
    0x0, 0x0, 0x9, 0xd0, 0x0, 0x0, 0xf, 0x30,
    0x0, 0x0, 0xd4, 0x6b, 0x0, 0x1f, 0x22, 0xf5,
    0x19, 0xc0, 0x4, 0xdf, 0xb1, 0x0,

    /* U+01EF "ǯ" */
    0x3, 0x52, 0x50, 0x0, 0xbc, 0x10, 0x0, 0x0,
    0x0, 0xf, 0xff, 0xf7, 0x0, 0x6, 0xc1, 0x0,
    0x4c, 0x10, 0x0, 0xae, 0x80, 0x0, 0x1, 0xc7,
    0x13, 0x0, 0x7a, 0x3f, 0x42, 0xd7, 0x6, 0xee,
    0x90,

    /* U+01F0 "ǰ" */
    0x26, 0x15, 0x9, 0xd2, 0x0, 0x0, 0x4, 0xc0,
    0x4, 0xc0, 0x4, 0xc0, 0x4, 0xc0, 0x4, 0xc0,
    0x4, 0xc0, 0x6, 0xa0, 0x2d, 0x40,

    /* U+01F1 "Ǳ" */
    0x2f, 0xff, 0xb2, 0x3, 0xff, 0xff, 0xf0, 0x2e,
    0x2, 0x7e, 0x10, 0x0, 0x9, 0x90, 0x2e, 0x0,
    0xb, 0x70, 0x0, 0x3e, 0x0, 0x2e, 0x0, 0x7,
    0x90, 0x0, 0xd5, 0x0, 0x2e, 0x0, 0x7, 0x90,
    0x7, 0xb0, 0x0, 0x2e, 0x0, 0xb, 0x60, 0x2e,
    0x10, 0x0, 0x2e, 0x2, 0x7e, 0x0, 0xb7, 0x0,
    0x0, 0x2f, 0xfe, 0xb2, 0x2, 0xff, 0xff, 0xf0,

    /* U+01F2 "ǲ" */
    0x2f, 0xff, 0xb2, 0x0, 0x0, 0x0, 0x2, 0xe0,
    0x27, 0xe1, 0x0, 0x0, 0x0, 0x2e, 0x0, 0xb,
    0x71, 0xff, 0xff, 0x12, 0xe0, 0x0, 0x79, 0x0,
    0x8, 0xa0, 0x2e, 0x0, 0x7, 0x90, 0x4, 0xe1,
    0x2, 0xe0, 0x0, 0xb6, 0x1, 0xe4, 0x0, 0x2e,
    0x2, 0x7e, 0x0, 0xa9, 0x0, 0x2, 0xff, 0xeb,
    0x20, 0x2f, 0xff, 0xf3,

    /* U+01F3 "ǳ" */
    0x0, 0x0, 0x97, 0x0, 0x0, 0x0, 0x0, 0x0,
    0x97, 0x0, 0x0, 0x0, 0x8, 0xeb, 0xa7, 0x1f,
    0xff, 0xf1, 0x3f, 0x44, 0xf7, 0x1, 0x19, 0xa0,
    0x7a, 0x0, 0xb7, 0x0, 0x4d, 0x10, 0x7b, 0x0,
    0xb7, 0x1, 0xe3, 0x0, 0x3f, 0x44, 0xf7, 0xc,
    0x91, 0x10, 0x8, 0xeb, 0xa7, 0x3f, 0xff, 0xf2,

    /* U+01F4 "Ǵ" */
    0x0, 0x0, 0x80, 0x0, 0x0, 0x67, 0x0, 0x0,
    0x0, 0x0, 0x0, 0x1a, 0xee, 0x70, 0xc, 0xa3,
    0x5e, 0x63, 0xe0, 0x0, 0x57, 0x6b, 0x0, 0x0,
    0x6, 0xb0, 0xf, 0xfe, 0x3e, 0x0, 0x4, 0xc0,
    0xca, 0x33, 0xd7, 0x1, 0xae, 0xe8, 0x0,

    /* U+01F5 "ǵ" */
    0x0, 0x8, 0x10, 0x0, 0x3a, 0x0, 0x0, 0x0,
    0x0, 0x7, 0xeb, 0xa7, 0x3e, 0x11, 0xf7, 0x7a,
    0x0, 0xb7, 0x7a, 0x0, 0xb7, 0x3e, 0x22, 0xf7,
    0x8, 0xeb, 0xa7, 0x6, 0x0, 0xc5, 0x8, 0xde,
    0x90,

    /* U+01F6 "Ƕ" */
    0x2e, 0x0, 0x7, 0xa0, 0x0, 0x2, 0xe0, 0x0,
    0x7a, 0x0, 0x0, 0x2e, 0x0, 0x7, 0xa0, 0xa,
    0x72, 0xfe, 0xee, 0xfa, 0x0, 0xa7, 0x2e, 0x11,
    0x18, 0xa0, 0xa, 0x72, 0xe0, 0x0, 0x6b, 0x0,
    0xb7, 0x2e, 0x0, 0x3, 0xf4, 0x4f, 0x32, 0xe0,
    0x0, 0x7, 0xee, 0x70,

    /* U+01F7 "Ƿ" */
    0x5f, 0xee, 0xa1, 0x5, 0xe2, 0xa, 0xa0, 0x5d,
    0x0, 0x3f, 0x5, 0xd0, 0x2, 0xf0, 0x5d, 0x0,
    0x4e, 0x5, 0xd0, 0xa, 0x90, 0x5d, 0x7, 0xe1,
    0x5, 0xec, 0xd2, 0x0, 0x5f, 0x50, 0x0, 0x5,
    0xd0, 0x0, 0x0,

    /* U+01F8 "Ǹ" */
    0x0, 0x4b, 0x0, 0x0, 0x0, 0x70, 0x0, 0x2f,
    0x60, 0x5, 0xc2, 0xfe, 0x0, 0x5c, 0x2e, 0xa8,
    0x5, 0xc2, 0xe2, 0xf2, 0x5c, 0x2e, 0x8, 0xa5,
    0xc2, 0xe0, 0xe, 0x8c, 0x2e, 0x0, 0x6f, 0xc2,
    0xe0, 0x0, 0xcc,

    /* U+01F9 "ǹ" */
    0x1, 0xe0, 0x0, 0x0, 0x52, 0x0, 0x4c, 0xaf,
    0x90, 0x4f, 0x43, 0xf2, 0x4d, 0x0, 0xc4, 0x4c,
    0x0, 0xc4, 0x4c, 0x0, 0xc4, 0x4c, 0x0, 0xc4,

    /* U+01FA "Ǻ" */
    0x0, 0x7, 0x60, 0x0, 0x3, 0xa4, 0x0, 0x0,
    0xa0, 0xb0, 0x0, 0x3, 0xa4, 0x0, 0x0, 0x5f,
    0x50, 0x0, 0xa, 0xcb, 0x0, 0x0, 0xf4, 0xf0,
    0x0, 0x4e, 0xd, 0x50, 0x9, 0x90, 0x8a, 0x0,
    0xef, 0xef, 0xf0, 0x4f, 0x11, 0x1e, 0x59, 0x90,
    0x0, 0x8a,

    /* U+01FB "ǻ" */
    0x0, 0x3a, 0x0, 0x1a, 0x70, 0x6, 0x4a, 0x0,
    0x1a, 0x70, 0x9, 0xee, 0x42, 0x91, 0x5d, 0x3,
    0x7b, 0xf5, 0xd6, 0x4f, 0x8a, 0x8, 0xf2, 0xbe,
    0x8f,

    /* U+01FC "Ǽ" */
    0x0, 0x0, 0x0, 0x78, 0x0, 0x0, 0x0, 0x0,
    0x70, 0x0, 0x0, 0x9, 0xef, 0xff, 0xf5, 0x0,
    0xf, 0x4e, 0x0, 0x0, 0x0, 0x6b, 0x2e, 0x0,
    0x0, 0x0, 0xd5, 0x2f, 0xee, 0xe2, 0x4, 0xe0,
    0x2e, 0x11, 0x10, 0xb, 0xfe, 0xfe, 0x0, 0x0,
    0x2f, 0x20, 0x2e, 0x0, 0x0, 0x8b, 0x0, 0x2f,
    0xff, 0xf6,

    /* U+01FD "ǽ" */
    0x0, 0x0, 0x36, 0x0, 0x0, 0x0, 0xb, 0x30,
    0x0, 0x0, 0x0, 0x0, 0x0, 0x0, 0x9e, 0xd5,
    0xcf, 0xa0, 0x16, 0x4, 0xf4, 0xa, 0x70, 0x9d,
    0xdf, 0xdd, 0xd9, 0x7b, 0x2, 0xe0, 0x0, 0x8,
    0xa1, 0x9f, 0x50, 0xa5, 0x1c, 0xe9, 0x3c, 0xe9,
    0x0,

    /* U+01FE "Ǿ" */
    0x0, 0x0, 0x80, 0x0, 0x0, 0x6, 0x80, 0x0,
    0x0, 0x0, 0x0, 0x0, 0x1, 0xae, 0xea, 0x80,
    0xc, 0xb3, 0x6f, 0x60, 0x3e, 0x0, 0xaa, 0xd0,
    0x6b, 0x4, 0xa1, 0xf0, 0x6c, 0xc, 0x10, 0xf0,
    0x3f, 0x95, 0x4, 0xd0, 0xc, 0xe3, 0x4d, 0x60,
    0xc, 0xaf, 0xd7, 0x0, 0x0, 0x0, 0x0, 0x0,

    /* U+01FF "ǿ" */
    0x0, 0x8, 0x10, 0x0, 0x3b, 0x0, 0x0, 0x0,
    0x0, 0x6, 0xee, 0xa6, 0x3f, 0x26, 0xf3, 0x7b,
    0x1b, 0xa8, 0x7a, 0xb2, 0xa8, 0x3f, 0x62, 0xe3,
    0x5a, 0xee, 0x70, 0x0, 0x0, 0x0,

    /* U+0200 "Ȁ" */
    0x7, 0x99, 0x60, 0x0, 0x7, 0x26, 0x0, 0x0,
    0x5f, 0x50, 0x0, 0xa, 0xcb, 0x0, 0x0, 0xf4,
    0xf0, 0x0, 0x4e, 0xd, 0x50, 0x9, 0x90, 0x8a,
    0x0, 0xef, 0xef, 0xf0, 0x4f, 0x11, 0x1e, 0x59,
    0x90, 0x0, 0x8a,

    /* U+0201 "ȁ" */
    0x36, 0x45, 0x0, 0xc3, 0xc0, 0x0, 0x0, 0x0,
    0x9e, 0xe4, 0x29, 0x15, 0xd0, 0x37, 0xbf, 0x5d,
    0x64, 0xf8, 0xa0, 0x8f, 0x2b, 0xe8, 0xf0,

    /* U+0202 "Ȃ" */
    0x0, 0x5b, 0x60, 0x0, 0x8, 0x8, 0x0, 0x0,
    0x5f, 0x50, 0x0, 0xa, 0xcb, 0x0, 0x0, 0xf4,
    0xf0, 0x0, 0x4e, 0xd, 0x50, 0x9, 0x90, 0x8a,
    0x0, 0xef, 0xef, 0xf0, 0x4f, 0x11, 0x1e, 0x59,
    0x90, 0x0, 0x8a,

    /* U+0203 "ȃ" */
    0x4, 0xca, 0x0, 0x60, 0x52, 0x9, 0xee, 0x42,
    0x91, 0x5d, 0x3, 0x7b, 0xf5, 0xd6, 0x4f, 0x8a,
    0x8, 0xf2, 0xbe, 0x8f,

    /* U+0204 "Ȅ" */
    0xd, 0x3e, 0x0, 0x3, 0x55, 0x20, 0x2f, 0xff,
    0xf6, 0x2e, 0x0, 0x0, 0x2e, 0x0, 0x0, 0x2f,
    0xee, 0xe2, 0x2e, 0x11, 0x10, 0x2e, 0x0, 0x0,
    0x2e, 0x0, 0x0, 0x2f, 0xff, 0xf6,

    /* U+0205 "ȅ" */
    0x18, 0x27, 0x0, 0x9, 0x5d, 0x0, 0x0, 0x0,
    0x0, 0x6, 0xee, 0x70, 0x3d, 0x22, 0xe3, 0x7e,
    0xdd, 0xe5, 0x7b, 0x0, 0x0, 0x3f, 0x21, 0xc1,
    0x6, 0xed, 0x70,

    /* U+0206 "Ȇ" */
    0x0, 0x9a, 0x20, 0x3, 0x52, 0x60, 0x2f, 0xff,
    0xf6, 0x2e, 0x0, 0x0, 0x2e, 0x0, 0x0, 0x2f,
    0xee, 0xe2, 0x2e, 0x11, 0x10, 0x2e, 0x0, 0x0,
    0x2e, 0x0, 0x0, 0x2f, 0xff, 0xf6,

    /* U+0207 "ȇ" */
    0x2, 0xbb, 0x10, 0x4, 0x23, 0x40, 0x6, 0xee,
    0x70, 0x3d, 0x22, 0xe3, 0x7e, 0xdd, 0xe5, 0x7b,
    0x0, 0x0, 0x3f, 0x21, 0xc1, 0x6, 0xed, 0x70,

    /* U+0208 "Ȉ" */
    0xa6, 0xc3, 0x7, 0x34, 0x2, 0xe0, 0x2, 0xe0,
    0x2, 0xe0, 0x2, 0xe0, 0x2, 0xe0, 0x2, 0xe0,
    0x2, 0xe0, 0x2, 0xe0,

    /* U+0209 "ȉ" */
    0xb, 0x5d, 0x10, 0x16, 0x43, 0x0, 0x4c, 0x0,
    0x4, 0xc0, 0x0, 0x4c, 0x0, 0x4, 0xc0, 0x0,
    0x4c, 0x0, 0x4, 0xc0,

    /* U+020A "Ȋ" */
    0x7, 0xb4, 0x7, 0x8, 0x2, 0xe0, 0x2, 0xe0,
    0x2, 0xe0, 0x2, 0xe0, 0x2, 0xe0, 0x2, 0xe0,
    0x2, 0xe0, 0x2, 0xe0,

    /* U+020B "ȋ" */
    0xa, 0xc4, 0x15, 0x6, 0x4, 0xc0, 0x4, 0xc0,
    0x4, 0xc0, 0x4, 0xc0, 0x4, 0xc0, 0x4, 0xc0,

    /* U+020C "Ȍ" */
    0x2, 0x74, 0x50, 0x0, 0x0, 0xb4, 0xd0, 0x0,
    0x0, 0x0, 0x0, 0x0, 0x1, 0xae, 0xd7, 0x0,
    0xb, 0xa3, 0x4e, 0x60, 0x3e, 0x0, 0x4, 0xd0,
    0x6b, 0x0, 0x0, 0xf0, 0x6b, 0x0, 0x0, 0xf0,
    0x3e, 0x0, 0x4, 0xd0, 0xc, 0xa3, 0x4d, 0x60,
    0x1, 0xae, 0xd7, 0x0,

    /* U+020D "ȍ" */
    0x18, 0x27, 0x0, 0x9, 0x5c, 0x10, 0x0, 0x0,
    0x0, 0x6, 0xee, 0x70, 0x3e, 0x22, 0xe3, 0x7a,
    0x0, 0xa7, 0x7a, 0x0, 0xa8, 0x3e, 0x22, 0xe3,
    0x6, 0xee, 0x70,

    /* U+020E "Ȏ" */
    0x0, 0x2b, 0x90, 0x0, 0x0, 0x61, 0x53, 0x0,
    0x0, 0x0, 0x0, 0x0, 0x1, 0xae, 0xd7, 0x0,
    0xb, 0xa3, 0x4e, 0x60, 0x3e, 0x0, 0x4, 0xd0,
    0x6b, 0x0, 0x0, 0xf0, 0x6b, 0x0, 0x0, 0xf0,
    0x3e, 0x0, 0x4, 0xd0, 0xc, 0xa3, 0x4d, 0x60,
    0x1, 0xae, 0xd7, 0x0,

    /* U+020F "ȏ" */
    0x1, 0xbb, 0x20, 0x4, 0x22, 0x40, 0x6, 0xee,
    0x70, 0x3e, 0x22, 0xe3, 0x7a, 0x0, 0xa7, 0x7a,
    0x0, 0xa8, 0x3e, 0x22, 0xe3, 0x6, 0xee, 0x70,

    /* U+0210 "Ȑ" */
    0xc, 0x4e, 0x10, 0x0, 0x26, 0x53, 0x0, 0x2f,
    0xff, 0xc2, 0x2, 0xe0, 0x2a, 0xb0, 0x2e, 0x0,
    0x4e, 0x2, 0xe0, 0x9, 0xb0, 0x2f, 0xef, 0xe2,
    0x2, 0xe1, 0x6e, 0x0, 0x2e, 0x0, 0xd6, 0x2,
    0xe0, 0x5, 0xe0,

    /* U+0211 "ȑ" */
    0xd, 0x4e, 0x0, 0x25, 0x52, 0x4, 0xcb, 0xa0,
    0x4f, 0x51, 0x4, 0xd0, 0x0, 0x4c, 0x0, 0x4,
    0xc0, 0x0, 0x4c, 0x0,

    /* U+0212 "Ȓ" */
    0x0, 0x9b, 0x20, 0x0, 0x26, 0x17, 0x0, 0x2f,
    0xff, 0xc2, 0x2, 0xe0, 0x2a, 0xb0, 0x2e, 0x0,
    0x4e, 0x2, 0xe0, 0x9, 0xb0, 0x2f, 0xef, 0xe2,
    0x2, 0xe1, 0x6e, 0x0, 0x2e, 0x0, 0xd6, 0x2,
    0xe0, 0x5, 0xe0,

    /* U+0213 "ȓ" */
    0xb, 0xb3, 0x34, 0x15, 0x4c, 0xba, 0x4f, 0x51,
    0x4d, 0x0, 0x4c, 0x0, 0x4c, 0x0, 0x4c, 0x0,

    /* U+0214 "Ȕ" */
    0x4, 0x65, 0x40, 0x0, 0xc, 0x4b, 0x0, 0x0,
    0x0, 0x0, 0x2, 0xe0, 0x0, 0x89, 0x2e, 0x0,
    0x8, 0x92, 0xe0, 0x0, 0x89, 0x2e, 0x0, 0x8,
    0x92, 0xe0, 0x0, 0x89, 0x1f, 0x10, 0xa, 0x80,
    0xd9, 0x25, 0xf3, 0x2, 0xbf, 0xd6, 0x0,

    /* U+0215 "ȕ" */
    0x18, 0x27, 0x0, 0x9, 0x5c, 0x10, 0x0, 0x0,
    0x0, 0x4c, 0x0, 0xc4, 0x4c, 0x0, 0xc4, 0x4c,
    0x0, 0xc4, 0x4d, 0x0, 0xd4, 0x2f, 0x34, 0xf4,
    0x9, 0xfa, 0xb4,

    /* U+0216 "Ȗ" */
    0x0, 0x3b, 0x80, 0x0, 0x8, 0x7, 0x10, 0x0,
    0x0, 0x0, 0x2, 0xe0, 0x0, 0x89, 0x2e, 0x0,
    0x8, 0x92, 0xe0, 0x0, 0x89, 0x2e, 0x0, 0x8,
    0x92, 0xe0, 0x0, 0x89, 0x1f, 0x10, 0xa, 0x80,
    0xd9, 0x25, 0xf3, 0x2, 0xbf, 0xd6, 0x0,

    /* U+0217 "ȗ" */
    0x1, 0xbb, 0x20, 0x4, 0x22, 0x40, 0x4c, 0x0,
    0xc4, 0x4c, 0x0, 0xc4, 0x4c, 0x0, 0xc4, 0x4d,
    0x0, 0xd4, 0x2f, 0x34, 0xf4, 0x9, 0xfa, 0xb4,

    /* U+0218 "Ș" */
    0x5, 0xdf, 0xb1, 0x1f, 0x52, 0xaa, 0x2f, 0x10,
    0x2, 0xa, 0xe8, 0x20, 0x0, 0x38, 0xe7, 0x23,
    0x0, 0x4d, 0x4f, 0x42, 0xab, 0x7, 0xef, 0xb2,
    0x0, 0x69, 0x0, 0x0, 0x94, 0x0,

    /* U+0219 "ș" */
    0x9, 0xec, 0x34, 0xd0, 0x46, 0x1e, 0x95, 0x0,
    0x16, 0xca, 0x39, 0x6, 0xd0, 0xae, 0xd4, 0x0,
    0xd1, 0x0, 0x1c, 0x0,

    /* U+021A "Ț" */
    0x8f, 0xff, 0xff, 0x10, 0x5, 0xd0, 0x0, 0x0,
    0x4d, 0x0, 0x0, 0x4, 0xd0, 0x0, 0x0, 0x4d,
    0x0, 0x0, 0x4, 0xd0, 0x0, 0x0, 0x4d, 0x0,
    0x0, 0x4, 0xd0, 0x0, 0x0, 0x0, 0x0, 0x0,
    0x5, 0x90, 0x0, 0x0, 0x84, 0x0, 0x0,

    /* U+021B "ț" */
    0x7, 0x0, 0x1f, 0x0, 0xdf, 0xf0, 0x1f, 0x0,
    0x1f, 0x0, 0x1f, 0x0, 0x1f, 0x10, 0x8, 0xf1,
    0x0, 0x0, 0xb, 0x30, 0xc, 0x0,

    /* U+021C "Ȝ" */
    0x7, 0xef, 0xa1, 0x3f, 0x52, 0xd8, 0x2, 0x0,
    0x8a, 0x0, 0x0, 0xd6, 0x0, 0x4c, 0xf3, 0xc,
    0xc5, 0x8a, 0x1, 0x0, 0x7c, 0x0, 0x0, 0xc8,
    0x0, 0x2b, 0xd1, 0xc, 0xe8, 0x0, 0x2, 0x0,
    0x0,

    /* U+021D "ȝ" */
    0x9, 0xfc, 0x33, 0xd1, 0x8b, 0x0, 0x8, 0xa0,
    0x18, 0xf6, 0xb, 0x87, 0xc0, 0x0, 0x6c, 0x0,
    0x3e, 0x70, 0xbe, 0x70, 0x2, 0x0, 0x0,

    /* U+021E "Ȟ" */
    0x0, 0x61, 0x52, 0x0, 0x6, 0xbc, 0x0, 0x0,
    0x7, 0x20, 0x2, 0xe0, 0x0, 0x7a, 0x2e, 0x0,
    0x7, 0xa2, 0xe0, 0x0, 0x7a, 0x2f, 0xee, 0xef,
    0xa2, 0xe1, 0x11, 0x8a, 0x2e, 0x0, 0x7, 0xa2,
    0xe0, 0x0, 0x7a, 0x2e, 0x0, 0x7, 0xa0,

    /* U+021F "ȟ" */
    0x25, 0x16, 0x0, 0x0, 0xcb, 0x50, 0x0, 0x3,
    0x60, 0x0, 0x0, 0x4c, 0x0, 0x0, 0x4, 0xc0,
    0x0, 0x0, 0x4c, 0xaf, 0x90, 0x4, 0xf4, 0x3f,
    0x20, 0x4d, 0x0, 0xc4, 0x4, 0xc0, 0xc, 0x40,
    0x4c, 0x0, 0xc4, 0x4, 0xc0, 0xc, 0x40,

    /* U+0220 "Ƞ" */
    0x6e, 0xcf, 0xb1, 0x6d, 0x32, 0xb9, 0x6c, 0x0,
    0x5d, 0x6c, 0x0, 0x5d, 0x6c, 0x0, 0x5d, 0x6c,
    0x0, 0x5d, 0x6c, 0x0, 0x5d, 0x6c, 0x0, 0x5d,
    0x0, 0x0, 0x5d, 0x0, 0x0, 0x5d,

    /* U+0221 "ȡ" */
    0x0, 0x0, 0x97, 0x0, 0x0, 0x0, 0x97, 0x0,
    0x8, 0xeb, 0xa7, 0x0, 0x3f, 0x22, 0xf7, 0x0,
    0x7a, 0x0, 0xb7, 0x0, 0x7a, 0x0, 0xb7, 0x0,
    0x3f, 0x22, 0xf7, 0x0, 0x8, 0xeb, 0xbd, 0x91,
    0x0, 0x3, 0xe9, 0xa7, 0x0, 0x7, 0x5d, 0xd3,

    /* U+0222 "Ȣ" */
    0x1a, 0x60, 0xd5, 0x7, 0xd0, 0x6, 0xe0, 0x7d,
    0x0, 0x7e, 0x0, 0xdf, 0xff, 0x50, 0x4f, 0x53,
    0xbb, 0x8, 0xb0, 0x4, 0xf0, 0x5f, 0x42, 0xac,
    0x0, 0x8e, 0xfb, 0x20,

    /* U+0223 "ȣ" */
    0x1a, 0x60, 0xc5, 0x7c, 0x0, 0x5e, 0x6e, 0x20,
    0x8d, 0xd, 0xff, 0xf4, 0x4f, 0x31, 0xab, 0x7b,
    0x0, 0x4e, 0x5f, 0x31, 0xab, 0x8, 0xef, 0xb2,

    /* U+0224 "Ȥ" */
    0x6f, 0xff, 0xfc, 0x0, 0x0, 0xc5, 0x0, 0x7,
    0xb0, 0x0, 0x2e, 0x20, 0x0, 0xb8, 0x0, 0x5,
    0xd0, 0x0, 0xe, 0x40, 0x0, 0x6f, 0xff, 0xfd,
    0x0, 0x0, 0x5c, 0x0, 0x4, 0xe6,

    /* U+0225 "ȥ" */
    0x4f, 0xff, 0xe0, 0x0, 0xc, 0x70, 0x0, 0x7b,
    0x0, 0x3, 0xe1, 0x0, 0xd, 0x60, 0x0, 0x6f,
    0xff, 0xa0, 0x0, 0x0, 0xd1, 0x0, 0x0, 0x51,

    /* U+0226 "Ȧ" */
    0x0, 0x0, 0x0, 0x0, 0x0, 0xf1, 0x0, 0x0,
    0x2, 0x0, 0x0, 0x5, 0xf5, 0x0, 0x0, 0xac,
    0xb0, 0x0, 0xf, 0x4f, 0x0, 0x4, 0xe0, 0xd5,
    0x0, 0x99, 0x8, 0xa0, 0xe, 0xfe, 0xff, 0x4,
    0xf1, 0x11, 0xe5, 0x99, 0x0, 0x8, 0xa0,

    /* U+0227 "ȧ" */
    0x0, 0xb4, 0x0, 0x3, 0x10, 0x9, 0xee, 0x42,
    0x91, 0x5d, 0x3, 0x7b, 0xf5, 0xd6, 0x4f, 0x8a,
    0x8, 0xf2, 0xbe, 0x8f,

    /* U+0228 "Ȩ" */
    0x2f, 0xff, 0xf6, 0x2e, 0x0, 0x0, 0x2e, 0x0,
    0x0, 0x2f, 0xee, 0xe2, 0x2e, 0x11, 0x10, 0x2e,
    0x0, 0x0, 0x2e, 0x0, 0x0, 0x2f, 0xff, 0xf6,
    0x0, 0x2a, 0x10, 0x0, 0x4b, 0x20,

    /* U+0229 "ȩ" */
    0x6, 0xee, 0x70, 0x3d, 0x22, 0xe3, 0x7e, 0xdd,
    0xe5, 0x7a, 0x0, 0x0, 0x3e, 0x21, 0xc1, 0x7,
    0xee, 0x70, 0x0, 0x4a, 0x0, 0x0, 0x5b, 0x0,

    /* U+022A "Ȫ" */
    0x0, 0x6b, 0xb2, 0x0, 0x0, 0x0, 0x0, 0x0,
    0x0, 0xb5, 0x96, 0x0, 0x0, 0x10, 0x10, 0x0,
    0x1, 0xae, 0xd7, 0x0, 0xb, 0xa3, 0x4e, 0x60,
    0x3e, 0x0, 0x4, 0xd0, 0x6b, 0x0, 0x0, 0xf0,
    0x6b, 0x0, 0x0, 0xf0, 0x3e, 0x0, 0x4, 0xd0,
    0xc, 0xa3, 0x4d, 0x60, 0x1, 0xae, 0xd7, 0x0,

    /* U+022B "ȫ" */
    0x3, 0xbb, 0x40, 0x0, 0x0, 0x0, 0x7, 0x76,
    0x90, 0x1, 0x11, 0x20, 0x6, 0xee, 0x70, 0x3e,
    0x22, 0xe3, 0x7a, 0x0, 0xa7, 0x7a, 0x0, 0xa8,
    0x3e, 0x22, 0xe3, 0x6, 0xee, 0x70,

    /* U+022C "Ȭ" */
    0x0, 0x6b, 0xb2, 0x0, 0x0, 0x0, 0x0, 0x0,
    0x0, 0x4b, 0xa2, 0x0, 0x0, 0x0, 0x0, 0x0,
    0x1, 0xae, 0xd7, 0x0, 0xb, 0xa3, 0x4e, 0x60,
    0x3e, 0x0, 0x4, 0xd0, 0x6b, 0x0, 0x0, 0xf0,
    0x6b, 0x0, 0x0, 0xf0, 0x3e, 0x0, 0x4, 0xd0,
    0xc, 0xa3, 0x4d, 0x60, 0x1, 0xae, 0xd7, 0x0,

    /* U+022D "ȭ" */
    0x3, 0xbb, 0x40, 0x0, 0x0, 0x0, 0x3, 0xbb,
    0x40, 0x0, 0x0, 0x0, 0x6, 0xee, 0x70, 0x3e,
    0x22, 0xe3, 0x7a, 0x0, 0xa7, 0x7a, 0x0, 0xa8,
    0x3e, 0x22, 0xe3, 0x6, 0xee, 0x70,

    /* U+022E "Ȯ" */
    0x0, 0x0, 0x0, 0x0, 0x0, 0xb, 0x60, 0x0,
    0x0, 0x2, 0x0, 0x0, 0x1, 0xae, 0xd7, 0x0,
    0xb, 0xa3, 0x4e, 0x60, 0x3e, 0x0, 0x4, 0xd0,
    0x6b, 0x0, 0x0, 0xf0, 0x6b, 0x0, 0x0, 0xf0,
    0x3e, 0x0, 0x4, 0xd0, 0xc, 0xa3, 0x4d, 0x60,
    0x1, 0xae, 0xd7, 0x0,

    /* U+022F "ȯ" */
    0x0, 0x88, 0x0, 0x0, 0x22, 0x0, 0x6, 0xee,
    0x70, 0x3e, 0x22, 0xe3, 0x7a, 0x0, 0xa7, 0x7a,
    0x0, 0xa8, 0x3e, 0x22, 0xe3, 0x6, 0xee, 0x70,

    /* U+0230 "Ȱ" */
    0x0, 0x6b, 0xb2, 0x0, 0x0, 0x0, 0x0, 0x0,
    0x0, 0xb, 0x60, 0x0, 0x0, 0x2, 0x0, 0x0,
    0x1, 0xae, 0xd7, 0x0, 0xb, 0xa3, 0x4e, 0x60,
    0x3e, 0x0, 0x4, 0xd0, 0x6b, 0x0, 0x0, 0xf0,
    0x6b, 0x0, 0x0, 0xf0, 0x3e, 0x0, 0x4, 0xd0,
    0xc, 0xa3, 0x4d, 0x60, 0x1, 0xae, 0xd7, 0x0,

    /* U+0231 "ȱ" */
    0x3, 0xbb, 0x40, 0x0, 0x0, 0x0, 0x0, 0x78,
    0x0, 0x0, 0x22, 0x0, 0x6, 0xee, 0x70, 0x3e,
    0x22, 0xe3, 0x7a, 0x0, 0xa7, 0x7a, 0x0, 0xa8,
    0x3e, 0x22, 0xe3, 0x6, 0xee, 0x70,

    /* U+0232 "Ȳ" */
    0x0, 0xcd, 0xb0, 0x0, 0x0, 0x0, 0x0, 0x7c,
    0x0, 0xd, 0x60, 0xe5, 0x6, 0xd0, 0x5, 0xd0,
    0xe5, 0x0, 0xc, 0xbc, 0x0, 0x0, 0x3f, 0x30,
    0x0, 0x0, 0xf0, 0x0, 0x0, 0xf, 0x0, 0x0,
    0x0, 0xf0, 0x0,

    /* U+0233 "ȳ" */
    0x6, 0xdd, 0x30, 0x0, 0x0, 0x0, 0x98, 0x0,
    0xc5, 0x3e, 0x2, 0xf0, 0xe, 0x37, 0xa0, 0x8,
    0x8c, 0x40, 0x2, 0xde, 0x0, 0x0, 0xd8, 0x0,
    0x1, 0xe2, 0x0, 0x3e, 0x70, 0x0,

    /* U+0234 "ȴ" */
    0x4, 0xc0, 0x0, 0x4c, 0x0, 0x4, 0xc0, 0x0,
    0x4c, 0x0, 0x4, 0xc0, 0x0, 0x4c, 0x0, 0x4,
    0xc0, 0x0, 0x4f, 0xc5, 0xc, 0xe4, 0xd2, 0x7a,
    0xe7,

    /* U+0235 "ȵ" */
    0x4c, 0xaf, 0x90, 0x0, 0x4f, 0x43, 0xf2, 0x0,
    0x4d, 0x0, 0xc4, 0x0, 0x4c, 0x0, 0xc4, 0x0,
    0x4c, 0x0, 0xc4, 0x0, 0x4c, 0x0, 0xcb, 0x70,
    0x0, 0x4, 0xf8, 0xc5, 0x0, 0x8, 0x6d, 0xc2,

    /* U+0236 "ȶ" */
    0x0, 0x70, 0x0, 0x1, 0xf0, 0x0, 0xd, 0xff,
    0x10, 0x1, 0xf0, 0x0, 0x1, 0xf0, 0x0, 0x1,
    0xfc, 0x70, 0xa, 0xf3, 0xf0, 0x19, 0x8e, 0x90,

    /* U+0237 "ȷ" */
    0x4, 0xc0, 0x4c, 0x4, 0xc0, 0x4c, 0x4, 0xc0,
    0x4c, 0x6, 0xa2, 0xd4,

    /* U+0238 "ȸ" */
    0x0, 0x0, 0xf2, 0x0, 0x0, 0x0, 0xf, 0x20,
    0x0, 0x8, 0xeb, 0xfb, 0xfa, 0x3, 0xf3, 0x4f,
    0x71, 0xd6, 0x6c, 0x0, 0xf2, 0x9, 0x96, 0xc0,
    0xf, 0x20, 0x99, 0x3f, 0x24, 0xf7, 0x1d, 0x60,
    0x8e, 0xbf, 0xbf, 0xa0,

    /* U+0239 "ȹ" */
    0x8, 0xeb, 0xea, 0xfa, 0x3, 0xf3, 0x4f, 0x71,
    0xd6, 0x6c, 0x0, 0xf2, 0x9, 0x96, 0xc0, 0xf,
    0x20, 0x99, 0x3f, 0x24, 0xf7, 0x1d, 0x60, 0x8e,
    0xbf, 0xbf, 0xa0, 0x0, 0x0, 0xf2, 0x0, 0x0,
    0x0, 0xf, 0x20, 0x0,

    /* U+023A "Ⱥ" */
    0x0, 0x0, 0x46, 0x0, 0x5, 0xfe, 0x20, 0x0,
    0xac, 0xd0, 0x0, 0xf, 0x6f, 0x0, 0x4, 0xe8,
    0xf5, 0x0, 0x99, 0xb9, 0xa0, 0xe, 0xff, 0xff,
    0x4, 0xf8, 0x51, 0xe5, 0x99, 0xb0, 0x8, 0xa0,
    0x19, 0x0, 0x0,

    /* U+023B "Ȼ" */
    0x0, 0x0, 0x48, 0x0, 0x1a, 0xef, 0x80, 0xc,
    0xb3, 0xde, 0x63, 0xe0, 0x39, 0x47, 0x6b, 0x8,
    0x40, 0x5, 0xb0, 0xc0, 0x0, 0x2e, 0x3a, 0x4,
    0x70, 0xbe, 0x75, 0xe6, 0x0, 0xef, 0xe7, 0x0,
    0x2b, 0x0, 0x0,

    /* U+023C "ȼ" */
    0x0, 0x0, 0xa0, 0x0, 0x2, 0x80, 0x6, 0xef,
    0x80, 0x3f, 0x2a, 0xd1, 0x7b, 0x28, 0x0, 0x69,
    0x73, 0x0, 0x2e, 0xa2, 0xd1, 0x7, 0xfd, 0x60,
    0x8, 0x20, 0x0, 0xa, 0x0, 0x0,

    /* U+023D "Ƚ" */
    0xf, 0x20, 0x0, 0xf, 0x20, 0x0, 0xf, 0x20,
    0x0, 0xf, 0x20, 0x0, 0xcf, 0xed, 0x0, 0xf,
    0x20, 0x0, 0xf, 0x20, 0x0, 0xf, 0xff, 0xf6,

    /* U+023E "Ⱦ" */
    0x0, 0x0, 0x0, 0x0, 0x0, 0x6, 0x40, 0x8f,
    0xff, 0xff, 0x10, 0x5, 0xf8, 0x0, 0x0, 0x4f,
    0x20, 0x0, 0x4, 0xd0, 0x0, 0x0, 0x5d, 0x0,
    0x0, 0xa, 0xd0, 0x0, 0x1, 0xed, 0x0, 0x0,
    0x69, 0xd0, 0x0, 0xa, 0x0, 0x0, 0x0,

    /* U+023F "ȿ" */
    0x9, 0xec, 0x34, 0xd0, 0x46, 0x1e, 0x95, 0x0,
    0x16, 0xca, 0x49, 0x6, 0xd1, 0xff, 0xd4, 0x7,
    0x71, 0x0, 0xa, 0xd1,

    /* U+0240 "ɀ" */
    0x4f, 0xff, 0xe0, 0x0, 0x0, 0xc7, 0x0, 0x0,
    0x7b, 0x0, 0x0, 0x3e, 0x10, 0x0, 0xd, 0x50,
    0x0, 0x6, 0xff, 0x90, 0x0, 0x0, 0xb, 0x80,
    0x0, 0x0, 0xb, 0xd0,

    /* U+0241 "Ɂ" */
    0xa, 0xfc, 0x20, 0x6d, 0x39, 0xc0, 0x22, 0x3,
    0xf0, 0x0, 0x1, 0xf1, 0x0, 0x4, 0xe0, 0x0,
    0x7d, 0x80, 0x0, 0xe8, 0x0, 0x0, 0xe4, 0x0,

    /* U+0242 "ɂ" */
    0x8, 0xed, 0x32, 0xf3, 0x9b, 0x14, 0x5, 0xc0,
    0x5, 0xd6, 0x0, 0xc7, 0x0, 0xc, 0x60,

    /* U+0243 "Ƀ" */
    0x1f, 0xff, 0xd3, 0x1, 0xf0, 0x19, 0xc0, 0x1f,
    0x0, 0x89, 0x1, 0xfe, 0xfe, 0x20, 0x1f, 0x0,
    0x7c, 0xa, 0xfa, 0x30, 0xf1, 0x1f, 0x1, 0x7f,
    0x1, 0xff, 0xfd, 0x40,

    /* U+0244 "Ʉ" */
    0x2, 0xf0, 0x0, 0x7a, 0x0, 0x2f, 0x0, 0x7,
    0xa0, 0x2, 0xf0, 0x0, 0x7a, 0x0, 0xcf, 0xbb,
    0xbd, 0xe5, 0x2, 0xf0, 0x0, 0x7a, 0x0, 0xf,
    0x20, 0xa, 0x90, 0x0, 0xca, 0x24, 0xf4, 0x0,
    0x1, 0xbf, 0xd6, 0x0,

    /* U+0245 "Ʌ" */
    0x0, 0x1f, 0x60, 0x0, 0x6, 0xfb, 0x0, 0x0,
    0xb8, 0xf1, 0x0, 0xf, 0x2c, 0x60, 0x5, 0xd0,
    0x7b, 0x0, 0xa9, 0x3, 0xf1, 0xf, 0x40, 0xe,
    0x55, 0xf0, 0x0, 0x9b,

    /* U+0246 "Ɇ" */
    0x0, 0x0, 0xc0, 0x2f, 0xff, 0xf6, 0x2e, 0x7,
    0x50, 0x2e, 0xb, 0x0, 0x2f, 0xef, 0xe2, 0x2e,
    0x68, 0x10, 0x2e, 0x83, 0x0, 0x2e, 0xc1, 0x0,
    0x2f, 0xff, 0xf6, 0x4, 0x80, 0x0,

    /* U+0247 "ɇ" */
    0x0, 0x0, 0xb0, 0x0, 0x2, 0x80, 0x6, 0xef,
    0x80, 0x3d, 0x29, 0xd2, 0x7e, 0xee, 0xe5, 0x6b,
    0xb0, 0x0, 0x3f, 0xb1, 0xc1, 0x8, 0xfd, 0x70,
    0xa, 0x10, 0x0, 0x1a, 0x0, 0x0,

    /* U+0248 "Ɉ" */
    0x0, 0x2, 0xf0, 0x0, 0x0, 0x2f, 0x0, 0x0,
    0x2, 0xf0, 0x0, 0x2, 0xbf, 0xa0, 0x0, 0x2,
    0xf0, 0x6, 0x60, 0x2f, 0x0, 0x6d, 0x28, 0xc0,
    0x0, 0xaf, 0xd3, 0x0,

    /* U+0249 "ɉ" */
    0x4, 0xc0, 0x0, 0x30, 0x4, 0xc0, 0x4, 0xc0,
    0x4d, 0xfb, 0x4, 0xc0, 0x4, 0xc0, 0x4, 0xc0,
    0x6, 0xb0, 0x2d, 0x40,

    /* U+024A "Ɋ" */
    0x1, 0xae, 0xc5, 0xd0, 0xc, 0x80, 0x3d, 0xd0,
    0x3e, 0x0, 0x6, 0xd0, 0x6b, 0x0, 0x3, 0xd0,
    0x6b, 0x0, 0x3, 0xd0, 0x3e, 0x0, 0x7, 0xd0,
    0xc, 0xa3, 0x5d, 0xd0, 0x1, 0xbe, 0xb5, 0xd0,
    0x0, 0x0, 0x2, 0xe0, 0x0, 0x0, 0x0, 0xbd,

    /* U+024B "ɋ" */
    0x7, 0xeb, 0xb7, 0x3, 0xe1, 0x1f, 0x70, 0x7a,
    0x0, 0xb7, 0x7, 0xb0, 0xb, 0x70, 0x3f, 0x22,
    0xf7, 0x0, 0x8e, 0xba, 0x70, 0x0, 0x0, 0x98,
    0x0, 0x0, 0x3, 0xd7,

    /* U+024C "Ɍ" */
    0x1f, 0xff, 0xc3, 0x1, 0xf0, 0x19, 0xd0, 0x1f,
    0x0, 0x2f, 0x1, 0xf0, 0x7, 0xd0, 0xdf, 0xef,
    0xe3, 0x2, 0xf1, 0x4f, 0x10, 0x1f, 0x0, 0xb8,
    0x1, 0xf0, 0x3, 0xf1,

    /* U+024D "ɍ" */
    0x4, 0xcb, 0xa0, 0x4f, 0x61, 0x4, 0xd0, 0x4,
    0xdf, 0xb0, 0x4, 0xc0, 0x0, 0x4c, 0x0,

    /* U+024E "Ɏ" */
    0x8b, 0x0, 0xc, 0x81, 0xf2, 0x2, 0xf1, 0xae,
    0xea, 0xed, 0x80, 0x1e, 0x5e, 0x10, 0x0, 0x6f,
    0x60, 0x0, 0x1, 0xf0, 0x0, 0x0, 0xf, 0x0,
    0x0, 0x0, 0xf0, 0x0,

    /* U+024F "ɏ" */
    0x8a, 0x0, 0xd4, 0x8f, 0xcd, 0xf4, 0xb, 0x6a,
    0x60, 0x5, 0xae, 0x10, 0x1, 0xec, 0x0, 0x0,
    0xc7, 0x0, 0x3, 0xe1, 0x0, 0x3e, 0x70, 0x0,

    /* U+F001 "" */
    0x0, 0x0, 0x0, 0x4, 0x9c, 0x10, 0x0, 0x16,
    0xbf, 0xff, 0xf2, 0x0, 0x3f, 0xff, 0xff, 0xff,
    0x20, 0x5, 0xff, 0xd9, 0x41, 0xf2, 0x0, 0x5f,
    0x20, 0x0, 0x1f, 0x20, 0x5, 0xe0, 0x0, 0x1,
    0xf2, 0x0, 0x5e, 0x0, 0x7, 0x9f, 0x20, 0x48,
    0xe0, 0x7, 0xff, 0xf2, 0xaf, 0xfe, 0x0, 0x2b,
    0xd8, 0x7, 0xff, 0x90, 0x0, 0x0, 0x0, 0x1,
    0x10, 0x0, 0x0, 0x0, 0x0,

    /* U+F008 "" */
    0x41, 0x88, 0x88, 0x88, 0x14, 0xeb, 0xe7, 0x77,
    0x7e, 0xbe, 0xa2, 0xd0, 0x0, 0xd, 0x2a, 0xeb,
    0xe3, 0x33, 0x3e, 0xbe, 0xb4, 0xfb, 0xbb, 0xbf,
    0x4b, 0xd9, 0xd0, 0x0, 0xd, 0x9d, 0xb5, 0xd0,
    0x0, 0xd, 0x5b, 0xb7, 0xff, 0xff, 0xff, 0x7b,

    /* U+F00B "" */
    0x0, 0x0, 0x0, 0x0, 0x0, 0xff, 0xd6, 0xff,
    0xff, 0xff, 0xff, 0xe7, 0xff, 0xff, 0xff, 0x67,
    0x52, 0x77, 0x77, 0x76, 0xef, 0xc6, 0xff, 0xff,
    0xfe, 0xff, 0xe7, 0xff, 0xff, 0xff, 0x67, 0x52,
    0x77, 0x77, 0x76, 0xef, 0xc6, 0xff, 0xff, 0xfe,
    0xff, 0xe7, 0xff, 0xff, 0xff, 0x78, 0x63, 0x88,
    0x88, 0x87,

    /* U+F00C "" */
    0x0, 0x0, 0x0, 0x0, 0x41, 0x0, 0x0, 0x0,
    0x6, 0xfd, 0x0, 0x0, 0x0, 0x6f, 0xf7, 0x7c,
    0x10, 0x6, 0xff, 0x70, 0xdf, 0xc1, 0x6f, 0xf7,
    0x0, 0x1d, 0xfe, 0xff, 0x70, 0x0, 0x1, 0xdf,
    0xf7, 0x0, 0x0, 0x0, 0x1c, 0x60, 0x0, 0x0,

    /* U+F00D "" */
    0x0, 0x0, 0x0, 0xc, 0xd1, 0x2, 0xea, 0xaf,
    0xd4, 0xef, 0x80, 0xaf, 0xff, 0x80, 0x2, 0xff,
    0xf1, 0x2, 0xef, 0xdf, 0xd1, 0xdf, 0x80, 0xaf,
    0xb6, 0x70, 0x0, 0x85,

    /* U+F011 "" */
    0x0, 0x0, 0xa6, 0x0, 0x0, 0x2, 0xa0, 0xea,
    0x29, 0x0, 0xe, 0xe1, 0xea, 0x5f, 0xa0, 0x7f,
    0x40, 0xea, 0x8, 0xf3, 0xbd, 0x0, 0xea, 0x1,
    0xf7, 0xcc, 0x0, 0xb7, 0x0, 0xf8, 0xaf, 0x0,
    0x0, 0x4, 0xf6, 0x4f, 0xa0, 0x0, 0x1d, 0xf1,
    0x9, 0xfd, 0x89, 0xef, 0x50, 0x0, 0x6d, 0xff,
    0xc4, 0x0, 0x0, 0x0, 0x0, 0x0, 0x0,

    /* U+F013 "" */
    0x0, 0x1, 0x88, 0x10, 0x0, 0x0, 0x5, 0xff,
    0x40, 0x0, 0x1e, 0xcf, 0xff, 0xfc, 0xd0, 0x7f,
    0xff, 0xdd, 0xff, 0xf7, 0x2d, 0xfa, 0x0, 0xbf,
    0xd1, 0xb, 0xf7, 0x0, 0x8f, 0xa0, 0x6f, 0xfe,
    0x55, 0xef, 0xf6, 0x4f, 0xff, 0xff, 0xff, 0xf3,
    0x6, 0x3a, 0xff, 0xa3, 0x60, 0x0, 0x3, 0xff,
    0x30, 0x0, 0x0, 0x0, 0x0, 0x0, 0x0,

    /* U+F015 "" */
    0x0, 0x0, 0x0, 0x0, 0x0, 0x0, 0x0, 0x0,
    0x6f, 0x90, 0xf8, 0x0, 0x0, 0x9, 0xf8, 0xec,
    0xf8, 0x0, 0x1, 0xbe, 0x5a, 0x5c, 0xf8, 0x0,
    0x2d, 0xd5, 0xef, 0xf6, 0xaf, 0x50, 0xda, 0x6f,
    0xff, 0xff, 0x87, 0xf1, 0x11, 0xff, 0xff, 0xff,
    0xf5, 0x10, 0x2, 0xff, 0xc3, 0x9f, 0xf6, 0x0,
    0x2, 0xff, 0xb0, 0x7f, 0xf6, 0x0, 0x1, 0xbb,
    0x70, 0x4b, 0xb3, 0x0,

    /* U+F019 "" */
    0x0, 0x0, 0x88, 0x20, 0x0, 0x0, 0x1, 0xff,
    0x60, 0x0, 0x0, 0x1, 0xff, 0x60, 0x0, 0x0,
    0x1, 0xff, 0x60, 0x0, 0x1, 0xff, 0xff, 0xff,
    0x60, 0x0, 0x5f, 0xff, 0xfa, 0x0, 0x0, 0x5,
    0xff, 0xb0, 0x0, 0x8b, 0xb9, 0x8b, 0x8b, 0xb9,
    0xdf, 0xff, 0xff, 0xfe, 0xdf, 0xcf, 0xff, 0xff,
    0xfc, 0xbe, 0x0, 0x0, 0x0, 0x0, 0x0,

    /* U+F01C "" */
    0x0, 0x24, 0x44, 0x44, 0x30, 0x0, 0x1, 0xef,
    0xff, 0xff, 0xf4, 0x0, 0xb, 0xc0, 0x0, 0x0,
    0x8e, 0x10, 0x6e, 0x10, 0x0, 0x0, 0xc, 0xa0,
    0xee, 0xcb, 0x10, 0xa, 0xcd, 0xf2, 0xff, 0xff,
    0xb8, 0x9f, 0xff, 0xf4, 0xff, 0xff, 0xff, 0xff,
    0xff, 0xf4, 0xcf, 0xff, 0xff, 0xff, 0xff, 0xe1,

    /* U+F021 "" */
    0x0, 0x4, 0x87, 0x30, 0x5f, 0x2, 0xdf, 0xfe,
    0xfc, 0x7f, 0x1e, 0xd3, 0x0, 0x3c, 0xff, 0x9f,
    0x10, 0x5, 0xfe, 0xff, 0x44, 0x0, 0x2, 0x66,
    0x66, 0x12, 0x22, 0x0, 0x0, 0x11, 0xff, 0xff,
    0x50, 0x0, 0xda, 0xff, 0xa3, 0x10, 0x8, 0xf4,
    0xfc, 0xfb, 0x66, 0xbf, 0x80, 0xf5, 0x4c, 0xff,
    0xd5, 0x0, 0x31, 0x0, 0x0, 0x0, 0x0,

    /* U+F026 "" */
    0x0, 0x0, 0x70, 0x0, 0xbf, 0xab, 0xdf, 0xff,
    0xff, 0xff, 0xff, 0xff, 0xff, 0xff, 0xff, 0x0,
    0x3e, 0xf0, 0x0, 0x2c,

    /* U+F027 "" */
    0x0, 0x0, 0x70, 0x0, 0x0, 0xb, 0xf0, 0x0,
    0xab, 0xdf, 0xf0, 0x20, 0xff, 0xff, 0xf0, 0xa6,
    0xff, 0xff, 0xf0, 0x59, 0xff, 0xff, 0xf0, 0x92,
    0x0, 0x3e, 0xf0, 0x0, 0x0, 0x2, 0xc0, 0x0,

    /* U+F028 "" */
    0x0, 0x0, 0x0, 0x0, 0x40, 0x0, 0x0, 0x0,
    0x70, 0x0, 0xaa, 0x0, 0x0, 0xb, 0xf0, 0xa,
    0x4a, 0x70, 0xab, 0xdf, 0xf0, 0x23, 0xe2, 0xe0,
    0xff, 0xff, 0xf0, 0xa6, 0x95, 0xc2, 0xff, 0xff,
    0xf0, 0x59, 0x76, 0xc3, 0xff, 0xff, 0xf0, 0x92,
    0xc3, 0xe1, 0x0, 0x3e, 0xf0, 0x9, 0xa6, 0xb0,
    0x0, 0x2, 0xc0, 0x3, 0x3e, 0x20, 0x0, 0x0,
    0x0, 0x0, 0xc3, 0x0,

    /* U+F03E "" */
    0x24, 0x44, 0x44, 0x44, 0x42, 0xff, 0xef, 0xff,
    0xff, 0xff, 0xf3, 0xd, 0xff, 0xef, 0xff, 0xf8,
    0x4e, 0xfe, 0x25, 0xff, 0xff, 0x9d, 0xe2, 0x0,
    0x6f, 0xf9, 0x1, 0x20, 0x0, 0x4f, 0xf7, 0x44,
    0x44, 0x44, 0x7f, 0xcf, 0xff, 0xff, 0xff, 0xfc,

    /* U+F043 "" */
    0x0, 0x1a, 0x0, 0x0, 0x7, 0xf5, 0x0, 0x0,
    0xef, 0xc0, 0x0, 0x8f, 0xff, 0x60, 0x3f, 0xff,
    0xff, 0x1b, 0xff, 0xff, 0xf9, 0xfb, 0xff, 0xff,
    0xdd, 0x6e, 0xff, 0xfc, 0x7e, 0x59, 0xff, 0x60,
    0x9f, 0xff, 0x80, 0x0, 0x13, 0x10, 0x0,

    /* U+F048 "" */
    0x0, 0x0, 0x0, 0xe, 0x70, 0x3, 0xe4, 0xe7,
    0x4, 0xff, 0x5e, 0x75, 0xff, 0xf5, 0xec, 0xff,
    0xff, 0x5e, 0xff, 0xff, 0xf5, 0xea, 0xef, 0xff,
    0x5e, 0x71, 0xdf, 0xf5, 0xe7, 0x1, 0xcf, 0x59,
    0x50, 0x0, 0x92,

    /* U+F04B "" */
    0x88, 0x0, 0x0, 0x0, 0xf, 0xfe, 0x50, 0x0,
    0x0, 0xff, 0xff, 0xc3, 0x0, 0xf, 0xff, 0xff,
    0xf9, 0x10, 0xff, 0xff, 0xff, 0xfe, 0x5f, 0xff,
    0xff, 0xff, 0xfa, 0xff, 0xff, 0xff, 0xf8, 0xf,
    0xff, 0xff, 0xb2, 0x0, 0xff, 0xfd, 0x40, 0x0,
    0xe, 0xf7, 0x0, 0x0, 0x0, 0x11, 0x0, 0x0,
    0x0, 0x0,

    /* U+F04C "" */
    0x0, 0x0, 0x0, 0x0, 0xd, 0xff, 0x90, 0xdf,
    0xf9, 0xff, 0xfc, 0xf, 0xff, 0xcf, 0xff, 0xc0,
    0xff, 0xfc, 0xff, 0xfc, 0xf, 0xff, 0xcf, 0xff,
    0xc0, 0xff, 0xfc, 0xff, 0xfc, 0xf, 0xff, 0xcf,
    0xff, 0xc0, 0xff, 0xfc, 0xff, 0xfb, 0xf, 0xff,
    0xb8, 0xbb, 0x50, 0x8b, 0xb5,

    /* U+F04D "" */
    0x0, 0x0, 0x0, 0x0, 0xd, 0xff, 0xff, 0xff,
    0xf9, 0xff, 0xff, 0xff, 0xff, 0xcf, 0xff, 0xff,
    0xff, 0xfc, 0xff, 0xff, 0xff, 0xff, 0xcf, 0xff,
    0xff, 0xff, 0xfc, 0xff, 0xff, 0xff, 0xff, 0xcf,
    0xff, 0xff, 0xff, 0xfc, 0xff, 0xff, 0xff, 0xff,
    0xb8, 0xbb, 0xbb, 0xbb, 0xb5,

    /* U+F051 "" */
    0x0, 0x0, 0x0, 0xb, 0xa0, 0x0, 0xe7, 0xcf,
    0xb0, 0xe, 0x7c, 0xff, 0xc1, 0xe7, 0xcf, 0xff,
    0xdf, 0x7c, 0xff, 0xff, 0xf7, 0xcf, 0xff, 0x9e,
    0x7c, 0xff, 0x70, 0xe7, 0xcf, 0x60, 0xe, 0x77,
    0x50, 0x0, 0x95,

    /* U+F052 "" */
    0x0, 0x0, 0x2, 0x0, 0x0, 0x0, 0x0, 0xaf,
    0x60, 0x0, 0x0, 0x9, 0xff, 0xf5, 0x0, 0x0,
    0x8f, 0xff, 0xff, 0x40, 0x6, 0xff, 0xff, 0xff,
    0xf3, 0xe, 0xff, 0xff, 0xff, 0xfa, 0x3, 0x66,
    0x66, 0x66, 0x62, 0xd, 0xff, 0xff, 0xff, 0xf9,
    0xf, 0xff, 0xff, 0xff, 0xfb, 0x6, 0x88, 0x88,
    0x88, 0x84,

    /* U+F053 "" */
    0x0, 0x0, 0x0, 0x0, 0x1, 0xc7, 0x0, 0x1d,
    0xf5, 0x1, 0xdf, 0x50, 0x1d, 0xf5, 0x0, 0x4f,
    0xd0, 0x0, 0x6, 0xfc, 0x0, 0x0, 0x6f, 0xc0,
    0x0, 0x6, 0xf9, 0x0, 0x0, 0x51,

    /* U+F054 "" */
    0x0, 0x0, 0x0, 0x3e, 0x30, 0x0, 0x2e, 0xf3,
    0x0, 0x2, 0xef, 0x30, 0x0, 0x2e, 0xe3, 0x0,
    0x9, 0xf8, 0x0, 0x8f, 0xa0, 0x8, 0xfa, 0x0,
    0x5f, 0xa0, 0x0, 0x6, 0x0, 0x0,

    /* U+F067 "" */
    0x0, 0x0, 0x10, 0x0, 0x0, 0x0, 0x8f, 0x40,
    0x0, 0x0, 0x9, 0xf5, 0x0, 0x0, 0x0, 0x9f,
    0x50, 0x0, 0x9b, 0xbd, 0xfc, 0xbb, 0x6f, 0xff,
    0xff, 0xff, 0xfb, 0x13, 0x3a, 0xf7, 0x33, 0x10,
    0x0, 0x9f, 0x50, 0x0, 0x0, 0x9, 0xf5, 0x0,
    0x0, 0x0, 0x39, 0x10, 0x0,

    /* U+F068 "" */
    0xbd, 0xdd, 0xdd, 0xdd, 0x8e, 0xff, 0xff, 0xff,
    0xfa, 0x0, 0x0, 0x0, 0x0, 0x0,

    /* U+F06E "" */
    0x0, 0x4, 0x8a, 0x95, 0x0, 0x0, 0x1, 0xcf,
    0x84, 0x6e, 0xe3, 0x0, 0x1e, 0xf5, 0x8, 0x72,
    0xff, 0x40, 0xbf, 0xe0, 0x2d, 0xf5, 0xbf, 0xe0,
    0xdf, 0xe3, 0xff, 0xf6, 0xaf, 0xf1, 0x4f, 0xf3,
    0xaf, 0xd1, 0xef, 0x70, 0x5, 0xfd, 0x31, 0x2b,
    0xf7, 0x0, 0x0, 0x19, 0xdf, 0xea, 0x30, 0x0,

    /* U+F070 "" */
    0xb6, 0x0, 0x0, 0x0, 0x0, 0x0, 0x6, 0xfa,
    0x16, 0xaa, 0x83, 0x0, 0x0, 0x3, 0xef, 0xe6,
    0x49, 0xfb, 0x0, 0x0, 0x1, 0xbe, 0x49, 0x28,
    0xfd, 0x0, 0x1d, 0x40, 0x8f, 0xfe, 0x1f, 0xf9,
    0x4, 0xff, 0x50, 0x5f, 0xf1, 0xff, 0xb0, 0xa,
    0xfc, 0x0, 0x2d, 0xdf, 0xf2, 0x0, 0xa, 0xfa,
    0x10, 0x1b, 0xf7, 0x0, 0x0, 0x4, 0xbe, 0xe4,
    0x8, 0xf7, 0x0, 0x0, 0x0, 0x0, 0x0, 0x4,
    0xf5, 0x0, 0x0, 0x0, 0x0, 0x0, 0x1, 0x0,

    /* U+F071 "" */
    0x0, 0x0, 0x2, 0xe6, 0x0, 0x0, 0x0, 0x0,
    0x0, 0xbf, 0xe1, 0x0, 0x0, 0x0, 0x0, 0x4f,
    0xff, 0x90, 0x0, 0x0, 0x0, 0xd, 0xe7, 0xcf,
    0x20, 0x0, 0x0, 0x7, 0xfc, 0x8, 0xfb, 0x0,
    0x0, 0x1, 0xef, 0xd0, 0x9f, 0xf4, 0x0, 0x0,
    0x9f, 0xff, 0x5c, 0xff, 0xd0, 0x0, 0x2f, 0xff,
    0xe1, 0xaf, 0xff, 0x60, 0xb, 0xff, 0xfe, 0x2b,
    0xff, 0xfe, 0x0, 0xef, 0xff, 0xff, 0xff, 0xff,
    0xf2, 0x1, 0x33, 0x33, 0x33, 0x33, 0x32, 0x0,

    /* U+F074 "" */
    0x0, 0x0, 0x0, 0x0, 0x0, 0x0, 0x0, 0x0,
    0x7, 0xc1, 0xef, 0xd1, 0x3, 0xef, 0xfc, 0x99,
    0xfb, 0x2e, 0xec, 0xf8, 0x0, 0x54, 0xde, 0x25,
    0x70, 0x0, 0xc, 0xf4, 0x1, 0x10, 0x0, 0xbf,
    0x5c, 0x78, 0xd1, 0xff, 0xf6, 0xa, 0xff, 0xfd,
    0x78, 0x60, 0x0, 0x7c, 0xf6, 0x0, 0x0, 0x0,
    0x5, 0x60,

    /* U+F077 "" */
    0x0, 0x0, 0x30, 0x0, 0x0, 0x0, 0xaf, 0x60,
    0x0, 0x0, 0xaf, 0xef, 0x60, 0x0, 0xaf, 0x90,
    0xcf, 0x60, 0x9f, 0x80, 0x0, 0xcf, 0x57, 0x80,
    0x0, 0x0, 0xa4,

    /* U+F078 "" */
    0x11, 0x0, 0x0, 0x2, 0xc, 0xe2, 0x0, 0x5,
    0xf8, 0x3f, 0xe2, 0x5, 0xfd, 0x10, 0x3f, 0xe7,
    0xfd, 0x10, 0x0, 0x3f, 0xfd, 0x10, 0x0, 0x0,
    0x3b, 0x10, 0x0,

    /* U+F079 "" */
    0x0, 0x80, 0x0, 0x0, 0x0, 0x0, 0x0, 0xcf,
    0xc3, 0xff, 0xff, 0xf5, 0x0, 0xbe, 0xfe, 0xb3,
    0x44, 0x4e, 0x60, 0x4, 0x3f, 0x34, 0x0, 0x0,
    0xd6, 0x0, 0x2, 0xf2, 0x0, 0x0, 0xd, 0x60,
    0x0, 0x2f, 0x20, 0x0, 0x8c, 0xea, 0xf1, 0x1,
    0xff, 0xff, 0xf7, 0xdf, 0xf7, 0x0, 0x4, 0x44,
    0x44, 0x11, 0xc7, 0x0,

    /* U+F07B "" */
    0x58, 0x88, 0x20, 0x0, 0x0, 0xff, 0xff, 0xe4,
    0x44, 0x41, 0xff, 0xff, 0xff, 0xff, 0xfe, 0xff,
    0xff, 0xff, 0xff, 0xff, 0xff, 0xff, 0xff, 0xff,
    0xff, 0xff, 0xff, 0xff, 0xff, 0xff, 0xff, 0xff,
    0xff, 0xff, 0xff, 0xcf, 0xff, 0xff, 0xff, 0xfc,

    /* U+F093 "" */
    0x0, 0x0, 0x33, 0x0, 0x0, 0x0, 0x3, 0xff,
    0x40, 0x0, 0x0, 0x3f, 0xff, 0xf4, 0x0, 0x2,
    0xff, 0xff, 0xff, 0x20, 0x0, 0x36, 0xff, 0x63,
    0x0, 0x0, 0x4, 0xff, 0x40, 0x0, 0x0, 0x4,
    0xff, 0x40, 0x0, 0x9a, 0xa5, 0xff, 0x5a, 0xa9,
    0xff, 0xff, 0xdd, 0xfe, 0xdf, 0xff, 0xff, 0xff,
    0xfc, 0xbe, 0x0, 0x0, 0x0, 0x0, 0x0,

    /* U+F095 "" */
    0x0, 0x0, 0x0, 0x0, 0xa8, 0x40, 0x0, 0x0,
    0x0, 0x5f, 0xff, 0x0, 0x0, 0x0, 0xc, 0xff,
    0xe0, 0x0, 0x0, 0x0, 0x6f, 0xfa, 0x0, 0x0,
    0x0, 0x0, 0xcf, 0x50, 0x0, 0x0, 0x0, 0x5f,
    0xd0, 0x0, 0x39, 0x10, 0x4f, 0xf4, 0x0, 0xbf,
    0xfc, 0x9f, 0xf6, 0x0, 0xd, 0xff, 0xff, 0xe4,
    0x0, 0x0, 0x9f, 0xfd, 0x81, 0x0, 0x0, 0x1,
    0x31, 0x0, 0x0, 0x0, 0x0,

    /* U+F0C2 "" */
    0x0, 0x0, 0x12, 0x0, 0x0, 0x0, 0x0, 0x1,
    0xcf, 0xfc, 0x10, 0x0, 0x0, 0x0, 0xbf, 0xff,
    0xfd, 0xeb, 0x10, 0x0, 0xf, 0xff, 0xff, 0xff,
    0xf8, 0x0, 0x1b, 0xff, 0xff, 0xff, 0xff, 0xb0,
    0xa, 0xff, 0xff, 0xff, 0xff, 0xff, 0xd0, 0xff,
    0xff, 0xff, 0xff, 0xff, 0xff, 0x6d, 0xff, 0xff,
    0xff, 0xff, 0xff, 0xf6, 0x5f, 0xff, 0xff, 0xff,
    0xff, 0xfe, 0x10, 0x37, 0x88, 0x88, 0x88, 0x87,
    0x10,

    /* U+F0C4 "" */
    0x0, 0x0, 0x0, 0x0, 0x6, 0xfe, 0x30, 0x5,
    0xc6, 0xe7, 0xbb, 0x5, 0xff, 0x4d, 0xbd, 0xb4,
    0xff, 0x40, 0x3c, 0xff, 0xff, 0x40, 0x0, 0x8,
    0xff, 0xb0, 0x0, 0x6f, 0xff, 0xdf, 0x80, 0xe,
    0x7b, 0xb2, 0xef, 0x80, 0xdb, 0xd9, 0x2, 0xef,
    0x73, 0xca, 0x10, 0x2, 0x72,

    /* U+F0C5 "" */
    0x0, 0x5d, 0xdd, 0x48, 0x0, 0x8, 0xff, 0xf6,
    0xf8, 0xcc, 0x8f, 0xff, 0x84, 0x3f, 0xe8, 0xff,
    0xff, 0xfc, 0xfe, 0x8f, 0xff, 0xff, 0xcf, 0xe8,
    0xff, 0xff, 0xfc, 0xfe, 0x8f, 0xff, 0xff, 0xcf,
    0xe7, 0xff, 0xff, 0xfc, 0xff, 0x46, 0x66, 0x66,
    0x3f, 0xff, 0xff, 0xf4, 0x0, 0x34, 0x44, 0x43,
    0x0, 0x0,

    /* U+F0C7 "" */
    0x2, 0x22, 0x22, 0x0, 0xe, 0xff, 0xff, 0xfe,
    0x20, 0xf5, 0x22, 0x22, 0xfe, 0x1f, 0x40, 0x0,
    0xe, 0xf8, 0xf7, 0x44, 0x44, 0xff, 0x9f, 0xff,
    0xff, 0xff, 0xf9, 0xff, 0xf6, 0xc, 0xff, 0x9f,
    0xff, 0x20, 0x9f, 0xf9, 0xff, 0xfc, 0x7f, 0xff,
    0x9a, 0xdd, 0xdd, 0xdd, 0xd4,

    /* U+F0C9 "" */
    0x67, 0x77, 0x77, 0x77, 0x4e, 0xff, 0xff, 0xff,
    0xfb, 0x0, 0x0, 0x0, 0x0, 0x6, 0x77, 0x77,
    0x77, 0x74, 0xef, 0xff, 0xff, 0xff, 0xb0, 0x0,
    0x0, 0x0, 0x0, 0x45, 0x55, 0x55, 0x55, 0x3f,
    0xff, 0xff, 0xff, 0xfb, 0x11, 0x11, 0x11, 0x11,
    0x0,

    /* U+F0E0 "" */
    0x58, 0x88, 0x88, 0x88, 0x84, 0xff, 0xff, 0xff,
    0xff, 0xff, 0x6f, 0xff, 0xff, 0xff, 0xf6, 0xc5,
    0xdf, 0xff, 0xfd, 0x5c, 0xfe, 0x6a, 0xff, 0xa5,
    0xef, 0xff, 0xf9, 0x55, 0x9f, 0xff, 0xff, 0xff,
    0xff, 0xff, 0xff, 0xcf, 0xff, 0xff, 0xff, 0xfc,

    /* U+F0E7 "" */
    0x3, 0xaa, 0xa2, 0x0, 0x7, 0xff, 0xf2, 0x0,
    0x9, 0xff, 0xd0, 0x0, 0xb, 0xff, 0xd8, 0x81,
    0xe, 0xff, 0xff, 0xe1, 0xe, 0xff, 0xff, 0x60,
    0x0, 0x5, 0xfd, 0x0, 0x0, 0x9, 0xf4, 0x0,
    0x0, 0xd, 0xa0, 0x0, 0x0, 0xf, 0x20, 0x0,
    0x0, 0x2, 0x0, 0x0,

    /* U+F0EA "" */
    0x1, 0x79, 0x11, 0x0, 0xf, 0xfc, 0x9f, 0xf4,
    0x0, 0xff, 0xfd, 0xcc, 0x30, 0xf, 0xfa, 0x79,
    0x93, 0x40, 0xff, 0x8e, 0xff, 0x6f, 0x5f, 0xf8,
    0xef, 0xf7, 0x64, 0xff, 0x8e, 0xff, 0xff, 0xcf,
    0xf8, 0xef, 0xff, 0xfc, 0x46, 0x3e, 0xff, 0xff,
    0xc0, 0x0, 0xdf, 0xff, 0xfc, 0x0, 0x2, 0x44,
    0x44, 0x20,

    /* U+F0F3 "" */
    0x0, 0x1, 0x90, 0x0, 0x0, 0x2, 0xaf, 0x81,
    0x0, 0x2, 0xff, 0xff, 0xd0, 0x0, 0x9f, 0xff,
    0xff, 0x50, 0xc, 0xff, 0xff, 0xf8, 0x0, 0xef,
    0xff, 0xff, 0xa0, 0x3f, 0xff, 0xff, 0xfe, 0xd,
    0xff, 0xff, 0xff, 0xf9, 0x46, 0x66, 0x66, 0x66,
    0x20, 0x0, 0xbf, 0x70, 0x0, 0x0, 0x0, 0x30,
    0x0, 0x0,

    /* U+F11C "" */
    0x24, 0x44, 0x44, 0x44, 0x44, 0x30, 0xff, 0xff,
    0xff, 0xff, 0xff, 0xf3, 0xf4, 0xa0, 0xa0, 0xb0,
    0xb0, 0xf4, 0xff, 0xbe, 0xae, 0xae, 0xaf, 0xf4,
    0xff, 0x3a, 0xa, 0xa, 0xf, 0xf4, 0xfb, 0xea,
    0xaa, 0xaa, 0xea, 0xf4, 0xf7, 0xb4, 0x44, 0x44,
    0xc4, 0xf4, 0xcf, 0xff, 0xff, 0xff, 0xff, 0xe1,

    /* U+F124 "" */
    0x0, 0x0, 0x0, 0x0, 0x29, 0x70, 0x0, 0x0,
    0x0, 0x3a, 0xff, 0xe0, 0x0, 0x0, 0x4b, 0xff,
    0xff, 0x70, 0x0, 0x5d, 0xff, 0xff, 0xff, 0x10,
    0xc, 0xff, 0xff, 0xff, 0xf9, 0x0, 0xa, 0xee,
    0xef, 0xff, 0xf2, 0x0, 0x0, 0x0, 0xa, 0xff,
    0xa0, 0x0, 0x0, 0x0, 0xa, 0xff, 0x30, 0x0,
    0x0, 0x0, 0xa, 0xfb, 0x0, 0x0, 0x0, 0x0,
    0x8, 0xf4, 0x0, 0x0, 0x0, 0x0, 0x0, 0x20,
    0x0, 0x0,

    /* U+F15B "" */
    0xef, 0xff, 0x5b, 0x0, 0xff, 0xff, 0x6f, 0xb0,
    0xff, 0xff, 0x68, 0x83, 0xff, 0xff, 0xfd, 0xd6,
    0xff, 0xff, 0xff, 0xf8, 0xff, 0xff, 0xff, 0xf8,
    0xff, 0xff, 0xff, 0xf8, 0xff, 0xff, 0xff, 0xf8,
    0xff, 0xff, 0xff, 0xf8, 0xff, 0xff, 0xff, 0xf7,
    0x0, 0x0, 0x0, 0x0,

    /* U+F185 "" */
    0x0, 0x0, 0x33, 0x0, 0x0, 0x1, 0x0, 0xcc,
    0x0, 0x10, 0x7, 0xfc, 0xff, 0xcf, 0x70, 0x2,
    0xf7, 0x77, 0x7f, 0x20, 0x3a, 0xaa, 0xff, 0xaa,
    0xa3, 0xaf, 0x8d, 0xff, 0xd9, 0xfa, 0x3, 0xd5,
    0xee, 0x5d, 0x30, 0x5, 0xfd, 0x77, 0xdf, 0x50,
    0x6, 0x84, 0xff, 0x48, 0x60, 0x0, 0x0, 0x88,
    0x0, 0x0, 0x0, 0x0, 0x0, 0x0, 0x0,

    /* U+F1EB "" */
    0x0, 0x0, 0x1, 0x10, 0x0, 0x0, 0x0, 0x5,
    0xbf, 0xff, 0xfd, 0x81, 0x0, 0x2c, 0xfe, 0xa8,
    0x78, 0xcf, 0xf7, 0xd, 0xf7, 0x0, 0x0, 0x0,
    0x3c, 0xf5, 0x22, 0x5, 0xbe, 0xfd, 0x81, 0x5,
    0x0, 0x9, 0xfe, 0xa9, 0xcf, 0xe2, 0x0, 0x0,
    0x37, 0x0, 0x0, 0x38, 0x0, 0x0, 0x0, 0x0,
    0x8c, 0x20, 0x0, 0x0, 0x0, 0x0, 0xf, 0xf7,
    0x0, 0x0, 0x0, 0x0, 0x0, 0x58, 0x10, 0x0,
    0x0,

    /* U+F240 "" */
    0xcf, 0xff, 0xff, 0xff, 0xff, 0xf9, 0xf, 0x75,
    0x55, 0x55, 0x55, 0x5a, 0xf2, 0xf6, 0xff, 0xff,
    0xff, 0xfd, 0x4f, 0x5f, 0x6f, 0xff, 0xff, 0xff,
    0xd1, 0xf5, 0xf5, 0x77, 0x77, 0x77, 0x76, 0x8f,
    0x4f, 0xff, 0xff, 0xff, 0xff, 0xff, 0xd0, 0x24,
    0x44, 0x44, 0x44, 0x44, 0x41, 0x0,

    /* U+F241 "" */
    0xcf, 0xff, 0xff, 0xff, 0xff, 0xf9, 0xf, 0x75,
    0x55, 0x55, 0x54, 0x4a, 0xf2, 0xf6, 0xff, 0xff,
    0xff, 0x0, 0x4f, 0x5f, 0x6f, 0xff, 0xff, 0xf0,
    0x1, 0xf5, 0xf5, 0x77, 0x77, 0x77, 0x0, 0x8f,
    0x4f, 0xff, 0xff, 0xff, 0xff, 0xff, 0xd0, 0x24,
    0x44, 0x44, 0x44, 0x44, 0x41, 0x0,

    /* U+F242 "" */
    0xcf, 0xff, 0xff, 0xff, 0xff, 0xf9, 0xf, 0x75,
    0x55, 0x54, 0x44, 0x4a, 0xf2, 0xf6, 0xff, 0xff,
    0x20, 0x0, 0x4f, 0x5f, 0x6f, 0xff, 0xf2, 0x0,
    0x1, 0xf5, 0xf5, 0x77, 0x77, 0x10, 0x0, 0x8f,
    0x4f, 0xff, 0xff, 0xff, 0xff, 0xff, 0xd0, 0x24,
    0x44, 0x44, 0x44, 0x44, 0x41, 0x0,

    /* U+F243 "" */
    0xcf, 0xff, 0xff, 0xff, 0xff, 0xf9, 0xf, 0x75,
    0x54, 0x44, 0x44, 0x4a, 0xf2, 0xf6, 0xff, 0x50,
    0x0, 0x0, 0x4f, 0x5f, 0x6f, 0xf5, 0x0, 0x0,
    0x1, 0xf5, 0xf5, 0x77, 0x20, 0x0, 0x0, 0x8f,
    0x4f, 0xff, 0xff, 0xff, 0xff, 0xff, 0xd0, 0x24,
    0x44, 0x44, 0x44, 0x44, 0x41, 0x0,

    /* U+F244 "" */
    0xcf, 0xff, 0xff, 0xff, 0xff, 0xfa, 0xf, 0x74,
    0x44, 0x44, 0x44, 0x4a, 0xf2, 0xf4, 0x0, 0x0,
    0x0, 0x0, 0x4f, 0x5f, 0x40, 0x0, 0x0, 0x0,
    0x1, 0xf5, 0xf4, 0x0, 0x0, 0x0, 0x0, 0x8f,
    0x4f, 0xff, 0xff, 0xff, 0xff, 0xff, 0xd0, 0x24,
    0x44, 0x44, 0x44, 0x44, 0x41, 0x0,

    /* U+F287 "" */
    0x0, 0x0, 0x0, 0x5b, 0x10, 0x0, 0x0, 0x0,
    0x3, 0xbd, 0xf4, 0x0, 0x0, 0x0, 0x0, 0xa1,
    0x3, 0x0, 0x0, 0xa, 0xf7, 0x39, 0x0, 0x0,
    0x7, 0x60, 0xff, 0xea, 0xbf, 0xaa, 0xaa, 0xdf,
    0x45, 0xa3, 0x0, 0x93, 0x0, 0x4, 0x10, 0x0,
    0x0, 0x1, 0xb8, 0xfb, 0x0, 0x0, 0x0, 0x0,
    0x2, 0x9f, 0xb0, 0x0, 0x0, 0x0, 0x0, 0x0,
    0x10, 0x0, 0x0,

    /* U+F293 "" */
    0x0, 0x6b, 0xca, 0x40, 0x0, 0x9f, 0xf6, 0xff,
    0x40, 0x1f, 0xff, 0x26, 0xfb, 0x4, 0xf6, 0xb4,
    0x6b, 0xf0, 0x6f, 0xf4, 0x6, 0xff, 0x6, 0xff,
    0x90, 0xbf, 0xf0, 0x5f, 0x95, 0x34, 0xcf, 0x2,
    0xfb, 0xf3, 0x4d, 0xc0, 0xc, 0xff, 0x3d, 0xf7,
    0x0, 0x1b, 0xfe, 0xf9, 0x0, 0x0, 0x0, 0x10,
    0x0, 0x0,

    /* U+F2DC "" */
    0x0, 0x0, 0x4d, 0x10, 0x0, 0x0, 0x13, 0xff,
    0xe1, 0x0, 0x7, 0xc4, 0x6f, 0x28, 0xb5, 0xb,
    0xfb, 0x5f, 0x3e, 0xf7, 0xa, 0x8c, 0xff, 0xfa,
    0x97, 0x6, 0x47, 0xff, 0xe5, 0x54, 0xa, 0xfe,
    0x8f, 0x7f, 0xf6, 0xc, 0xe5, 0x4f, 0x9, 0xd8,
    0x0, 0x53, 0xef, 0xb3, 0x20, 0x0, 0x1, 0x8f,
    0x50, 0x0, 0x0, 0x0, 0x1, 0x0, 0x0,

    /* U+F2ED "" */
    0x12, 0x3b, 0xca, 0x22, 0x1f, 0xff, 0xff, 0xff,
    0xfb, 0x36, 0x66, 0x66, 0x66, 0x16, 0xff, 0xff,
    0xff, 0xf2, 0x6f, 0x6f, 0x6f, 0x7f, 0x26, 0xf6,
    0xf6, 0xf7, 0xf2, 0x6f, 0x6f, 0x6f, 0x7f, 0x26,
    0xf6, 0xf6, 0xf7, 0xf2, 0x6f, 0x6f, 0x6f, 0x7f,
    0x24, 0xff, 0xff, 0xff, 0xf1, 0x3, 0x44, 0x44,
    0x42, 0x0,

    /* U+F304 "" */
    0x0, 0x0, 0x0, 0x0, 0x97, 0x0, 0x0, 0x0,
    0x0, 0x9f, 0xf8, 0x0, 0x0, 0x0, 0xa5, 0xef,
    0xe0, 0x0, 0x0, 0xbf, 0xe5, 0xd4, 0x0, 0x0,
    0xbf, 0xff, 0xe0, 0x0, 0x0, 0xbf, 0xff, 0xf4,
    0x0, 0x0, 0xbf, 0xff, 0xf4, 0x0, 0x0, 0xaf,
    0xff, 0xf4, 0x0, 0x0, 0xd, 0xff, 0xf4, 0x0,
    0x0, 0x0, 0xff, 0xf4, 0x0, 0x0, 0x0, 0x2,
    0x20, 0x0, 0x0, 0x0, 0x0,

    /* U+F55A "" */
    0x0, 0x5, 0x88, 0x88, 0x88, 0x86, 0x0, 0x8,
    0xff, 0xff, 0xff, 0xff, 0xf6, 0x8, 0xff, 0xf9,
    0x6f, 0x69, 0xff, 0x88, 0xff, 0xff, 0xc1, 0x21,
    0xcf, 0xf8, 0xdf, 0xff, 0xff, 0x50, 0x5f, 0xff,
    0x82, 0xef, 0xff, 0x71, 0x91, 0x7f, 0xf8, 0x2,
    0xef, 0xfe, 0xdf, 0xde, 0xff, 0x70, 0x2, 0xdf,
    0xff, 0xff, 0xff, 0xe3,

    /* U+F6C4 "" */
    0x0, 0x2, 0x70, 0x0, 0x0, 0x0, 0x0, 0x74,
    0xaf, 0x37, 0x20, 0x0, 0x0, 0x8, 0xf9, 0x8c,
    0xf1, 0x0, 0x0, 0x1, 0x99, 0xef, 0x65, 0x0,
    0x0, 0x0, 0xcf, 0x8f, 0xd5, 0xef, 0x70, 0x0,
    0x0, 0x78, 0xd6, 0xef, 0xff, 0xda, 0x0, 0x8,
    0xf2, 0x8f, 0xff, 0xff, 0xf4, 0x0, 0x63, 0x9f,
    0xff, 0xff, 0xff, 0xf2, 0x0, 0xb, 0xff, 0xff,
    0xff, 0xff, 0x30, 0x0, 0x3e, 0xff, 0xff, 0xff,
    0xa0, 0x0, 0x0, 0x0, 0x0, 0x0, 0x0, 0x0,

    /* U+F72E "" */
    0x0, 0x0, 0x0, 0x32, 0x0, 0x0, 0x0, 0x0,
    0x9f, 0xf6, 0x0, 0x0, 0x0, 0x7, 0x29, 0xb0,
    0xc, 0xdd, 0xdd, 0xdd, 0xf6, 0x0, 0x66, 0x66,
    0x66, 0x64, 0x0, 0xe, 0xff, 0xd5, 0xcf, 0xfc,
    0x20, 0x44, 0x49, 0xe2, 0x44, 0xbc, 0x0, 0x9b,
    0x8e, 0x3, 0x5, 0xf0, 0x2, 0xde, 0x51, 0xfb,
    0xea, 0x0, 0x0, 0x0, 0x2, 0x87, 0x0,

    /* U+F73D "" */
    0x0, 0x7b, 0x60, 0x10, 0x0, 0x7, 0xff, 0xfc,
    0xfb, 0x0, 0xb, 0xff, 0xff, 0xff, 0x40, 0x9f,
    0xff, 0xff, 0xff, 0xf9, 0xff, 0xff, 0xff, 0xff,
    0xff, 0xaf, 0xff, 0xff, 0xff, 0xfa, 0x5, 0x66,
    0x66, 0x66, 0x50, 0x4, 0x10, 0x22, 0x1, 0x40,
    0xc, 0x90, 0xab, 0x8, 0xd0, 0xe, 0xa0, 0xdc,
    0xb, 0xe0, 0x0, 0x0, 0x0, 0x0, 0x0,

    /* U+F740 "" */
    0x0, 0x4, 0x83, 0x0, 0x0, 0x0, 0x5, 0xff,
    0xf9, 0xd8, 0x0, 0x0, 0xbf, 0xff, 0xff, 0xf1,
    0x0, 0x6f, 0xff, 0xff, 0xff, 0xf6, 0xe, 0xff,
    0xff, 0xff, 0xff, 0xe0, 0xdf, 0xff, 0xff, 0xff,
    0xfd, 0x2, 0xab, 0xbb, 0xbb, 0xba, 0x20, 0x2,
    0x2, 0x2, 0x2, 0x11, 0x2, 0x93, 0x75, 0x57,
    0x39, 0x20, 0xa1, 0xa1, 0xa1, 0x92, 0x80, 0x3,
    0x3, 0x12, 0x21, 0x20, 0x0,

    /* U+F75F "" */
    0x7, 0xcb, 0x36, 0xcc, 0x40, 0x0, 0x8, 0xff,
    0xff, 0xff, 0xff, 0x88, 0x30, 0xef, 0xff, 0xff,
    0xff, 0xff, 0xff, 0x2e, 0xff, 0xff, 0xff, 0xff,
    0xff, 0xf7, 0x7f, 0xff, 0xff, 0xff, 0xff, 0xff,
    0x30, 0x6b, 0xcc, 0xcf, 0xff, 0xcb, 0x50, 0x0,
    0x0, 0x0, 0x25, 0x20, 0x0, 0x0, 0x8b, 0xbb,
    0xbb, 0xbb, 0xbb, 0xb5, 0x1, 0x33, 0x33, 0x33,
    0x33, 0x33, 0x1d, 0xee, 0x1c, 0xee, 0xee, 0xee,
    0x20, 0x0, 0x0, 0x0, 0x0, 0x0, 0x0, 0x0,

    /* U+F7C2 "" */
    0x1, 0xdf, 0xff, 0xe5, 0x1d, 0x6c, 0x5a, 0xab,
    0xdf, 0x3b, 0x18, 0x8b, 0xff, 0xdf, 0xde, 0xeb,
    0xff, 0xff, 0xff, 0xfb, 0xff, 0xff, 0xff, 0xfb,
    0xff, 0xff, 0xff, 0xfb, 0xff, 0xff, 0xff, 0xfb,
    0xff, 0xff, 0xff, 0xfb, 0xbf, 0xff, 0xff, 0xf6,
    0x0, 0x0, 0x0, 0x0,

    /* U+F8A2 "" */
    0x0, 0x0, 0x0, 0x0, 0xa, 0x0, 0x8, 0x10,
    0x0, 0x7, 0xf0, 0xb, 0xf2, 0x0, 0x0, 0x8f,
    0xb, 0xff, 0xff, 0xff, 0xff, 0xf0, 0x7f, 0xfa,
    0x99, 0x99, 0x99, 0x0, 0x6f, 0x20, 0x0, 0x0,
    0x0, 0x0, 0x30, 0x0, 0x0, 0x0, 0x0
};


/*---------------------
 *  GLYPH DESCRIPTION
 *--------------------*/

static const lv_font_fmt_txt_glyph_dsc_t glyph_dsc[] = {
    {.bitmap_index = 0, .adv_w = 0, .box_w = 0, .box_h = 0, .ofs_x = 0, .ofs_y = 0} /* id = 0 reserved */,
    {.bitmap_index = 0, .adv_w = 43, .box_w = 0, .box_h = 0, .ofs_x = 0, .ofs_y = 0},
    {.bitmap_index = 0, .adv_w = 49, .box_w = 3, .box_h = 8, .ofs_x = 0, .ofs_y = 0},
    {.bitmap_index = 12, .adv_w = 79, .box_w = 3, .box_h = 4, .ofs_x = 1, .ofs_y = 4},
    {.bitmap_index = 18, .adv_w = 102, .box_w = 7, .box_h = 8, .ofs_x = 0, .ofs_y = 0},
    {.bitmap_index = 46, .adv_w = 103, .box_w = 6, .box_h = 11, .ofs_x = 0, .ofs_y = -1},
    {.bitmap_index = 79, .adv_w = 159, .box_w = 8, .box_h = 8, .ofs_x = 1, .ofs_y = 0},
    {.bitmap_index = 111, .adv_w = 105, .box_w = 7, .box_h = 8, .ofs_x = 0, .ofs_y = 0},
    {.bitmap_index = 139, .adv_w = 50, .box_w = 2, .box_h = 4, .ofs_x = 1, .ofs_y = 4},
    {.bitmap_index = 143, .adv_w = 59, .box_w = 4, .box_h = 10, .ofs_x = 0, .ofs_y = -1},
    {.bitmap_index = 163, .adv_w = 59, .box_w = 3, .box_h = 10, .ofs_x = 0, .ofs_y = -1},
    {.bitmap_index = 178, .adv_w = 83, .box_w = 5, .box_h = 5, .ofs_x = 0, .ofs_y = 3},
    {.bitmap_index = 191, .adv_w = 107, .box_w = 6, .box_h = 6, .ofs_x = 0, .ofs_y = 0},
    {.bitmap_index = 209, .adv_w = 49, .box_w = 3, .box_h = 4, .ofs_x = 0, .ofs_y = -2},
    {.bitmap_index = 215, .adv_w = 74, .box_w = 4, .box_h = 1, .ofs_x = 0, .ofs_y = 3},
    {.bitmap_index = 217, .adv_w = 49, .box_w = 3, .box_h = 2, .ofs_x = 0, .ofs_y = 0},
    {.bitmap_index = 220, .adv_w = 59, .box_w = 4, .box_h = 10, .ofs_x = 0, .ofs_y = -1},
    {.bitmap_index = 240, .adv_w = 103, .box_w = 6, .box_h = 8, .ofs_x = 0, .ofs_y = 0},
    {.bitmap_index = 264, .adv_w = 66, .box_w = 4, .box_h = 8, .ofs_x = 0, .ofs_y = 0},
    {.bitmap_index = 280, .adv_w = 99, .box_w = 6, .box_h = 8, .ofs_x = 0, .ofs_y = 0},
    {.bitmap_index = 304, .adv_w = 100, .box_w = 6, .box_h = 8, .ofs_x = 0, .ofs_y = 0},
    {.bitmap_index = 328, .adv_w = 105, .box_w = 7, .box_h = 8, .ofs_x = 0, .ofs_y = 0},
    {.bitmap_index = 356, .adv_w = 96, .box_w = 6, .box_h = 8, .ofs_x = 0, .ofs_y = 0},
    {.bitmap_index = 380, .adv_w = 101, .box_w = 6, .box_h = 8, .ofs_x = 0, .ofs_y = 0},
    {.bitmap_index = 404, .adv_w = 91, .box_w = 6, .box_h = 8, .ofs_x = 0, .ofs_y = 0},
    {.bitmap_index = 428, .adv_w = 101, .box_w = 6, .box_h = 8, .ofs_x = 0, .ofs_y = 0},
    {.bitmap_index = 452, .adv_w = 101, .box_w = 6, .box_h = 8, .ofs_x = 0, .ofs_y = 0},
    {.bitmap_index = 476, .adv_w = 49, .box_w = 3, .box_h = 6, .ofs_x = 0, .ofs_y = 0},
    {.bitmap_index = 485, .adv_w = 50, .box_w = 3, .box_h = 8, .ofs_x = 0, .ofs_y = -2},
    {.bitmap_index = 497, .adv_w = 107, .box_w = 6, .box_h = 7, .ofs_x = 0, .ofs_y = 0},
    {.bitmap_index = 518, .adv_w = 107, .box_w = 5, .box_h = 4, .ofs_x = 1, .ofs_y = 1},
    {.bitmap_index = 528, .adv_w = 107, .box_w = 5, .box_h = 7, .ofs_x = 1, .ofs_y = 0},
    {.bitmap_index = 546, .adv_w = 84, .box_w = 5, .box_h = 8, .ofs_x = 0, .ofs_y = 0},
    {.bitmap_index = 566, .adv_w = 157, .box_w = 10, .box_h = 10, .ofs_x = 0, .ofs_y = -2},
    {.bitmap_index = 616, .adv_w = 113, .box_w = 7, .box_h = 8, .ofs_x = 0, .ofs_y = 0},
    {.bitmap_index = 644, .adv_w = 105, .box_w = 7, .box_h = 8, .ofs_x = 0, .ofs_y = 0},
    {.bitmap_index = 672, .adv_w = 117, .box_w = 7, .box_h = 8, .ofs_x = 0, .ofs_y = 0},
    {.bitmap_index = 700, .adv_w = 115, .box_w = 7, .box_h = 8, .ofs_x = 0, .ofs_y = 0},
    {.bitmap_index = 728, .adv_w = 96, .box_w = 6, .box_h = 8, .ofs_x = 0, .ofs_y = 0},
    {.bitmap_index = 752, .adv_w = 94, .box_w = 6, .box_h = 8, .ofs_x = 0, .ofs_y = 0},
    {.bitmap_index = 776, .adv_w = 120, .box_w = 7, .box_h = 8, .ofs_x = 0, .ofs_y = 0},
    {.bitmap_index = 804, .adv_w = 119, .box_w = 7, .box_h = 8, .ofs_x = 0, .ofs_y = 0},
    {.bitmap_index = 832, .adv_w = 44, .box_w = 2, .box_h = 8, .ofs_x = 0, .ofs_y = 0},
    {.bitmap_index = 840, .adv_w = 92, .box_w = 5, .box_h = 8, .ofs_x = 0, .ofs_y = 0},
    {.bitmap_index = 860, .adv_w = 110, .box_w = 7, .box_h = 8, .ofs_x = 0, .ofs_y = 0},
    {.bitmap_index = 888, .adv_w = 90, .box_w = 6, .box_h = 8, .ofs_x = 0, .ofs_y = 0},
    {.bitmap_index = 912, .adv_w = 146, .box_w = 9, .box_h = 8, .ofs_x = 0, .ofs_y = 0},
    {.bitmap_index = 948, .adv_w = 121, .box_w = 7, .box_h = 8, .ofs_x = 0, .ofs_y = 0},
    {.bitmap_index = 976, .adv_w = 123, .box_w = 8, .box_h = 8, .ofs_x = 0, .ofs_y = 0},
    {.bitmap_index = 1008, .adv_w = 103, .box_w = 6, .box_h = 8, .ofs_x = 0, .ofs_y = 0},
    {.bitmap_index = 1032, .adv_w = 123, .box_w = 8, .box_h = 9, .ofs_x = 0, .ofs_y = -1},
    {.bitmap_index = 1068, .adv_w = 104, .box_w = 7, .box_h = 8, .ofs_x = 0, .ofs_y = 0},
    {.bitmap_index = 1096, .adv_w = 103, .box_w = 6, .box_h = 8, .ofs_x = 0, .ofs_y = 0},
    {.bitmap_index = 1120, .adv_w = 104, .box_w = 7, .box_h = 8, .ofs_x = 0, .ofs_y = 0},
    {.bitmap_index = 1148, .adv_w = 118, .box_w = 7, .box_h = 8, .ofs_x = 0, .ofs_y = 0},
    {.bitmap_index = 1176, .adv_w = 113, .box_w = 7, .box_h = 8, .ofs_x = 0, .ofs_y = 0},
    {.bitmap_index = 1204, .adv_w = 160, .box_w = 10, .box_h = 8, .ofs_x = 0, .ofs_y = 0},
    {.bitmap_index = 1244, .adv_w = 112, .box_w = 7, .box_h = 8, .ofs_x = 0, .ofs_y = 0},
    {.bitmap_index = 1272, .adv_w = 111, .box_w = 7, .box_h = 8, .ofs_x = 0, .ofs_y = 0},
    {.bitmap_index = 1300, .adv_w = 103, .box_w = 6, .box_h = 8, .ofs_x = 0, .ofs_y = 0},
    {.bitmap_index = 1324, .adv_w = 59, .box_w = 3, .box_h = 10, .ofs_x = 1, .ofs_y = -2},
    {.bitmap_index = 1339, .adv_w = 59, .box_w = 4, .box_h = 10, .ofs_x = 0, .ofs_y = -1},
    {.bitmap_index = 1359, .adv_w = 59, .box_w = 3, .box_h = 10, .ofs_x = 0, .ofs_y = -2},
    {.bitmap_index = 1374, .adv_w = 76, .box_w = 5, .box_h = 4, .ofs_x = 0, .ofs_y = 4},
    {.bitmap_index = 1384, .adv_w = 74, .box_w = 5, .box_h = 1, .ofs_x = 0, .ofs_y = -1},
    {.bitmap_index = 1387, .adv_w = 54, .box_w = 3, .box_h = 2, .ofs_x = 0, .ofs_y = 7},
    {.bitmap_index = 1390, .adv_w = 91, .box_w = 5, .box_h = 6, .ofs_x = 0, .ofs_y = 0},
    {.bitmap_index = 1405, .adv_w = 99, .box_w = 6, .box_h = 8, .ofs_x = 0, .ofs_y = 0},
    {.bitmap_index = 1429, .adv_w = 92, .box_w = 6, .box_h = 6, .ofs_x = 0, .ofs_y = 0},
    {.bitmap_index = 1447, .adv_w = 99, .box_w = 6, .box_h = 8, .ofs_x = 0, .ofs_y = 0},
    {.bitmap_index = 1471, .adv_w = 94, .box_w = 6, .box_h = 6, .ofs_x = 0, .ofs_y = 0},
    {.bitmap_index = 1489, .adv_w = 61, .box_w = 4, .box_h = 8, .ofs_x = 0, .ofs_y = 0},
    {.bitmap_index = 1505, .adv_w = 99, .box_w = 6, .box_h = 8, .ofs_x = 0, .ofs_y = -2},
    {.bitmap_index = 1529, .adv_w = 96, .box_w = 6, .box_h = 8, .ofs_x = 0, .ofs_y = 0},
    {.bitmap_index = 1553, .adv_w = 40, .box_w = 2, .box_h = 8, .ofs_x = 0, .ofs_y = 0},
    {.bitmap_index = 1561, .adv_w = 40, .box_w = 3, .box_h = 10, .ofs_x = -1, .ofs_y = -2},
    {.bitmap_index = 1576, .adv_w = 89, .box_w = 6, .box_h = 8, .ofs_x = 0, .ofs_y = 0},
    {.bitmap_index = 1600, .adv_w = 40, .box_w = 2, .box_h = 8, .ofs_x = 0, .ofs_y = 0},
    {.bitmap_index = 1608, .adv_w = 142, .box_w = 9, .box_h = 6, .ofs_x = 0, .ofs_y = 0},
    {.bitmap_index = 1635, .adv_w = 96, .box_w = 6, .box_h = 6, .ofs_x = 0, .ofs_y = 0},
    {.bitmap_index = 1653, .adv_w = 97, .box_w = 6, .box_h = 6, .ofs_x = 0, .ofs_y = 0},
    {.bitmap_index = 1671, .adv_w = 99, .box_w = 6, .box_h = 8, .ofs_x = 0, .ofs_y = -2},
    {.bitmap_index = 1695, .adv_w = 99, .box_w = 6, .box_h = 8, .ofs_x = 0, .ofs_y = -2},
    {.bitmap_index = 1719, .adv_w = 62, .box_w = 4, .box_h = 6, .ofs_x = 0, .ofs_y = 0},
    {.bitmap_index = 1731, .adv_w = 86, .box_w = 5, .box_h = 6, .ofs_x = 0, .ofs_y = 0},
    {.bitmap_index = 1746, .adv_w = 54, .box_w = 4, .box_h = 8, .ofs_x = 0, .ofs_y = 0},
    {.bitmap_index = 1762, .adv_w = 96, .box_w = 6, .box_h = 6, .ofs_x = 0, .ofs_y = 0},
    {.bitmap_index = 1780, .adv_w = 92, .box_w = 6, .box_h = 6, .ofs_x = 0, .ofs_y = 0},
    {.bitmap_index = 1798, .adv_w = 133, .box_w = 9, .box_h = 6, .ofs_x = 0, .ofs_y = 0},
    {.bitmap_index = 1825, .adv_w = 89, .box_w = 6, .box_h = 6, .ofs_x = 0, .ofs_y = 0},
    {.bitmap_index = 1843, .adv_w = 92, .box_w = 6, .box_h = 8, .ofs_x = 0, .ofs_y = -2},
    {.bitmap_index = 1867, .adv_w = 89, .box_w = 5, .box_h = 6, .ofs_x = 0, .ofs_y = 0},
    {.bitmap_index = 1882, .adv_w = 70, .box_w = 4, .box_h = 10, .ofs_x = 0, .ofs_y = -2},
    {.bitmap_index = 1902, .adv_w = 55, .box_w = 2, .box_h = 13, .ofs_x = 1, .ofs_y = -3},
    {.bitmap_index = 1915, .adv_w = 70, .box_w = 4, .box_h = 10, .ofs_x = 0, .ofs_y = -2},
    {.bitmap_index = 1935, .adv_w = 107, .box_w = 6, .box_h = 3, .ofs_x = 0, .ofs_y = 1},
    {.bitmap_index = 1944, .adv_w = 43, .box_w = 0, .box_h = 0, .ofs_x = 0, .ofs_y = 0},
    {.bitmap_index = 1944, .adv_w = 49, .box_w = 3, .box_h = 8, .ofs_x = 0, .ofs_y = -2},
    {.bitmap_index = 1956, .adv_w = 92, .box_w = 6, .box_h = 8, .ofs_x = 0, .ofs_y = 0},
    {.bitmap_index = 1980, .adv_w = 99, .box_w = 6, .box_h = 8, .ofs_x = 0, .ofs_y = 0},
    {.bitmap_index = 2004, .adv_w = 118, .box_w = 7, .box_h = 8, .ofs_x = 0, .ofs_y = 0},
    {.bitmap_index = 2032, .adv_w = 89, .box_w = 6, .box_h = 8, .ofs_x = 0, .ofs_y = 0},
    {.bitmap_index = 2056, .adv_w = 47, .box_w = 2, .box_h = 10, .ofs_x = 0, .ofs_y = -2},
    {.bitmap_index = 2066, .adv_w = 91, .box_w = 6, .box_h = 10, .ofs_x = 0, .ofs_y = -2},
    {.bitmap_index = 2096, .adv_w = 96, .box_w = 4, .box_h = 3, .ofs_x = 1, .ofs_y = 6},
    {.bitmap_index = 2102, .adv_w = 146, .box_w = 9, .box_h = 9, .ofs_x = 0, .ofs_y = -1},
    {.bitmap_index = 2143, .adv_w = 73, .box_w = 5, .box_h = 5, .ofs_x = 0, .ofs_y = 3},
    {.bitmap_index = 2156, .adv_w = 97, .box_w = 6, .box_h = 5, .ofs_x = 0, .ofs_y = 1},
    {.bitmap_index = 2171, .adv_w = 107, .box_w = 5, .box_h = 3, .ofs_x = 1, .ofs_y = 1},
    {.bitmap_index = 2179, .adv_w = 106, .box_w = 7, .box_h = 6, .ofs_x = 0, .ofs_y = 2},
    {.bitmap_index = 2200, .adv_w = 74, .box_w = 4, .box_h = 1, .ofs_x = 0, .ofs_y = 7},
    {.bitmap_index = 2202, .adv_w = 73, .box_w = 4, .box_h = 4, .ofs_x = 0, .ofs_y = 4},
    {.bitmap_index = 2210, .adv_w = 107, .box_w = 6, .box_h = 7, .ofs_x = 0, .ofs_y = -1},
    {.bitmap_index = 2231, .adv_w = 72, .box_w = 4, .box_h = 4, .ofs_x = 0, .ofs_y = 5},
    {.bitmap_index = 2239, .adv_w = 73, .box_w = 5, .box_h = 4, .ofs_x = 0, .ofs_y = 5},
    {.bitmap_index = 2249, .adv_w = 54, .box_w = 3, .box_h = 2, .ofs_x = 0, .ofs_y = 7},
    {.bitmap_index = 2252, .adv_w = 96, .box_w = 6, .box_h = 8, .ofs_x = 0, .ofs_y = -2},
    {.bitmap_index = 2276, .adv_w = 96, .box_w = 6, .box_h = 8, .ofs_x = 0, .ofs_y = 0},
    {.bitmap_index = 2300, .adv_w = 49, .box_w = 3, .box_h = 2, .ofs_x = 0, .ofs_y = 3},
    {.bitmap_index = 2303, .adv_w = 48, .box_w = 3, .box_h = 3, .ofs_x = 0, .ofs_y = -2},
    {.bitmap_index = 2308, .adv_w = 50, .box_w = 3, .box_h = 4, .ofs_x = 0, .ofs_y = 5},
    {.bitmap_index = 2314, .adv_w = 78, .box_w = 5, .box_h = 5, .ofs_x = 0, .ofs_y = 3},
    {.bitmap_index = 2327, .adv_w = 97, .box_w = 6, .box_h = 5, .ofs_x = 0, .ofs_y = 1},
    {.bitmap_index = 2342, .adv_w = 131, .box_w = 8, .box_h = 9, .ofs_x = 0, .ofs_y = 0},
    {.bitmap_index = 2378, .adv_w = 137, .box_w = 9, .box_h = 9, .ofs_x = 0, .ofs_y = 0},
    {.bitmap_index = 2419, .adv_w = 143, .box_w = 9, .box_h = 9, .ofs_x = 0, .ofs_y = 0},
    {.bitmap_index = 2460, .adv_w = 84, .box_w = 5, .box_h = 8, .ofs_x = 0, .ofs_y = -2},
    {.bitmap_index = 2480, .adv_w = 113, .box_w = 7, .box_h = 10, .ofs_x = 0, .ofs_y = 0},
    {.bitmap_index = 2515, .adv_w = 113, .box_w = 7, .box_h = 10, .ofs_x = 0, .ofs_y = 0},
    {.bitmap_index = 2550, .adv_w = 113, .box_w = 7, .box_h = 11, .ofs_x = 0, .ofs_y = 0},
    {.bitmap_index = 2589, .adv_w = 113, .box_w = 7, .box_h = 10, .ofs_x = 0, .ofs_y = 0},
    {.bitmap_index = 2624, .adv_w = 113, .box_w = 7, .box_h = 11, .ofs_x = 0, .ofs_y = 0},
    {.bitmap_index = 2663, .adv_w = 113, .box_w = 7, .box_h = 11, .ofs_x = 0, .ofs_y = 0},
    {.bitmap_index = 2702, .adv_w = 161, .box_w = 10, .box_h = 8, .ofs_x = 0, .ofs_y = 0},
    {.bitmap_index = 2742, .adv_w = 117, .box_w = 7, .box_h = 10, .ofs_x = 0, .ofs_y = -2},
    {.bitmap_index = 2777, .adv_w = 96, .box_w = 6, .box_h = 10, .ofs_x = 0, .ofs_y = 0},
    {.bitmap_index = 2807, .adv_w = 96, .box_w = 6, .box_h = 10, .ofs_x = 0, .ofs_y = 0},
    {.bitmap_index = 2837, .adv_w = 96, .box_w = 6, .box_h = 11, .ofs_x = 0, .ofs_y = 0},
    {.bitmap_index = 2870, .adv_w = 96, .box_w = 6, .box_h = 11, .ofs_x = 0, .ofs_y = 0},
    {.bitmap_index = 2903, .adv_w = 44, .box_w = 2, .box_h = 10, .ofs_x = 0, .ofs_y = 0},
    {.bitmap_index = 2913, .adv_w = 44, .box_w = 3, .box_h = 10, .ofs_x = 0, .ofs_y = 0},
    {.bitmap_index = 2928, .adv_w = 44, .box_w = 5, .box_h = 11, .ofs_x = -1, .ofs_y = 0},
    {.bitmap_index = 2956, .adv_w = 44, .box_w = 5, .box_h = 11, .ofs_x = -1, .ofs_y = 0},
    {.bitmap_index = 2984, .adv_w = 119, .box_w = 7, .box_h = 8, .ofs_x = 0, .ofs_y = 0},
    {.bitmap_index = 3012, .adv_w = 121, .box_w = 7, .box_h = 10, .ofs_x = 0, .ofs_y = 0},
    {.bitmap_index = 3047, .adv_w = 123, .box_w = 8, .box_h = 11, .ofs_x = 0, .ofs_y = 0},
    {.bitmap_index = 3091, .adv_w = 123, .box_w = 8, .box_h = 11, .ofs_x = 0, .ofs_y = 0},
    {.bitmap_index = 3135, .adv_w = 123, .box_w = 8, .box_h = 11, .ofs_x = 0, .ofs_y = 0},
    {.bitmap_index = 3179, .adv_w = 123, .box_w = 8, .box_h = 10, .ofs_x = 0, .ofs_y = 0},
    {.bitmap_index = 3219, .adv_w = 123, .box_w = 8, .box_h = 11, .ofs_x = 0, .ofs_y = 0},
    {.bitmap_index = 3263, .adv_w = 107, .box_w = 6, .box_h = 6, .ofs_x = 0, .ofs_y = 0},
    {.bitmap_index = 3281, .adv_w = 123, .box_w = 8, .box_h = 10, .ofs_x = 0, .ofs_y = -1},
    {.bitmap_index = 3321, .adv_w = 118, .box_w = 7, .box_h = 11, .ofs_x = 0, .ofs_y = 0},
    {.bitmap_index = 3360, .adv_w = 118, .box_w = 7, .box_h = 11, .ofs_x = 0, .ofs_y = 0},
    {.bitmap_index = 3399, .adv_w = 118, .box_w = 7, .box_h = 11, .ofs_x = 0, .ofs_y = 0},
    {.bitmap_index = 3438, .adv_w = 118, .box_w = 7, .box_h = 11, .ofs_x = 0, .ofs_y = 0},
    {.bitmap_index = 3477, .adv_w = 111, .box_w = 7, .box_h = 10, .ofs_x = 0, .ofs_y = 0},
    {.bitmap_index = 3512, .adv_w = 104, .box_w = 6, .box_h = 8, .ofs_x = 0, .ofs_y = 0},
    {.bitmap_index = 3536, .adv_w = 101, .box_w = 6, .box_h = 8, .ofs_x = 0, .ofs_y = 0},
    {.bitmap_index = 3560, .adv_w = 91, .box_w = 5, .box_h = 9, .ofs_x = 0, .ofs_y = 0},
    {.bitmap_index = 3583, .adv_w = 91, .box_w = 5, .box_h = 9, .ofs_x = 0, .ofs_y = 0},
    {.bitmap_index = 3606, .adv_w = 91, .box_w = 5, .box_h = 9, .ofs_x = 0, .ofs_y = 0},
    {.bitmap_index = 3629, .adv_w = 91, .box_w = 5, .box_h = 8, .ofs_x = 0, .ofs_y = 0},
    {.bitmap_index = 3649, .adv_w = 91, .box_w = 5, .box_h = 8, .ofs_x = 0, .ofs_y = 0},
    {.bitmap_index = 3669, .adv_w = 91, .box_w = 5, .box_h = 9, .ofs_x = 0, .ofs_y = 0},
    {.bitmap_index = 3692, .adv_w = 146, .box_w = 9, .box_h = 6, .ofs_x = 0, .ofs_y = 0},
    {.bitmap_index = 3719, .adv_w = 92, .box_w = 6, .box_h = 8, .ofs_x = 0, .ofs_y = -2},
    {.bitmap_index = 3743, .adv_w = 94, .box_w = 6, .box_h = 9, .ofs_x = 0, .ofs_y = 0},
    {.bitmap_index = 3770, .adv_w = 94, .box_w = 6, .box_h = 9, .ofs_x = 0, .ofs_y = 0},
    {.bitmap_index = 3797, .adv_w = 94, .box_w = 6, .box_h = 9, .ofs_x = 0, .ofs_y = 0},
    {.bitmap_index = 3824, .adv_w = 94, .box_w = 6, .box_h = 8, .ofs_x = 0, .ofs_y = 0},
    {.bitmap_index = 3848, .adv_w = 40, .box_w = 3, .box_h = 8, .ofs_x = -1, .ofs_y = 0},
    {.bitmap_index = 3860, .adv_w = 40, .box_w = 3, .box_h = 8, .ofs_x = 0, .ofs_y = 0},
    {.bitmap_index = 3872, .adv_w = 40, .box_w = 4, .box_h = 9, .ofs_x = -1, .ofs_y = 0},
    {.bitmap_index = 3890, .adv_w = 40, .box_w = 4, .box_h = 8, .ofs_x = -1, .ofs_y = 0},
    {.bitmap_index = 3906, .adv_w = 94, .box_w = 6, .box_h = 9, .ofs_x = 0, .ofs_y = 0},
    {.bitmap_index = 3933, .adv_w = 96, .box_w = 6, .box_h = 8, .ofs_x = 0, .ofs_y = 0},
    {.bitmap_index = 3957, .adv_w = 97, .box_w = 6, .box_h = 9, .ofs_x = 0, .ofs_y = 0},
    {.bitmap_index = 3984, .adv_w = 97, .box_w = 6, .box_h = 9, .ofs_x = 0, .ofs_y = 0},
    {.bitmap_index = 4011, .adv_w = 97, .box_w = 6, .box_h = 9, .ofs_x = 0, .ofs_y = 0},
    {.bitmap_index = 4038, .adv_w = 97, .box_w = 6, .box_h = 8, .ofs_x = 0, .ofs_y = 0},
    {.bitmap_index = 4062, .adv_w = 97, .box_w = 6, .box_h = 8, .ofs_x = 0, .ofs_y = 0},
    {.bitmap_index = 4086, .adv_w = 107, .box_w = 6, .box_h = 6, .ofs_x = 0, .ofs_y = 0},
    {.bitmap_index = 4104, .adv_w = 97, .box_w = 6, .box_h = 8, .ofs_x = 0, .ofs_y = -1},
    {.bitmap_index = 4128, .adv_w = 96, .box_w = 6, .box_h = 9, .ofs_x = 0, .ofs_y = 0},
    {.bitmap_index = 4155, .adv_w = 96, .box_w = 6, .box_h = 9, .ofs_x = 0, .ofs_y = 0},
    {.bitmap_index = 4182, .adv_w = 96, .box_w = 6, .box_h = 9, .ofs_x = 0, .ofs_y = 0},
    {.bitmap_index = 4209, .adv_w = 96, .box_w = 6, .box_h = 8, .ofs_x = 0, .ofs_y = 0},
    {.bitmap_index = 4233, .adv_w = 92, .box_w = 6, .box_h = 11, .ofs_x = 0, .ofs_y = -2},
    {.bitmap_index = 4266, .adv_w = 99, .box_w = 6, .box_h = 10, .ofs_x = 0, .ofs_y = -2},
    {.bitmap_index = 4296, .adv_w = 92, .box_w = 6, .box_h = 10, .ofs_x = 0, .ofs_y = -2},
    {.bitmap_index = 4326, .adv_w = 113, .box_w = 7, .box_h = 10, .ofs_x = 0, .ofs_y = 0},
    {.bitmap_index = 4361, .adv_w = 91, .box_w = 5, .box_h = 8, .ofs_x = 0, .ofs_y = 0},
    {.bitmap_index = 4381, .adv_w = 113, .box_w = 7, .box_h = 11, .ofs_x = 0, .ofs_y = 0},
    {.bitmap_index = 4420, .adv_w = 91, .box_w = 5, .box_h = 9, .ofs_x = 0, .ofs_y = 0},
    {.bitmap_index = 4443, .adv_w = 113, .box_w = 8, .box_h = 10, .ofs_x = 0, .ofs_y = -2},
    {.bitmap_index = 4483, .adv_w = 91, .box_w = 6, .box_h = 8, .ofs_x = 0, .ofs_y = -2},
    {.bitmap_index = 4507, .adv_w = 117, .box_w = 7, .box_h = 11, .ofs_x = 0, .ofs_y = 0},
    {.bitmap_index = 4546, .adv_w = 92, .box_w = 6, .box_h = 9, .ofs_x = 0, .ofs_y = 0},
    {.bitmap_index = 4573, .adv_w = 117, .box_w = 7, .box_h = 11, .ofs_x = 0, .ofs_y = 0},
    {.bitmap_index = 4612, .adv_w = 92, .box_w = 6, .box_h = 9, .ofs_x = 0, .ofs_y = 0},
    {.bitmap_index = 4639, .adv_w = 117, .box_w = 7, .box_h = 11, .ofs_x = 0, .ofs_y = 0},
    {.bitmap_index = 4678, .adv_w = 92, .box_w = 6, .box_h = 8, .ofs_x = 0, .ofs_y = 0},
    {.bitmap_index = 4702, .adv_w = 117, .box_w = 7, .box_h = 11, .ofs_x = 0, .ofs_y = 0},
    {.bitmap_index = 4741, .adv_w = 92, .box_w = 6, .box_h = 9, .ofs_x = 0, .ofs_y = 0},
    {.bitmap_index = 4768, .adv_w = 115, .box_w = 7, .box_h = 11, .ofs_x = 0, .ofs_y = 0},
    {.bitmap_index = 4807, .adv_w = 116, .box_w = 8, .box_h = 9, .ofs_x = 0, .ofs_y = 0},
    {.bitmap_index = 4843, .adv_w = 119, .box_w = 7, .box_h = 8, .ofs_x = 0, .ofs_y = 0},
    {.bitmap_index = 4871, .adv_w = 99, .box_w = 7, .box_h = 8, .ofs_x = 0, .ofs_y = 0},
    {.bitmap_index = 4899, .adv_w = 96, .box_w = 6, .box_h = 10, .ofs_x = 0, .ofs_y = 0},
    {.bitmap_index = 4929, .adv_w = 94, .box_w = 6, .box_h = 8, .ofs_x = 0, .ofs_y = 0},
    {.bitmap_index = 4953, .adv_w = 96, .box_w = 6, .box_h = 11, .ofs_x = 0, .ofs_y = 0},
    {.bitmap_index = 4986, .adv_w = 94, .box_w = 6, .box_h = 9, .ofs_x = 0, .ofs_y = 0},
    {.bitmap_index = 5013, .adv_w = 96, .box_w = 6, .box_h = 11, .ofs_x = 0, .ofs_y = 0},
    {.bitmap_index = 5046, .adv_w = 94, .box_w = 6, .box_h = 8, .ofs_x = 0, .ofs_y = 0},
    {.bitmap_index = 5070, .adv_w = 96, .box_w = 6, .box_h = 10, .ofs_x = 0, .ofs_y = -2},
    {.bitmap_index = 5100, .adv_w = 94, .box_w = 6, .box_h = 8, .ofs_x = 0, .ofs_y = -2},
    {.bitmap_index = 5124, .adv_w = 96, .box_w = 6, .box_h = 11, .ofs_x = 0, .ofs_y = 0},
    {.bitmap_index = 5157, .adv_w = 94, .box_w = 6, .box_h = 9, .ofs_x = 0, .ofs_y = 0},
    {.bitmap_index = 5184, .adv_w = 120, .box_w = 7, .box_h = 11, .ofs_x = 0, .ofs_y = 0},
    {.bitmap_index = 5223, .adv_w = 99, .box_w = 6, .box_h = 11, .ofs_x = 0, .ofs_y = -2},
    {.bitmap_index = 5256, .adv_w = 120, .box_w = 7, .box_h = 11, .ofs_x = 0, .ofs_y = 0},
    {.bitmap_index = 5295, .adv_w = 99, .box_w = 6, .box_h = 11, .ofs_x = 0, .ofs_y = -2},
    {.bitmap_index = 5328, .adv_w = 120, .box_w = 7, .box_h = 11, .ofs_x = 0, .ofs_y = 0},
    {.bitmap_index = 5367, .adv_w = 99, .box_w = 6, .box_h = 10, .ofs_x = 0, .ofs_y = -2},
    {.bitmap_index = 5397, .adv_w = 120, .box_w = 7, .box_h = 10, .ofs_x = 0, .ofs_y = -2},
    {.bitmap_index = 5432, .adv_w = 99, .box_w = 6, .box_h = 12, .ofs_x = 0, .ofs_y = -2},
    {.bitmap_index = 5468, .adv_w = 119, .box_w = 7, .box_h = 11, .ofs_x = 0, .ofs_y = 0},
    {.bitmap_index = 5507, .adv_w = 96, .box_w = 7, .box_h = 11, .ofs_x = -1, .ofs_y = 0},
    {.bitmap_index = 5546, .adv_w = 126, .box_w = 8, .box_h = 8, .ofs_x = 0, .ofs_y = 0},
    {.bitmap_index = 5578, .adv_w = 96, .box_w = 6, .box_h = 8, .ofs_x = 0, .ofs_y = 0},
    {.bitmap_index = 5602, .adv_w = 44, .box_w = 4, .box_h = 10, .ofs_x = -1, .ofs_y = 0},
    {.bitmap_index = 5622, .adv_w = 40, .box_w = 4, .box_h = 8, .ofs_x = -1, .ofs_y = 0},
    {.bitmap_index = 5638, .adv_w = 44, .box_w = 4, .box_h = 10, .ofs_x = -1, .ofs_y = 0},
    {.bitmap_index = 5658, .adv_w = 40, .box_w = 4, .box_h = 8, .ofs_x = -1, .ofs_y = 0},
    {.bitmap_index = 5674, .adv_w = 44, .box_w = 4, .box_h = 11, .ofs_x = -1, .ofs_y = 0},
    {.bitmap_index = 5696, .adv_w = 40, .box_w = 4, .box_h = 9, .ofs_x = -1, .ofs_y = 0},
    {.bitmap_index = 5714, .adv_w = 44, .box_w = 3, .box_h = 10, .ofs_x = 0, .ofs_y = -2},
    {.bitmap_index = 5729, .adv_w = 40, .box_w = 4, .box_h = 10, .ofs_x = -1, .ofs_y = -2},
    {.bitmap_index = 5749, .adv_w = 44, .box_w = 3, .box_h = 11, .ofs_x = 0, .ofs_y = 0},
    {.bitmap_index = 5766, .adv_w = 40, .box_w = 2, .box_h = 6, .ofs_x = 0, .ofs_y = 0},
    {.bitmap_index = 5772, .adv_w = 136, .box_w = 8, .box_h = 8, .ofs_x = 0, .ofs_y = 0},
    {.bitmap_index = 5804, .adv_w = 81, .box_w = 5, .box_h = 10, .ofs_x = 0, .ofs_y = -2},
    {.bitmap_index = 5829, .adv_w = 92, .box_w = 7, .box_h = 11, .ofs_x = 0, .ofs_y = 0},
    {.bitmap_index = 5868, .adv_w = 40, .box_w = 4, .box_h = 11, .ofs_x = -1, .ofs_y = -2},
    {.bitmap_index = 5890, .adv_w = 110, .box_w = 7, .box_h = 11, .ofs_x = 0, .ofs_y = -3},
    {.bitmap_index = 5929, .adv_w = 89, .box_w = 6, .box_h = 11, .ofs_x = 0, .ofs_y = -3},
    {.bitmap_index = 5962, .adv_w = 87, .box_w = 6, .box_h = 6, .ofs_x = 0, .ofs_y = 0},
    {.bitmap_index = 5980, .adv_w = 90, .box_w = 6, .box_h = 10, .ofs_x = 0, .ofs_y = 0},
    {.bitmap_index = 6010, .adv_w = 40, .box_w = 3, .box_h = 10, .ofs_x = 0, .ofs_y = 0},
    {.bitmap_index = 6025, .adv_w = 90, .box_w = 6, .box_h = 11, .ofs_x = 0, .ofs_y = -3},
    {.bitmap_index = 6058, .adv_w = 40, .box_w = 2, .box_h = 11, .ofs_x = 0, .ofs_y = -3},
    {.bitmap_index = 6069, .adv_w = 90, .box_w = 6, .box_h = 9, .ofs_x = 0, .ofs_y = 0},
    {.bitmap_index = 6096, .adv_w = 57, .box_w = 4, .box_h = 9, .ofs_x = 0, .ofs_y = 0},
    {.bitmap_index = 6114, .adv_w = 91, .box_w = 6, .box_h = 8, .ofs_x = 0, .ofs_y = 0},
    {.bitmap_index = 6138, .adv_w = 62, .box_w = 4, .box_h = 8, .ofs_x = 0, .ofs_y = 0},
    {.bitmap_index = 6154, .adv_w = 96, .box_w = 6, .box_h = 8, .ofs_x = 0, .ofs_y = 0},
    {.bitmap_index = 6178, .adv_w = 40, .box_w = 4, .box_h = 8, .ofs_x = -1, .ofs_y = 0},
    {.bitmap_index = 6194, .adv_w = 121, .box_w = 7, .box_h = 10, .ofs_x = 0, .ofs_y = 0},
    {.bitmap_index = 6229, .adv_w = 96, .box_w = 6, .box_h = 8, .ofs_x = 0, .ofs_y = 0},
    {.bitmap_index = 6253, .adv_w = 121, .box_w = 7, .box_h = 11, .ofs_x = 0, .ofs_y = -3},
    {.bitmap_index = 6292, .adv_w = 96, .box_w = 6, .box_h = 9, .ofs_x = 0, .ofs_y = -3},
    {.bitmap_index = 6319, .adv_w = 121, .box_w = 7, .box_h = 11, .ofs_x = 0, .ofs_y = 0},
    {.bitmap_index = 6358, .adv_w = 96, .box_w = 6, .box_h = 9, .ofs_x = 0, .ofs_y = 0},
    {.bitmap_index = 6385, .adv_w = 121, .box_w = 7, .box_h = 10, .ofs_x = 0, .ofs_y = -2},
    {.bitmap_index = 6420, .adv_w = 96, .box_w = 6, .box_h = 8, .ofs_x = 0, .ofs_y = -2},
    {.bitmap_index = 6444, .adv_w = 123, .box_w = 8, .box_h = 10, .ofs_x = 0, .ofs_y = 0},
    {.bitmap_index = 6484, .adv_w = 97, .box_w = 6, .box_h = 8, .ofs_x = 0, .ofs_y = 0},
    {.bitmap_index = 6508, .adv_w = 123, .box_w = 8, .box_h = 11, .ofs_x = 0, .ofs_y = 0},
    {.bitmap_index = 6552, .adv_w = 97, .box_w = 6, .box_h = 9, .ofs_x = 0, .ofs_y = 0},
    {.bitmap_index = 6579, .adv_w = 123, .box_w = 8, .box_h = 11, .ofs_x = 0, .ofs_y = 0},
    {.bitmap_index = 6623, .adv_w = 97, .box_w = 6, .box_h = 9, .ofs_x = 0, .ofs_y = 0},
    {.bitmap_index = 6650, .adv_w = 161, .box_w = 10, .box_h = 8, .ofs_x = 0, .ofs_y = 0},
    {.bitmap_index = 6690, .adv_w = 159, .box_w = 10, .box_h = 6, .ofs_x = 0, .ofs_y = 0},
    {.bitmap_index = 6720, .adv_w = 104, .box_w = 7, .box_h = 10, .ofs_x = 0, .ofs_y = 0},
    {.bitmap_index = 6755, .adv_w = 62, .box_w = 4, .box_h = 8, .ofs_x = 0, .ofs_y = 0},
    {.bitmap_index = 6771, .adv_w = 104, .box_w = 7, .box_h = 11, .ofs_x = 0, .ofs_y = -3},
    {.bitmap_index = 6810, .adv_w = 62, .box_w = 4, .box_h = 9, .ofs_x = 0, .ofs_y = -3},
    {.bitmap_index = 6828, .adv_w = 104, .box_w = 7, .box_h = 11, .ofs_x = 0, .ofs_y = 0},
    {.bitmap_index = 6867, .adv_w = 62, .box_w = 4, .box_h = 9, .ofs_x = 0, .ofs_y = 0},
    {.bitmap_index = 6885, .adv_w = 103, .box_w = 6, .box_h = 11, .ofs_x = 0, .ofs_y = 0},
    {.bitmap_index = 6918, .adv_w = 86, .box_w = 5, .box_h = 9, .ofs_x = 0, .ofs_y = 0},
    {.bitmap_index = 6941, .adv_w = 103, .box_w = 6, .box_h = 11, .ofs_x = 0, .ofs_y = 0},
    {.bitmap_index = 6974, .adv_w = 86, .box_w = 5, .box_h = 9, .ofs_x = 0, .ofs_y = 0},
    {.bitmap_index = 6997, .adv_w = 103, .box_w = 6, .box_h = 10, .ofs_x = 0, .ofs_y = -2},
    {.bitmap_index = 7027, .adv_w = 86, .box_w = 5, .box_h = 8, .ofs_x = 0, .ofs_y = -2},
    {.bitmap_index = 7047, .adv_w = 103, .box_w = 6, .box_h = 11, .ofs_x = 0, .ofs_y = 0},
    {.bitmap_index = 7080, .adv_w = 86, .box_w = 5, .box_h = 9, .ofs_x = 0, .ofs_y = 0},
    {.bitmap_index = 7103, .adv_w = 104, .box_w = 7, .box_h = 10, .ofs_x = 0, .ofs_y = -2},
    {.bitmap_index = 7138, .adv_w = 54, .box_w = 4, .box_h = 10, .ofs_x = 0, .ofs_y = -2},
    {.bitmap_index = 7158, .adv_w = 104, .box_w = 7, .box_h = 11, .ofs_x = 0, .ofs_y = 0},
    {.bitmap_index = 7197, .adv_w = 64, .box_w = 4, .box_h = 9, .ofs_x = 0, .ofs_y = 0},
    {.bitmap_index = 7215, .adv_w = 104, .box_w = 7, .box_h = 8, .ofs_x = 0, .ofs_y = 0},
    {.bitmap_index = 7243, .adv_w = 54, .box_w = 4, .box_h = 8, .ofs_x = 0, .ofs_y = 0},
    {.bitmap_index = 7259, .adv_w = 118, .box_w = 7, .box_h = 10, .ofs_x = 0, .ofs_y = 0},
    {.bitmap_index = 7294, .adv_w = 96, .box_w = 6, .box_h = 8, .ofs_x = 0, .ofs_y = 0},
    {.bitmap_index = 7318, .adv_w = 118, .box_w = 7, .box_h = 10, .ofs_x = 0, .ofs_y = 0},
    {.bitmap_index = 7353, .adv_w = 96, .box_w = 6, .box_h = 8, .ofs_x = 0, .ofs_y = 0},
    {.bitmap_index = 7377, .adv_w = 118, .box_w = 7, .box_h = 11, .ofs_x = 0, .ofs_y = 0},
    {.bitmap_index = 7416, .adv_w = 96, .box_w = 6, .box_h = 9, .ofs_x = 0, .ofs_y = 0},
    {.bitmap_index = 7443, .adv_w = 118, .box_w = 7, .box_h = 11, .ofs_x = 0, .ofs_y = 0},
    {.bitmap_index = 7482, .adv_w = 96, .box_w = 6, .box_h = 9, .ofs_x = 0, .ofs_y = 0},
    {.bitmap_index = 7509, .adv_w = 118, .box_w = 7, .box_h = 11, .ofs_x = 0, .ofs_y = 0},
    {.bitmap_index = 7548, .adv_w = 96, .box_w = 6, .box_h = 9, .ofs_x = 0, .ofs_y = 0},
    {.bitmap_index = 7575, .adv_w = 118, .box_w = 7, .box_h = 10, .ofs_x = 0, .ofs_y = -2},
    {.bitmap_index = 7610, .adv_w = 96, .box_w = 6, .box_h = 8, .ofs_x = 0, .ofs_y = -2},
    {.bitmap_index = 7634, .adv_w = 160, .box_w = 10, .box_h = 11, .ofs_x = 0, .ofs_y = 0},
    {.bitmap_index = 7689, .adv_w = 133, .box_w = 9, .box_h = 9, .ofs_x = 0, .ofs_y = 0},
    {.bitmap_index = 7730, .adv_w = 111, .box_w = 7, .box_h = 11, .ofs_x = 0, .ofs_y = 0},
    {.bitmap_index = 7769, .adv_w = 92, .box_w = 6, .box_h = 11, .ofs_x = 0, .ofs_y = -2},
    {.bitmap_index = 7802, .adv_w = 111, .box_w = 7, .box_h = 11, .ofs_x = 0, .ofs_y = 0},
    {.bitmap_index = 7841, .adv_w = 103, .box_w = 6, .box_h = 10, .ofs_x = 0, .ofs_y = 0},
    {.bitmap_index = 7871, .adv_w = 89, .box_w = 5, .box_h = 8, .ofs_x = 0, .ofs_y = 0},
    {.bitmap_index = 7891, .adv_w = 103, .box_w = 6, .box_h = 11, .ofs_x = 0, .ofs_y = 0},
    {.bitmap_index = 7924, .adv_w = 89, .box_w = 5, .box_h = 8, .ofs_x = 0, .ofs_y = 0},
    {.bitmap_index = 7944, .adv_w = 103, .box_w = 6, .box_h = 11, .ofs_x = 0, .ofs_y = 0},
    {.bitmap_index = 7977, .adv_w = 89, .box_w = 5, .box_h = 9, .ofs_x = 0, .ofs_y = 0},
    {.bitmap_index = 8000, .adv_w = 52, .box_w = 4, .box_h = 8, .ofs_x = 0, .ofs_y = 0},
    {.bitmap_index = 8016, .adv_w = 99, .box_w = 6, .box_h = 8, .ofs_x = 0, .ofs_y = 0},
    {.bitmap_index = 8040, .adv_w = 130, .box_w = 8, .box_h = 8, .ofs_x = 0, .ofs_y = 0},
    {.bitmap_index = 8072, .adv_w = 105, .box_w = 7, .box_h = 8, .ofs_x = 0, .ofs_y = 0},
    {.bitmap_index = 8100, .adv_w = 99, .box_w = 6, .box_h = 8, .ofs_x = 0, .ofs_y = 0},
    {.bitmap_index = 8124, .adv_w = 129, .box_w = 8, .box_h = 8, .ofs_x = 0, .ofs_y = 0},
    {.bitmap_index = 8156, .adv_w = 114, .box_w = 7, .box_h = 6, .ofs_x = 0, .ofs_y = 0},
    {.bitmap_index = 8177, .adv_w = 117, .box_w = 7, .box_h = 8, .ofs_x = 0, .ofs_y = 0},
    {.bitmap_index = 8205, .adv_w = 117, .box_w = 8, .box_h = 9, .ofs_x = 0, .ofs_y = 0},
    {.bitmap_index = 8241, .adv_w = 95, .box_w = 6, .box_h = 7, .ofs_x = 0, .ofs_y = 0},
    {.bitmap_index = 8262, .adv_w = 119, .box_w = 7, .box_h = 8, .ofs_x = 0, .ofs_y = 0},
    {.bitmap_index = 8290, .adv_w = 140, .box_w = 9, .box_h = 8, .ofs_x = 0, .ofs_y = 0},
    {.bitmap_index = 8326, .adv_w = 103, .box_w = 6, .box_h = 8, .ofs_x = 0, .ofs_y = 0},
    {.bitmap_index = 8350, .adv_w = 99, .box_w = 6, .box_h = 8, .ofs_x = 0, .ofs_y = 0},
    {.bitmap_index = 8374, .adv_w = 92, .box_w = 6, .box_h = 8, .ofs_x = 0, .ofs_y = -2},
    {.bitmap_index = 8398, .adv_w = 96, .box_w = 6, .box_h = 8, .ofs_x = 0, .ofs_y = 0},
    {.bitmap_index = 8422, .adv_w = 120, .box_w = 7, .box_h = 8, .ofs_x = 0, .ofs_y = 0},
    {.bitmap_index = 8450, .adv_w = 100, .box_w = 6, .box_h = 8, .ofs_x = 0, .ofs_y = 0},
    {.bitmap_index = 8474, .adv_w = 94, .box_w = 7, .box_h = 10, .ofs_x = -1, .ofs_y = -2},
    {.bitmap_index = 8509, .adv_w = 66, .box_w = 4, .box_h = 10, .ofs_x = 0, .ofs_y = -2},
    {.bitmap_index = 8529, .adv_w = 120, .box_w = 8, .box_h = 9, .ofs_x = 0, .ofs_y = 0},
    {.bitmap_index = 8565, .adv_w = 107, .box_w = 7, .box_h = 10, .ofs_x = 0, .ofs_y = -2},
    {.bitmap_index = 8600, .adv_w = 154, .box_w = 9, .box_h = 8, .ofs_x = 0, .ofs_y = 0},
    {.bitmap_index = 8636, .adv_w = 46, .box_w = 3, .box_h = 8, .ofs_x = 0, .ofs_y = 0},
    {.bitmap_index = 8648, .adv_w = 55, .box_w = 4, .box_h = 8, .ofs_x = 0, .ofs_y = 0},
    {.bitmap_index = 8664, .adv_w = 111, .box_w = 7, .box_h = 9, .ofs_x = 0, .ofs_y = 0},
    {.bitmap_index = 8696, .adv_w = 89, .box_w = 6, .box_h = 8, .ofs_x = 0, .ofs_y = 0},
    {.bitmap_index = 8720, .adv_w = 40, .box_w = 4, .box_h = 8, .ofs_x = -1, .ofs_y = 0},
    {.bitmap_index = 8736, .adv_w = 105, .box_w = 7, .box_h = 8, .ofs_x = 0, .ofs_y = 0},
    {.bitmap_index = 8764, .adv_w = 148, .box_w = 9, .box_h = 8, .ofs_x = 0, .ofs_y = 0},
    {.bitmap_index = 8800, .adv_w = 121, .box_w = 8, .box_h = 10, .ofs_x = -1, .ofs_y = -2},
    {.bitmap_index = 8840, .adv_w = 96, .box_w = 6, .box_h = 8, .ofs_x = 0, .ofs_y = -2},
    {.bitmap_index = 8864, .adv_w = 123, .box_w = 8, .box_h = 8, .ofs_x = 0, .ofs_y = 0},
    {.bitmap_index = 8896, .adv_w = 123, .box_w = 8, .box_h = 10, .ofs_x = 0, .ofs_y = 0},
    {.bitmap_index = 8936, .adv_w = 96, .box_w = 6, .box_h = 7, .ofs_x = 0, .ofs_y = 0},
    {.bitmap_index = 8957, .adv_w = 143, .box_w = 9, .box_h = 10, .ofs_x = 0, .ofs_y = -2},
    {.bitmap_index = 9002, .adv_w = 107, .box_w = 7, .box_h = 8, .ofs_x = 0, .ofs_y = -2},
    {.bitmap_index = 9030, .adv_w = 127, .box_w = 8, .box_h = 8, .ofs_x = 0, .ofs_y = 0},
    {.bitmap_index = 9062, .adv_w = 99, .box_w = 6, .box_h = 10, .ofs_x = 0, .ofs_y = -2},
    {.bitmap_index = 9092, .adv_w = 118, .box_w = 7, .box_h = 11, .ofs_x = 0, .ofs_y = -2},
    {.bitmap_index = 9131, .adv_w = 103, .box_w = 6, .box_h = 8, .ofs_x = 0, .ofs_y = 0},
    {.bitmap_index = 9155, .adv_w = 86, .box_w = 5, .box_h = 6, .ofs_x = 0, .ofs_y = 0},
    {.bitmap_index = 9170, .adv_w = 103, .box_w = 7, .box_h = 8, .ofs_x = 0, .ofs_y = 0},
    {.bitmap_index = 9198, .adv_w = 93, .box_w = 6, .box_h = 10, .ofs_x = 0, .ofs_y = -2},
    {.bitmap_index = 9228, .adv_w = 54, .box_w = 4, .box_h = 10, .ofs_x = 0, .ofs_y = -2},
    {.bitmap_index = 9248, .adv_w = 108, .box_w = 7, .box_h = 8, .ofs_x = 0, .ofs_y = 0},
    {.bitmap_index = 9276, .adv_w = 54, .box_w = 4, .box_h = 8, .ofs_x = 0, .ofs_y = 0},
    {.bitmap_index = 9292, .adv_w = 104, .box_w = 7, .box_h = 10, .ofs_x = 0, .ofs_y = -2},
    {.bitmap_index = 9327, .adv_w = 118, .box_w = 8, .box_h = 9, .ofs_x = 0, .ofs_y = 0},
    {.bitmap_index = 9363, .adv_w = 101, .box_w = 7, .box_h = 8, .ofs_x = 0, .ofs_y = 0},
    {.bitmap_index = 9391, .adv_w = 123, .box_w = 8, .box_h = 8, .ofs_x = 0, .ofs_y = 0},
    {.bitmap_index = 9423, .adv_w = 103, .box_w = 6, .box_h = 8, .ofs_x = 0, .ofs_y = 0},
    {.bitmap_index = 9447, .adv_w = 118, .box_w = 8, .box_h = 9, .ofs_x = 0, .ofs_y = 0},
    {.bitmap_index = 9483, .adv_w = 111, .box_w = 7, .box_h = 10, .ofs_x = 0, .ofs_y = -2},
    {.bitmap_index = 9518, .adv_w = 103, .box_w = 6, .box_h = 8, .ofs_x = 0, .ofs_y = 0},
    {.bitmap_index = 9542, .adv_w = 89, .box_w = 5, .box_h = 6, .ofs_x = 0, .ofs_y = 0},
    {.bitmap_index = 9557, .adv_w = 110, .box_w = 7, .box_h = 10, .ofs_x = 0, .ofs_y = -2},
    {.bitmap_index = 9592, .adv_w = 110, .box_w = 7, .box_h = 10, .ofs_x = 0, .ofs_y = -2},
    {.bitmap_index = 9627, .adv_w = 101, .box_w = 6, .box_h = 8, .ofs_x = 0, .ofs_y = -2},
    {.bitmap_index = 9651, .adv_w = 88, .box_w = 6, .box_h = 8, .ofs_x = 0, .ofs_y = -2},
    {.bitmap_index = 9675, .adv_w = 99, .box_w = 6, .box_h = 8, .ofs_x = 0, .ofs_y = 0},
    {.bitmap_index = 9699, .adv_w = 99, .box_w = 6, .box_h = 8, .ofs_x = 0, .ofs_y = 0},
    {.bitmap_index = 9723, .adv_w = 93, .box_w = 6, .box_h = 6, .ofs_x = 0, .ofs_y = 0},
    {.bitmap_index = 9741, .adv_w = 89, .box_w = 5, .box_h = 7, .ofs_x = 0, .ofs_y = 0},
    {.bitmap_index = 9759, .adv_w = 103, .box_w = 6, .box_h = 8, .ofs_x = 0, .ofs_y = -2},
    {.bitmap_index = 9783, .adv_w = 44, .box_w = 2, .box_h = 8, .ofs_x = 0, .ofs_y = 0},
    {.bitmap_index = 9791, .adv_w = 59, .box_w = 3, .box_h = 8, .ofs_x = 0, .ofs_y = 0},
    {.bitmap_index = 9803, .adv_w = 40, .box_w = 4, .box_h = 8, .ofs_x = -1, .ofs_y = 0},
    {.bitmap_index = 9819, .adv_w = 49, .box_w = 3, .box_h = 8, .ofs_x = 0, .ofs_y = 0},
    {.bitmap_index = 9831, .adv_w = 205, .box_w = 13, .box_h = 9, .ofs_x = 0, .ofs_y = 0},
    {.bitmap_index = 9890, .adv_w = 188, .box_w = 12, .box_h = 9, .ofs_x = 0, .ofs_y = 0},
    {.bitmap_index = 9944, .adv_w = 183, .box_w = 11, .box_h = 8, .ofs_x = 0, .ofs_y = 0},
    {.bitmap_index = 9988, .adv_w = 131, .box_w = 8, .box_h = 10, .ofs_x = 0, .ofs_y = -2},
    {.bitmap_index = 10028, .adv_w = 81, .box_w = 5, .box_h = 10, .ofs_x = 0, .ofs_y = -2},
    {.bitmap_index = 10053, .adv_w = 213, .box_w = 13, .box_h = 8, .ofs_x = 0, .ofs_y = 0},
    {.bitmap_index = 10105, .adv_w = 161, .box_w = 10, .box_h = 10, .ofs_x = 0, .ofs_y = -2},
    {.bitmap_index = 10155, .adv_w = 136, .box_w = 8, .box_h = 10, .ofs_x = 0, .ofs_y = -2},
    {.bitmap_index = 10195, .adv_w = 113, .box_w = 7, .box_h = 11, .ofs_x = 0, .ofs_y = 0},
    {.bitmap_index = 10234, .adv_w = 91, .box_w = 5, .box_h = 9, .ofs_x = 0, .ofs_y = 0},
    {.bitmap_index = 10257, .adv_w = 44, .box_w = 5, .box_h = 11, .ofs_x = -1, .ofs_y = 0},
    {.bitmap_index = 10285, .adv_w = 40, .box_w = 4, .box_h = 9, .ofs_x = -1, .ofs_y = 0},
    {.bitmap_index = 10303, .adv_w = 123, .box_w = 8, .box_h = 11, .ofs_x = 0, .ofs_y = 0},
    {.bitmap_index = 10347, .adv_w = 97, .box_w = 6, .box_h = 9, .ofs_x = 0, .ofs_y = 0},
    {.bitmap_index = 10374, .adv_w = 118, .box_w = 7, .box_h = 11, .ofs_x = 0, .ofs_y = 0},
    {.bitmap_index = 10413, .adv_w = 96, .box_w = 6, .box_h = 9, .ofs_x = 0, .ofs_y = 0},
    {.bitmap_index = 10440, .adv_w = 118, .box_w = 7, .box_h = 12, .ofs_x = 0, .ofs_y = 0},
    {.bitmap_index = 10482, .adv_w = 96, .box_w = 6, .box_h = 10, .ofs_x = 0, .ofs_y = 0},
    {.bitmap_index = 10512, .adv_w = 118, .box_w = 7, .box_h = 13, .ofs_x = 0, .ofs_y = 0},
    {.bitmap_index = 10558, .adv_w = 96, .box_w = 6, .box_h = 11, .ofs_x = 0, .ofs_y = 0},
    {.bitmap_index = 10591, .adv_w = 118, .box_w = 7, .box_h = 12, .ofs_x = 0, .ofs_y = 0},
    {.bitmap_index = 10633, .adv_w = 96, .box_w = 6, .box_h = 10, .ofs_x = 0, .ofs_y = 0},
    {.bitmap_index = 10663, .adv_w = 118, .box_w = 7, .box_h = 13, .ofs_x = 0, .ofs_y = 0},
    {.bitmap_index = 10709, .adv_w = 96, .box_w = 6, .box_h = 11, .ofs_x = 0, .ofs_y = 0},
    {.bitmap_index = 10742, .adv_w = 94, .box_w = 6, .box_h = 6, .ofs_x = 0, .ofs_y = 0},
    {.bitmap_index = 10760, .adv_w = 113, .box_w = 7, .box_h = 12, .ofs_x = 0, .ofs_y = 0},
    {.bitmap_index = 10802, .adv_w = 91, .box_w = 5, .box_h = 10, .ofs_x = 0, .ofs_y = 0},
    {.bitmap_index = 10827, .adv_w = 113, .box_w = 7, .box_h = 12, .ofs_x = 0, .ofs_y = 0},
    {.bitmap_index = 10869, .adv_w = 91, .box_w = 5, .box_h = 10, .ofs_x = 0, .ofs_y = 0},
    {.bitmap_index = 10894, .adv_w = 161, .box_w = 10, .box_h = 10, .ofs_x = 0, .ofs_y = 0},
    {.bitmap_index = 10944, .adv_w = 146, .box_w = 9, .box_h = 8, .ofs_x = 0, .ofs_y = 0},
    {.bitmap_index = 10980, .adv_w = 120, .box_w = 8, .box_h = 8, .ofs_x = 0, .ofs_y = 0},
    {.bitmap_index = 11012, .adv_w = 108, .box_w = 7, .box_h = 8, .ofs_x = 0, .ofs_y = -2},
    {.bitmap_index = 11040, .adv_w = 120, .box_w = 7, .box_h = 11, .ofs_x = 0, .ofs_y = 0},
    {.bitmap_index = 11079, .adv_w = 99, .box_w = 6, .box_h = 11, .ofs_x = 0, .ofs_y = -2},
    {.bitmap_index = 11112, .adv_w = 110, .box_w = 7, .box_h = 11, .ofs_x = 0, .ofs_y = 0},
    {.bitmap_index = 11151, .adv_w = 89, .box_w = 7, .box_h = 11, .ofs_x = -1, .ofs_y = 0},
    {.bitmap_index = 11190, .adv_w = 123, .box_w = 8, .box_h = 10, .ofs_x = 0, .ofs_y = -2},
    {.bitmap_index = 11230, .adv_w = 97, .box_w = 6, .box_h = 8, .ofs_x = 0, .ofs_y = -2},
    {.bitmap_index = 11254, .adv_w = 123, .box_w = 8, .box_h = 12, .ofs_x = 0, .ofs_y = -2},
    {.bitmap_index = 11302, .adv_w = 97, .box_w = 6, .box_h = 10, .ofs_x = 0, .ofs_y = -2},
    {.bitmap_index = 11332, .adv_w = 110, .box_w = 7, .box_h = 13, .ofs_x = 0, .ofs_y = -2},
    {.bitmap_index = 11378, .adv_w = 101, .box_w = 6, .box_h = 11, .ofs_x = 0, .ofs_y = -2},
    {.bitmap_index = 11411, .adv_w = 40, .box_w = 4, .box_h = 11, .ofs_x = -1, .ofs_y = -2},
    {.bitmap_index = 11433, .adv_w = 218, .box_w = 14, .box_h = 8, .ofs_x = 0, .ofs_y = 0},
    {.bitmap_index = 11489, .adv_w = 205, .box_w = 13, .box_h = 8, .ofs_x = 0, .ofs_y = 0},
    {.bitmap_index = 11541, .adv_w = 188, .box_w = 12, .box_h = 8, .ofs_x = 0, .ofs_y = 0},
    {.bitmap_index = 11589, .adv_w = 120, .box_w = 7, .box_h = 11, .ofs_x = 0, .ofs_y = 0},
    {.bitmap_index = 11628, .adv_w = 99, .box_w = 6, .box_h = 11, .ofs_x = 0, .ofs_y = -2},
    {.bitmap_index = 11661, .adv_w = 179, .box_w = 11, .box_h = 8, .ofs_x = 0, .ofs_y = 0},
    {.bitmap_index = 11705, .adv_w = 107, .box_w = 7, .box_h = 10, .ofs_x = 0, .ofs_y = -2},
    {.bitmap_index = 11740, .adv_w = 121, .box_w = 7, .box_h = 10, .ofs_x = 0, .ofs_y = 0},
    {.bitmap_index = 11775, .adv_w = 96, .box_w = 6, .box_h = 8, .ofs_x = 0, .ofs_y = 0},
    {.bitmap_index = 11799, .adv_w = 113, .box_w = 7, .box_h = 12, .ofs_x = 0, .ofs_y = 0},
    {.bitmap_index = 11841, .adv_w = 91, .box_w = 5, .box_h = 10, .ofs_x = 0, .ofs_y = 0},
    {.bitmap_index = 11866, .adv_w = 161, .box_w = 10, .box_h = 10, .ofs_x = 0, .ofs_y = 0},
    {.bitmap_index = 11916, .adv_w = 146, .box_w = 9, .box_h = 9, .ofs_x = 0, .ofs_y = 0},
    {.bitmap_index = 11957, .adv_w = 123, .box_w = 8, .box_h = 12, .ofs_x = 0, .ofs_y = -1},
    {.bitmap_index = 12005, .adv_w = 97, .box_w = 6, .box_h = 10, .ofs_x = 0, .ofs_y = -1},
    {.bitmap_index = 12035, .adv_w = 113, .box_w = 7, .box_h = 10, .ofs_x = 0, .ofs_y = 0},
    {.bitmap_index = 12070, .adv_w = 91, .box_w = 5, .box_h = 9, .ofs_x = 0, .ofs_y = 0},
    {.bitmap_index = 12093, .adv_w = 113, .box_w = 7, .box_h = 10, .ofs_x = 0, .ofs_y = 0},
    {.bitmap_index = 12128, .adv_w = 91, .box_w = 5, .box_h = 8, .ofs_x = 0, .ofs_y = 0},
    {.bitmap_index = 12148, .adv_w = 96, .box_w = 6, .box_h = 10, .ofs_x = 0, .ofs_y = 0},
    {.bitmap_index = 12178, .adv_w = 94, .box_w = 6, .box_h = 9, .ofs_x = 0, .ofs_y = 0},
    {.bitmap_index = 12205, .adv_w = 96, .box_w = 6, .box_h = 10, .ofs_x = 0, .ofs_y = 0},
    {.bitmap_index = 12235, .adv_w = 94, .box_w = 6, .box_h = 8, .ofs_x = 0, .ofs_y = 0},
    {.bitmap_index = 12259, .adv_w = 44, .box_w = 4, .box_h = 10, .ofs_x = -1, .ofs_y = 0},
    {.bitmap_index = 12279, .adv_w = 40, .box_w = 5, .box_h = 8, .ofs_x = -2, .ofs_y = 0},
    {.bitmap_index = 12299, .adv_w = 44, .box_w = 4, .box_h = 10, .ofs_x = -1, .ofs_y = 0},
    {.bitmap_index = 12319, .adv_w = 40, .box_w = 4, .box_h = 8, .ofs_x = -1, .ofs_y = 0},
    {.bitmap_index = 12335, .adv_w = 123, .box_w = 8, .box_h = 11, .ofs_x = 0, .ofs_y = 0},
    {.bitmap_index = 12379, .adv_w = 97, .box_w = 6, .box_h = 9, .ofs_x = 0, .ofs_y = 0},
    {.bitmap_index = 12406, .adv_w = 123, .box_w = 8, .box_h = 11, .ofs_x = 0, .ofs_y = 0},
    {.bitmap_index = 12450, .adv_w = 97, .box_w = 6, .box_h = 8, .ofs_x = 0, .ofs_y = 0},
    {.bitmap_index = 12474, .adv_w = 104, .box_w = 7, .box_h = 10, .ofs_x = 0, .ofs_y = 0},
    {.bitmap_index = 12509, .adv_w = 62, .box_w = 5, .box_h = 8, .ofs_x = -1, .ofs_y = 0},
    {.bitmap_index = 12529, .adv_w = 104, .box_w = 7, .box_h = 10, .ofs_x = 0, .ofs_y = 0},
    {.bitmap_index = 12564, .adv_w = 62, .box_w = 4, .box_h = 8, .ofs_x = 0, .ofs_y = 0},
    {.bitmap_index = 12580, .adv_w = 118, .box_w = 7, .box_h = 11, .ofs_x = 0, .ofs_y = 0},
    {.bitmap_index = 12619, .adv_w = 96, .box_w = 6, .box_h = 9, .ofs_x = 0, .ofs_y = 0},
    {.bitmap_index = 12646, .adv_w = 118, .box_w = 7, .box_h = 11, .ofs_x = 0, .ofs_y = 0},
    {.bitmap_index = 12685, .adv_w = 96, .box_w = 6, .box_h = 8, .ofs_x = 0, .ofs_y = 0},
    {.bitmap_index = 12709, .adv_w = 103, .box_w = 6, .box_h = 10, .ofs_x = 0, .ofs_y = -2},
    {.bitmap_index = 12739, .adv_w = 86, .box_w = 5, .box_h = 8, .ofs_x = 0, .ofs_y = -2},
    {.bitmap_index = 12759, .adv_w = 104, .box_w = 7, .box_h = 11, .ofs_x = 0, .ofs_y = -3},
    {.bitmap_index = 12798, .adv_w = 54, .box_w = 4, .box_h = 11, .ofs_x = 0, .ofs_y = -3},
    {.bitmap_index = 12820, .adv_w = 103, .box_w = 6, .box_h = 11, .ofs_x = 0, .ofs_y = -3},
    {.bitmap_index = 12853, .adv_w = 89, .box_w = 5, .box_h = 9, .ofs_x = 0, .ofs_y = -3},
    {.bitmap_index = 12876, .adv_w = 119, .box_w = 7, .box_h = 11, .ofs_x = 0, .ofs_y = 0},
    {.bitmap_index = 12915, .adv_w = 96, .box_w = 7, .box_h = 11, .ofs_x = -1, .ofs_y = 0},
    {.bitmap_index = 12954, .adv_w = 103, .box_w = 6, .box_h = 10, .ofs_x = 0, .ofs_y = -2},
    {.bitmap_index = 12984, .adv_w = 124, .box_w = 8, .box_h = 10, .ofs_x = 0, .ofs_y = -2},
    {.bitmap_index = 13024, .adv_w = 103, .box_w = 7, .box_h = 8, .ofs_x = 0, .ofs_y = 0},
    {.bitmap_index = 13052, .adv_w = 103, .box_w = 6, .box_h = 8, .ofs_x = 0, .ofs_y = 0},
    {.bitmap_index = 13076, .adv_w = 103, .box_w = 6, .box_h = 10, .ofs_x = 0, .ofs_y = -2},
    {.bitmap_index = 13106, .adv_w = 89, .box_w = 6, .box_h = 8, .ofs_x = 0, .ofs_y = -2},
    {.bitmap_index = 13130, .adv_w = 113, .box_w = 7, .box_h = 11, .ofs_x = 0, .ofs_y = 0},
    {.bitmap_index = 13169, .adv_w = 91, .box_w = 5, .box_h = 8, .ofs_x = 0, .ofs_y = 0},
    {.bitmap_index = 13189, .adv_w = 96, .box_w = 6, .box_h = 10, .ofs_x = 0, .ofs_y = -2},
    {.bitmap_index = 13219, .adv_w = 94, .box_w = 6, .box_h = 8, .ofs_x = 0, .ofs_y = -2},
    {.bitmap_index = 13243, .adv_w = 123, .box_w = 8, .box_h = 12, .ofs_x = 0, .ofs_y = 0},
    {.bitmap_index = 13291, .adv_w = 97, .box_w = 6, .box_h = 10, .ofs_x = 0, .ofs_y = 0},
    {.bitmap_index = 13321, .adv_w = 123, .box_w = 8, .box_h = 12, .ofs_x = 0, .ofs_y = 0},
    {.bitmap_index = 13369, .adv_w = 97, .box_w = 6, .box_h = 10, .ofs_x = 0, .ofs_y = 0},
    {.bitmap_index = 13399, .adv_w = 123, .box_w = 8, .box_h = 11, .ofs_x = 0, .ofs_y = 0},
    {.bitmap_index = 13443, .adv_w = 97, .box_w = 6, .box_h = 8, .ofs_x = 0, .ofs_y = 0},
    {.bitmap_index = 13467, .adv_w = 123, .box_w = 8, .box_h = 12, .ofs_x = 0, .ofs_y = 0},
    {.bitmap_index = 13515, .adv_w = 97, .box_w = 6, .box_h = 10, .ofs_x = 0, .ofs_y = 0},
    {.bitmap_index = 13545, .adv_w = 111, .box_w = 7, .box_h = 10, .ofs_x = 0, .ofs_y = 0},
    {.bitmap_index = 13580, .adv_w = 92, .box_w = 6, .box_h = 10, .ofs_x = 0, .ofs_y = -2},
    {.bitmap_index = 13610, .adv_w = 65, .box_w = 5, .box_h = 10, .ofs_x = -1, .ofs_y = -2},
    {.bitmap_index = 13635, .adv_w = 121, .box_w = 8, .box_h = 8, .ofs_x = 0, .ofs_y = -2},
    {.bitmap_index = 13667, .adv_w = 68, .box_w = 6, .box_h = 8, .ofs_x = -1, .ofs_y = 0},
    {.bitmap_index = 13691, .adv_w = 40, .box_w = 3, .box_h = 8, .ofs_x = -1, .ofs_y = -2},
    {.bitmap_index = 13703, .adv_w = 147, .box_w = 9, .box_h = 8, .ofs_x = 0, .ofs_y = 0},
    {.bitmap_index = 13739, .adv_w = 147, .box_w = 9, .box_h = 8, .ofs_x = 0, .ofs_y = -2},
    {.bitmap_index = 13775, .adv_w = 113, .box_w = 7, .box_h = 10, .ofs_x = 0, .ofs_y = -1},
    {.bitmap_index = 13810, .adv_w = 117, .box_w = 7, .box_h = 10, .ofs_x = 0, .ofs_y = -1},
    {.bitmap_index = 13845, .adv_w = 92, .box_w = 6, .box_h = 10, .ofs_x = 0, .ofs_y = -2},
    {.bitmap_index = 13875, .adv_w = 94, .box_w = 6, .box_h = 8, .ofs_x = 0, .ofs_y = 0},
    {.bitmap_index = 13899, .adv_w = 104, .box_w = 7, .box_h = 11, .ofs_x = 0, .ofs_y = -1},
    {.bitmap_index = 13938, .adv_w = 86, .box_w = 5, .box_h = 8, .ofs_x = 0, .ofs_y = -2},
    {.bitmap_index = 13958, .adv_w = 89, .box_w = 7, .box_h = 8, .ofs_x = 0, .ofs_y = -2},
    {.bitmap_index = 13986, .adv_w = 89, .box_w = 6, .box_h = 8, .ofs_x = 0, .ofs_y = 0},
    {.bitmap_index = 14010, .adv_w = 89, .box_w = 5, .box_h = 6, .ofs_x = 0, .ofs_y = 0},
    {.bitmap_index = 14025, .adv_w = 106, .box_w = 7, .box_h = 8, .ofs_x = 0, .ofs_y = 0},
    {.bitmap_index = 14053, .adv_w = 120, .box_w = 9, .box_h = 8, .ofs_x = -1, .ofs_y = 0},
    {.bitmap_index = 14089, .adv_w = 118, .box_w = 7, .box_h = 8, .ofs_x = 0, .ofs_y = 0},
    {.bitmap_index = 14117, .adv_w = 96, .box_w = 6, .box_h = 10, .ofs_x = 0, .ofs_y = -1},
    {.bitmap_index = 14147, .adv_w = 94, .box_w = 6, .box_h = 10, .ofs_x = 0, .ofs_y = -2},
    {.bitmap_index = 14177, .adv_w = 98, .box_w = 7, .box_h = 8, .ofs_x = 0, .ofs_y = 0},
    {.bitmap_index = 14205, .adv_w = 40, .box_w = 4, .box_h = 10, .ofs_x = -1, .ofs_y = -2},
    {.bitmap_index = 14225, .adv_w = 123, .box_w = 8, .box_h = 10, .ofs_x = 0, .ofs_y = -2},
    {.bitmap_index = 14265, .adv_w = 99, .box_w = 7, .box_h = 8, .ofs_x = 0, .ofs_y = -2},
    {.bitmap_index = 14293, .adv_w = 105, .box_w = 7, .box_h = 8, .ofs_x = 0, .ofs_y = 0},
    {.bitmap_index = 14321, .adv_w = 62, .box_w = 5, .box_h = 6, .ofs_x = -1, .ofs_y = 0},
    {.bitmap_index = 14336, .adv_w = 110, .box_w = 7, .box_h = 8, .ofs_x = 0, .ofs_y = 0},
    {.bitmap_index = 14364, .adv_w = 92, .box_w = 6, .box_h = 8, .ofs_x = 0, .ofs_y = -2},
    {.bitmap_index = 14388, .adv_w = 160, .box_w = 11, .box_h = 11, .ofs_x = 0, .ofs_y = -2},
    {.bitmap_index = 14449, .adv_w = 160, .box_w = 10, .box_h = 8, .ofs_x = 0, .ofs_y = 0},
    {.bitmap_index = 14489, .adv_w = 160, .box_w = 10, .box_h = 10, .ofs_x = 0, .ofs_y = -1},
    {.bitmap_index = 14539, .adv_w = 160, .box_w = 10, .box_h = 8, .ofs_x = 0, .ofs_y = 0},
    {.bitmap_index = 14579, .adv_w = 110, .box_w = 7, .box_h = 8, .ofs_x = 0, .ofs_y = 0},
    {.bitmap_index = 14607, .adv_w = 160, .box_w = 10, .box_h = 11, .ofs_x = 0, .ofs_y = -2},
    {.bitmap_index = 14662, .adv_w = 160, .box_w = 10, .box_h = 11, .ofs_x = 0, .ofs_y = -2},
    {.bitmap_index = 14717, .adv_w = 180, .box_w = 12, .box_h = 10, .ofs_x = 0, .ofs_y = -1},
    {.bitmap_index = 14777, .adv_w = 160, .box_w = 10, .box_h = 11, .ofs_x = 0, .ofs_y = -2},
    {.bitmap_index = 14832, .adv_w = 180, .box_w = 12, .box_h = 8, .ofs_x = 0, .ofs_y = 0},
    {.bitmap_index = 14880, .adv_w = 160, .box_w = 10, .box_h = 11, .ofs_x = 0, .ofs_y = -2},
    {.bitmap_index = 14935, .adv_w = 80, .box_w = 5, .box_h = 8, .ofs_x = 0, .ofs_y = 0},
    {.bitmap_index = 14955, .adv_w = 120, .box_w = 8, .box_h = 8, .ofs_x = 0, .ofs_y = 0},
    {.bitmap_index = 14987, .adv_w = 180, .box_w = 12, .box_h = 10, .ofs_x = 0, .ofs_y = -1},
    {.bitmap_index = 15047, .adv_w = 160, .box_w = 10, .box_h = 8, .ofs_x = 0, .ofs_y = 0},
    {.bitmap_index = 15087, .adv_w = 110, .box_w = 7, .box_h = 11, .ofs_x = 0, .ofs_y = -2},
    {.bitmap_index = 15126, .adv_w = 140, .box_w = 7, .box_h = 10, .ofs_x = 1, .ofs_y = -1},
    {.bitmap_index = 15161, .adv_w = 140, .box_w = 9, .box_h = 11, .ofs_x = 0, .ofs_y = -2},
    {.bitmap_index = 15211, .adv_w = 140, .box_w = 9, .box_h = 10, .ofs_x = 0, .ofs_y = -1},
    {.bitmap_index = 15256, .adv_w = 140, .box_w = 9, .box_h = 10, .ofs_x = 0, .ofs_y = -1},
    {.bitmap_index = 15301, .adv_w = 140, .box_w = 7, .box_h = 10, .ofs_x = 1, .ofs_y = -1},
    {.bitmap_index = 15336, .adv_w = 140, .box_w = 10, .box_h = 10, .ofs_x = -1, .ofs_y = -1},
    {.bitmap_index = 15386, .adv_w = 100, .box_w = 6, .box_h = 10, .ofs_x = 0, .ofs_y = -1},
    {.bitmap_index = 15416, .adv_w = 100, .box_w = 6, .box_h = 10, .ofs_x = 0, .ofs_y = -1},
    {.bitmap_index = 15446, .adv_w = 140, .box_w = 9, .box_h = 10, .ofs_x = 0, .ofs_y = -1},
    {.bitmap_index = 15491, .adv_w = 140, .box_w = 9, .box_h = 3, .ofs_x = 0, .ofs_y = 2},
    {.bitmap_index = 15505, .adv_w = 180, .box_w = 12, .box_h = 8, .ofs_x = 0, .ofs_y = 0},
    {.bitmap_index = 15553, .adv_w = 200, .box_w = 13, .box_h = 11, .ofs_x = 0, .ofs_y = -2},
    {.bitmap_index = 15625, .adv_w = 180, .box_w = 13, .box_h = 11, .ofs_x = -1, .ofs_y = -2},
    {.bitmap_index = 15697, .adv_w = 160, .box_w = 10, .box_h = 10, .ofs_x = 0, .ofs_y = -1},
    {.bitmap_index = 15747, .adv_w = 140, .box_w = 9, .box_h = 6, .ofs_x = 0, .ofs_y = 1},
    {.bitmap_index = 15774, .adv_w = 140, .box_w = 9, .box_h = 6, .ofs_x = 0, .ofs_y = 1},
    {.bitmap_index = 15801, .adv_w = 200, .box_w = 13, .box_h = 8, .ofs_x = 0, .ofs_y = 0},
    {.bitmap_index = 15853, .adv_w = 160, .box_w = 10, .box_h = 8, .ofs_x = 0, .ofs_y = 0},
    {.bitmap_index = 15893, .adv_w = 160, .box_w = 10, .box_h = 11, .ofs_x = 0, .ofs_y = -2},
    {.bitmap_index = 15948, .adv_w = 160, .box_w = 11, .box_h = 11, .ofs_x = -1, .ofs_y = -2},
    {.bitmap_index = 16009, .adv_w = 200, .box_w = 13, .box_h = 10, .ofs_x = 0, .ofs_y = -1},
    {.bitmap_index = 16074, .adv_w = 140, .box_w = 9, .box_h = 10, .ofs_x = 0, .ofs_y = -1},
    {.bitmap_index = 16119, .adv_w = 140, .box_w = 9, .box_h = 11, .ofs_x = 0, .ofs_y = -2},
    {.bitmap_index = 16169, .adv_w = 140, .box_w = 9, .box_h = 10, .ofs_x = 0, .ofs_y = -1},
    {.bitmap_index = 16214, .adv_w = 140, .box_w = 9, .box_h = 9, .ofs_x = 0, .ofs_y = -1},
    {.bitmap_index = 16255, .adv_w = 160, .box_w = 10, .box_h = 8, .ofs_x = 0, .ofs_y = 0},
    {.bitmap_index = 16295, .adv_w = 100, .box_w = 8, .box_h = 11, .ofs_x = -1, .ofs_y = -2},
    {.bitmap_index = 16339, .adv_w = 140, .box_w = 9, .box_h = 11, .ofs_x = 0, .ofs_y = -2},
    {.bitmap_index = 16389, .adv_w = 140, .box_w = 9, .box_h = 11, .ofs_x = 0, .ofs_y = -2},
    {.bitmap_index = 16439, .adv_w = 180, .box_w = 12, .box_h = 8, .ofs_x = 0, .ofs_y = 0},
    {.bitmap_index = 16487, .adv_w = 160, .box_w = 12, .box_h = 11, .ofs_x = -1, .ofs_y = -2},
    {.bitmap_index = 16553, .adv_w = 120, .box_w = 8, .box_h = 11, .ofs_x = 0, .ofs_y = -2},
    {.bitmap_index = 16597, .adv_w = 160, .box_w = 10, .box_h = 11, .ofs_x = 0, .ofs_y = -2},
    {.bitmap_index = 16652, .adv_w = 200, .box_w = 13, .box_h = 10, .ofs_x = 0, .ofs_y = -1},
    {.bitmap_index = 16717, .adv_w = 200, .box_w = 13, .box_h = 7, .ofs_x = 0, .ofs_y = 0},
    {.bitmap_index = 16763, .adv_w = 200, .box_w = 13, .box_h = 7, .ofs_x = 0, .ofs_y = 0},
    {.bitmap_index = 16809, .adv_w = 200, .box_w = 13, .box_h = 7, .ofs_x = 0, .ofs_y = 0},
    {.bitmap_index = 16855, .adv_w = 200, .box_w = 13, .box_h = 7, .ofs_x = 0, .ofs_y = 0},
    {.bitmap_index = 16901, .adv_w = 200, .box_w = 13, .box_h = 7, .ofs_x = 0, .ofs_y = 0},
    {.bitmap_index = 16947, .adv_w = 200, .box_w = 13, .box_h = 9, .ofs_x = 0, .ofs_y = -1},
    {.bitmap_index = 17006, .adv_w = 140, .box_w = 9, .box_h = 11, .ofs_x = 0, .ofs_y = -2},
    {.bitmap_index = 17056, .adv_w = 140, .box_w = 10, .box_h = 11, .ofs_x = -1, .ofs_y = -2},
    {.bitmap_index = 17111, .adv_w = 140, .box_w = 9, .box_h = 11, .ofs_x = 0, .ofs_y = -2},
    {.bitmap_index = 17161, .adv_w = 160, .box_w = 11, .box_h = 11, .ofs_x = -1, .ofs_y = -2},
    {.bitmap_index = 17222, .adv_w = 200, .box_w = 13, .box_h = 8, .ofs_x = 0, .ofs_y = 0},
    {.bitmap_index = 17274, .adv_w = 200, .box_w = 13, .box_h = 11, .ofs_x = 0, .ofs_y = -2},
    {.bitmap_index = 17346, .adv_w = 160, .box_w = 11, .box_h = 10, .ofs_x = 0, .ofs_y = -1},
    {.bitmap_index = 17401, .adv_w = 160, .box_w = 10, .box_h = 11, .ofs_x = 0, .ofs_y = -2},
    {.bitmap_index = 17456, .adv_w = 160, .box_w = 11, .box_h = 11, .ofs_x = -1, .ofs_y = -2},
    {.bitmap_index = 17517, .adv_w = 200, .box_w = 13, .box_h = 11, .ofs_x = 0, .ofs_y = -2},
    {.bitmap_index = 17589, .adv_w = 120, .box_w = 8, .box_h = 11, .ofs_x = 0, .ofs_y = -2},
    {.bitmap_index = 17633, .adv_w = 161, .box_w = 11, .box_h = 7, .ofs_x = 0, .ofs_y = 0}
};

/*---------------------
 *  CHARACTER MAPPING
 *--------------------*/

static const uint16_t unicode_list_5[] = {
    0x0, 0x7, 0xa, 0xb, 0xc, 0x10, 0x12, 0x14,
    0x18, 0x1b, 0x20, 0x25, 0x26, 0x27, 0x3d, 0x42,
    0x47, 0x4a, 0x4b, 0x4c, 0x50, 0x51, 0x52, 0x53,
    0x66, 0x67, 0x6d, 0x6f, 0x70, 0x73, 0x76, 0x77,
    0x78, 0x7a, 0x92, 0x94, 0xc1, 0xc3, 0xc4, 0xc6,
    0xc8, 0xdf, 0xe6, 0xe9, 0xf2, 0x11b, 0x123, 0x15a,
    0x184, 0x1ea, 0x23f, 0x240, 0x241, 0x242, 0x243, 0x286,
    0x292, 0x2db, 0x2ec, 0x303, 0x559, 0x6c3, 0x72d, 0x73c,
    0x73f, 0x75e, 0x7c1, 0x8a1
};

/*Collect the unicode lists and glyph_id offsets*/
static const lv_font_fmt_txt_cmap_t cmaps[] =
{
    {
        .range_start = 32, .range_length = 95, .glyph_id_start = 1,
        .unicode_list = NULL, .glyph_id_ofs_list = NULL, .list_length = 0, .type = LV_FONT_FMT_TXT_CMAP_FORMAT0_TINY
    },
    {
        .range_start = 160, .range_length = 13, .glyph_id_start = 96,
        .unicode_list = NULL, .glyph_id_ofs_list = NULL, .list_length = 0, .type = LV_FONT_FMT_TXT_CMAP_FORMAT0_TINY
    },
    {
        .range_start = 174, .range_length = 155, .glyph_id_start = 109,
        .unicode_list = NULL, .glyph_id_ofs_list = NULL, .list_length = 0, .type = LV_FONT_FMT_TXT_CMAP_FORMAT0_TINY
    },
    {
        .range_start = 330, .range_length = 122, .glyph_id_start = 264,
        .unicode_list = NULL, .glyph_id_ofs_list = NULL, .list_length = 0, .type = LV_FONT_FMT_TXT_CMAP_FORMAT0_TINY
    },
    {
        .range_start = 453, .range_length = 139, .glyph_id_start = 386,
        .unicode_list = NULL, .glyph_id_ofs_list = NULL, .list_length = 0, .type = LV_FONT_FMT_TXT_CMAP_FORMAT0_TINY
    },
    {
        .range_start = 61441, .range_length = 2210, .glyph_id_start = 525,
        .unicode_list = unicode_list_5, .glyph_id_ofs_list = NULL, .list_length = 68, .type = LV_FONT_FMT_TXT_CMAP_SPARSE_TINY
    }
};

/*-----------------
 *    KERNING
 *----------------*/


/*Pair left and right glyphs for kerning*/
static const uint16_t kern_pair_glyph_ids[] =
{
    3, 7,
    3, 13,
    3, 15,
    3, 21,
    3, 98,
    7, 3,
    7, 8,
    7, 61,
    7, 109,
    8, 7,
    8, 13,
    8, 15,
    8, 21,
    8, 98,
    9, 93,
    9, 98,
    11, 7,
    11, 13,
    11, 15,
    11, 21,
    11, 33,
    11, 64,
    11, 105,
    12, 19,
    12, 20,
    12, 24,
    12, 61,
    12, 117,
    13, 1,
    13, 2,
    13, 3,
    13, 8,
    13, 17,
    13, 18,
    13, 20,
    13, 22,
    13, 23,
    13, 24,
    13, 25,
    13, 26,
    13, 32,
    13, 33,
    13, 105,
    13, 117,
    14, 19,
    14, 20,
    14, 24,
    14, 61,
    14, 117,
    15, 1,
    15, 2,
    15, 3,
    15, 8,
    15, 17,
    15, 18,
    15, 20,
    15, 22,
    15, 23,
    15, 24,
    15, 25,
    15, 26,
    15, 32,
    15, 33,
    15, 105,
    15, 117,
    16, 13,
    16, 15,
    16, 61,
    17, 13,
    17, 15,
    17, 24,
    17, 61,
    17, 64,
    18, 10,
    18, 62,
    18, 64,
    18, 94,
    19, 21,
    20, 11,
    20, 13,
    20, 15,
    20, 63,
    20, 107,
    20, 111,
    21, 11,
    21, 13,
    21, 15,
    21, 18,
    21, 63,
    21, 109,
    21, 111,
    21, 117,
    22, 11,
    22, 13,
    22, 15,
    22, 63,
    22, 109,
    22, 111,
    23, 13,
    23, 15,
    23, 64,
    24, 4,
    24, 7,
    24, 13,
    24, 15,
    24, 17,
    24, 20,
    24, 21,
    24, 22,
    24, 23,
    24, 24,
    24, 25,
    24, 26,
    24, 27,
    24, 28,
    24, 29,
    24, 64,
    24, 98,
    24, 107,
    25, 11,
    25, 13,
    25, 15,
    25, 63,
    25, 107,
    25, 111,
    26, 13,
    26, 15,
    26, 24,
    26, 61,
    26, 64,
    27, 61,
    28, 61,
    30, 61,
    31, 24,
    31, 61,
    33, 13,
    33, 15,
    33, 16,
    33, 61,
    33, 64,
    33, 109,
    60, 93,
    60, 98,
    61, 3,
    61, 5,
    61, 8,
    61, 11,
    61, 12,
    61, 14,
    61, 16,
    61, 18,
    61, 29,
    61, 30,
    61, 32,
    61, 33,
    61, 61,
    61, 63,
    61, 95,
    61, 98,
    61, 105,
    61, 107,
    61, 108,
    61, 109,
    61, 111,
    61, 112,
    61, 117,
    61, 118,
    61, 122,
    61, 150,
    61, 182,
    63, 7,
    63, 13,
    63, 15,
    63, 21,
    63, 33,
    63, 64,
    63, 105,
    64, 11,
    64, 17,
    64, 18,
    64, 20,
    64, 21,
    64, 22,
    64, 23,
    64, 25,
    64, 26,
    64, 33,
    64, 61,
    64, 63,
    64, 93,
    64, 105,
    64, 111,
    64, 117,
    92, 93,
    92, 98,
    93, 10,
    93, 62,
    93, 64,
    93, 94,
    95, 19,
    95, 20,
    95, 24,
    95, 61,
    95, 117,
    97, 61,
    98, 3,
    98, 8,
    98, 10,
    98, 18,
    98, 61,
    98, 62,
    98, 94,
    98, 109,
    105, 13,
    105, 15,
    105, 16,
    105, 61,
    105, 64,
    105, 109,
    109, 7,
    109, 21,
    109, 33,
    109, 98,
    109, 105,
    111, 7,
    111, 13,
    111, 15,
    111, 21,
    111, 33,
    111, 64,
    111, 105,
    112, 61,
    116, 12,
    116, 14,
    116, 16,
    116, 29,
    116, 64,
    116, 95,
    116, 108,
    116, 118,
    116, 182,
    117, 10,
    117, 62,
    117, 64,
    117, 94,
    118, 19,
    118, 20,
    118, 24,
    118, 61,
    118, 117,
    122, 18,
    122, 19,
    122, 20,
    122, 24,
    122, 25,
    122, 61,
    126, 61,
    150, 61,
    182, 19,
    182, 20,
    182, 24,
    182, 61,
    182, 117
};

/* Kerning between the respective left and right glyphs
 * 4.4 format which needs to scaled with `kern_scale`*/
static const int8_t kern_pair_values[] =
{
    -5, -14, -14, -10, -3, -5, -5, -10,
    -4, -5, -14, -14, -10, -3, 1, -1,
    -5, -22, -22, -7, -2, -11, -2, -5,
    -1, -4, -8, -2, -2, -1, -14, -14,
    -4, -14, -4, -2, -4, -3, -4, -1,
    -14, -7, -7, -8, -5, -1, -4, -8,
    -2, -2, -1, -14, -14, -4, -14, -4,
    -2, -4, -3, -4, -1, -14, -7, -7,
    -8, -6, -6, 0, -4, -4, -3, -2,
    -7, 1, 1, 1, 1, -2, -2, -4,
    -4, -2, -5, -2, -4, -5, -5, -4,
    -4, -1, -4, -7, 0, -4, -4, 0,
    -1, 0, -5, -5, -7, -9, -7, -20,
    -20, -2, -3, -9, -2, -2, 3, -2,
    -2, -5, -5, -15, -25, -8, -10, -2,
    -4, -4, -2, -5, -2, -4, -4, -3,
    -2, -7, -10, -10, -11, -12, -12, -7,
    -7, -6, -6, -6, -1, 1, -1, -13,
    -1, -13, -14, -5, -5, 3, -6, -2,
    -8, -10, -6, -8, -14, -5, -1, -6,
    -5, -5, -11, -14, -8, -8, -5, -5,
    -5, -5, -5, -22, -22, -7, -2, -11,
    -2, -11, -7, -17, -7, -9, -7, -7,
    -7, -7, -6, -13, -11, 5, -6, -11,
    -7, 1, -1, 1, 1, 1, 1, -5,
    -1, -4, -8, -2, -5, -3, -3, -2,
    -5, -9, -2, -2, -2, -7, -7, -6,
    -6, -6, -1, -5, -8, -1, -5, -1,
    -5, -22, -22, -7, -2, -11, -2, -11,
    -6, -6, -5, -6, -5, -6, -5, -6,
    -6, 1, 1, 1, 1, -5, -1, -4,
    -6, -2, -6, -8, -7, -8, -5, -10,
    -15, -6, -5, -1, -4, -8, -2
};

/*Collect the kern pair's data in one place*/
static const lv_font_fmt_txt_kern_pair_t kern_pairs =
{
    .glyph_ids = kern_pair_glyph_ids,
    .values = kern_pair_values,
    .pair_cnt = 263,
    .glyph_ids_size = 1
};

/*--------------------
 *  ALL CUSTOM DATA
 *--------------------*/

#if LVGL_VERSION_MAJOR == 8
/*Store all the custom data of the font*/
static  lv_font_fmt_txt_glyph_cache_t cache;
#endif

#if LVGL_VERSION_MAJOR >= 8
static const lv_font_fmt_txt_dsc_t font_dsc = {
#else
static lv_font_fmt_txt_dsc_t font_dsc = {
#endif
    .glyph_bitmap = glyph_bitmap,
    .glyph_dsc = glyph_dsc,
    .cmaps = cmaps,
    .kern_dsc = &kern_pairs,
    .kern_scale = 16,
    .cmap_num = 6,
    .bpp = 4,
    .kern_classes = 0,
    .bitmap_format = 0,
#if LVGL_VERSION_MAJOR == 8
    .cache = &cache
#endif
};



/*-----------------
 *  PUBLIC FONT
 *----------------*/

/*Initialize a public general font descriptor*/
#if LVGL_VERSION_MAJOR >= 8
const lv_font_t font_pl_10 = {
#else
lv_font_t font_pl_10 = {
#endif
    .get_glyph_dsc = lv_font_get_glyph_dsc_fmt_txt,    /*Function pointer to get glyph's data*/
    .get_glyph_bitmap = lv_font_get_bitmap_fmt_txt,    /*Function pointer to get glyph's bitmap*/
    .line_height = 16,          /*The maximum line height required by the font*/
    .base_line = 3,             /*Baseline measured from the bottom of the line*/
#if !(LVGL_VERSION_MAJOR == 6 && LVGL_VERSION_MINOR == 0)
    .subpx = LV_FONT_SUBPX_NONE,
#endif
#if LV_VERSION_CHECK(7, 4, 0) || LVGL_VERSION_MAJOR >= 8
    .underline_position = -2,
    .underline_thickness = 1,
#endif
    .dsc = &font_dsc,          /*The custom font data. Will be accessed by `get_glyph_bitmap/dsc` */
#if LV_VERSION_CHECK(8, 2, 0) || LVGL_VERSION_MAJOR >= 9
    .fallback = NULL,
#endif
    .user_data = NULL,
};



#endif /*#if FONT_PL_10*/

